0 verbose cli C:\Program Files\nodejs\node.exe C:\Program Files\nodejs\node_modules\npm\bin\npm-cli.js
1 info using npm@10.9.3
2 info using node@v22.19.0
3 silly config load:file:C:\Program Files\nodejs\node_modules\npm\npmrc
4 silly config load:file:C:\Users\Hp 1030 X360\Documents\Mercy-fx\mercy-dev-studio\.npmrc
5 silly config load:file:C:\Users\Hp 1030 X360\.npmrc
6 silly config load:file:C:\Users\Hp 1030 X360\AppData\Roaming\npm\etc\npmrc
7 verbose title npm install
8 verbose argv "install" "--cache" ".npm-cache"
9 verbose logfile logs-max:10 dir:C:\Users\Hp 1030 X360\Documents\Mercy-fx\mercy-dev-studio\.npm-cache\_logs\2026-06-18T13_29_22_962Z-
10 verbose logfile C:\Users\Hp 1030 X360\Documents\Mercy-fx\mercy-dev-studio\.npm-cache\_logs\2026-06-18T13_29_22_962Z-debug-0.log
11 silly logfile done cleaning log files
12 silly packumentCache heap:4345298944 maxSize:1086324736 maxEntrySize:543162368
13 silly idealTree buildDeps
14 silly fetch manifest next@^14.2.35
15 silly packumentCache full:https://registry.npmjs.org/next cache-miss
16 verbose shrinkwrap failed to load node_modules/.package-lock.json out of date, updated: node_modules
17 http cache https://registry.npmjs.org/next 366ms (cache hit)
18 silly packumentCache full:https://registry.npmjs.org/next set size:30822776 disposed:false
19 silly fetch manifest @opentelemetry/api@^1.1.0
20 silly packumentCache full:https://registry.npmjs.org/@opentelemetry%2fapi cache-miss
21 http cache https://registry.npmjs.org/@opentelemetry%2fapi 1111ms (cache hit)
22 silly packumentCache full:https://registry.npmjs.org/@opentelemetry%2fapi set size:272967 disposed:false
23 silly fetch manifest @playwright/test@^1.41.2
24 silly packumentCache full:https://registry.npmjs.org/@playwright%2ftest cache-miss
25 http cache https://registry.npmjs.org/@playwright%2ftest 362ms (cache hit)
26 silly packumentCache full:https://registry.npmjs.org/@playwright%2ftest set size:9236398 disposed:false
27 silly fetch manifest react@18.2.0
28 silly packumentCache full:https://registry.npmjs.org/react cache-miss
29 http cache https://registry.npmjs.org/react 523ms (cache hit)
30 silly packumentCache full:https://registry.npmjs.org/react set size:6715585 disposed:false
31 silly fetch manifest react-dom@18.2.0
32 silly packumentCache full:https://registry.npmjs.org/react-dom cache-miss
33 http cache https://registry.npmjs.org/react-dom 513ms (cache hit)
34 silly packumentCache full:https://registry.npmjs.org/react-dom set size:8974303 disposed:false
35 silly fetch manifest sass@^1.3.0
36 silly packumentCache full:https://registry.npmjs.org/sass cache-miss
37 http cache https://registry.npmjs.org/sass 431ms (cache hit)
38 silly packumentCache full:https://registry.npmjs.org/sass set size:730445 disposed:false
39 silly fetch manifest @types/react@^18.2.79
40 silly packumentCache full:https://registry.npmjs.org/@types%2freact cache-miss
41 http cache https://registry.npmjs.org/@types%2freact 148ms (cache hit)
42 silly packumentCache full:https://registry.npmjs.org/@types%2freact set size:2632776 disposed:false
43 silly fetch manifest @types/react-dom@^18.2.25
44 silly packumentCache full:https://registry.npmjs.org/@types%2freact-dom cache-miss
45 http cache https://registry.npmjs.org/@types%2freact-dom 16ms (cache hit)
46 silly packumentCache full:https://registry.npmjs.org/@types%2freact-dom set size:429026 disposed:false
47 silly fetch manifest eslint@^8.57.1
48 silly packumentCache full:https://registry.npmjs.org/eslint cache-miss
49 http cache https://registry.npmjs.org/eslint 30ms (cache hit)
50 silly packumentCache full:https://registry.npmjs.org/eslint set size:2011545 disposed:false
51 silly fetch manifest eslint-config-next@14.2.35
52 silly packumentCache full:https://registry.npmjs.org/eslint-config-next cache-miss
53 http cache https://registry.npmjs.org/eslint-config-next 52ms (cache hit)
54 silly packumentCache full:https://registry.npmjs.org/eslint-config-next set size:6798338 disposed:false
55 silly fetch manifest typescript@^5.9.3
56 silly packumentCache full:https://registry.npmjs.org/typescript cache-miss
57 http fetch GET 200 https://registry.npmjs.org/typescript 5562ms (cache miss)
58 silly packumentCache full:https://registry.npmjs.org/typescript set size:undefined disposed:false
59 silly placeDep ROOT @types/react@18.3.31 REPLACE for: mercy-dev-studio@0.1.0 want: ^18.2.79
60 silly placeDep ROOT @types/react-dom@18.3.7 REPLACE for: mercy-dev-studio@0.1.0 want: ^18.2.25
61 silly placeDep ROOT eslint@8.57.1 REPLACE for: mercy-dev-studio@0.1.0 want: ^8.57.1
62 silly placeDep ROOT eslint-config-next@14.2.35 REPLACE for: mercy-dev-studio@0.1.0 want: 14.2.35
63 silly placeDep ROOT next@14.2.35 REPLACE for: mercy-dev-studio@0.1.0 want: ^14.2.35
64 silly placeDep ROOT react@18.2.0 REPLACE for: next@14.2.35 want: ^18.2.0
65 warn ERESOLVE overriding peer dependency {
65 warn ERESOLVE   code: 'ERESOLVE',
65 warn ERESOLVE   edge: {
65 warn ERESOLVE     type: 'peer',
65 warn ERESOLVE     name: 'react',
65 warn ERESOLVE     spec: '^19.2.4',
65 warn ERESOLVE     from: {
65 warn ERESOLVE       name: 'react-dom',
65 warn ERESOLVE       version: '19.2.4',
65 warn ERESOLVE       location: 'node_modules/react-dom',
65 warn ERESOLVE       isWorkspace: false,
65 warn ERESOLVE       dependents: [Array]
65 warn ERESOLVE     }
65 warn ERESOLVE   },
65 warn ERESOLVE   dep: {
65 warn ERESOLVE     name: 'react',
65 warn ERESOLVE     version: '18.2.0',
65 warn ERESOLVE     whileInstalling: {
65 warn ERESOLVE       name: 'mercy-dev-studio',
65 warn ERESOLVE       version: '0.1.0',
65 warn ERESOLVE       path: 'C:\\Users\\Hp 1030 X360\\Documents\\Mercy-fx\\mercy-dev-studio'
65 warn ERESOLVE     },
65 warn ERESOLVE     location: 'node_modules/react',
65 warn ERESOLVE     isWorkspace: false,
65 warn ERESOLVE     dependents: [ [Object] ]
65 warn ERESOLVE   },
65 warn ERESOLVE   force: false,
65 warn ERESOLVE   isMine: true,
65 warn ERESOLVE   strictPeerDeps: false,
65 warn ERESOLVE   current: {
65 warn ERESOLVE     name: 'react',
65 warn ERESOLVE     version: '19.2.4',
65 warn ERESOLVE     location: 'node_modules/react',
65 warn ERESOLVE     isWorkspace: false,
65 warn ERESOLVE     dependents: [ [Object] ]
65 warn ERESOLVE   },
65 warn ERESOLVE   peerConflict: {
65 warn ERESOLVE     name: 'react',
65 warn ERESOLVE     version: '19.2.4',
65 warn ERESOLVE     location: 'node_modules/react',
65 warn ERESOLVE     isWorkspace: false,
65 warn ERESOLVE     dependents: [ [Object] ]
65 warn ERESOLVE   }
65 warn ERESOLVE }
66 silly placeDep ROOT react-dom@18.2.0 REPLACE for: next@14.2.35 want: ^18.2.0
67 silly fetch manifest @types/prop-types@*
68 silly packumentCache full:https://registry.npmjs.org/@types%2fprop-types cache-miss
69 silly fetch manifest ajv@^6.12.4
70 silly packumentCache full:https://registry.npmjs.org/ajv cache-miss
71 silly fetch manifest espree@^9.6.1
72 silly packumentCache full:https://registry.npmjs.org/espree cache-miss
73 silly fetch manifest ignore@^5.2.0
74 silly packumentCache full:https://registry.npmjs.org/ignore cache-miss
75 silly fetch manifest globals@^13.19.0
76 silly packumentCache full:https://registry.npmjs.org/globals cache-miss
77 silly fetch manifest js-yaml@^4.1.0
78 silly packumentCache full:https://registry.npmjs.org/js-yaml cache-miss
79 silly fetch manifest doctrine@^3.0.0
80 silly packumentCache full:https://registry.npmjs.org/doctrine cache-miss
81 http fetch GET 200 https://registry.npmjs.org/@types%2fprop-types 564ms (cache miss)
82 silly packumentCache full:https://registry.npmjs.org/@types%2fprop-types set size:undefined disposed:false
83 silly fetch manifest graphemer@^1.4.0
84 silly packumentCache full:https://registry.npmjs.org/graphemer cache-miss
85 http fetch GET 200 https://registry.npmjs.org/graphemer 239ms (cache miss)
86 silly packumentCache full:https://registry.npmjs.org/graphemer set size:undefined disposed:false
87 silly fetch manifest @eslint/js@8.57.1
88 silly packumentCache full:https://registry.npmjs.org/@eslint%2fjs cache-miss
89 http fetch GET 200 https://registry.npmjs.org/doctrine 962ms (cache miss)
90 silly packumentCache full:https://registry.npmjs.org/doctrine set size:undefined disposed:false
91 silly fetch manifest strip-ansi@^6.0.1
92 silly packumentCache full:https://registry.npmjs.org/strip-ansi cache-miss
93 http fetch GET 200 https://registry.npmjs.org/ignore 1040ms (cache miss)
94 silly packumentCache full:https://registry.npmjs.org/ignore set size:undefined disposed:false
95 silly fetch manifest text-table@^0.2.0
96 silly packumentCache full:https://registry.npmjs.org/text-table cache-miss
97 http fetch GET 200 https://registry.npmjs.org/globals 1089ms (cache miss)
98 silly packumentCache full:https://registry.npmjs.org/globals set size:undefined disposed:false
99 silly fetch manifest eslint-scope@^7.2.2
100 silly packumentCache full:https://registry.npmjs.org/eslint-scope cache-miss
101 http fetch GET 200 https://registry.npmjs.org/@eslint%2fjs 405ms (cache miss)
102 silly packumentCache full:https://registry.npmjs.org/@eslint%2fjs set size:undefined disposed:false
103 silly fetch manifest is-path-inside@^3.0.3
104 silly packumentCache full:https://registry.npmjs.org/is-path-inside cache-miss
105 http fetch GET 200 https://registry.npmjs.org/strip-ansi 282ms (cache miss)
106 silly packumentCache full:https://registry.npmjs.org/strip-ansi set size:undefined disposed:false
107 silly fetch manifest fast-deep-equal@^3.1.3
108 silly packumentCache full:https://registry.npmjs.org/fast-deep-equal cache-miss
109 http fetch GET 200 https://registry.npmjs.org/text-table 235ms (cache miss)
110 silly packumentCache full:https://registry.npmjs.org/text-table set size:undefined disposed:false
111 silly fetch manifest @eslint/eslintrc@^2.1.4
112 silly packumentCache full:https://registry.npmjs.org/@eslint%2feslintrc cache-miss
113 http fetch GET 200 https://registry.npmjs.org/eslint-scope 255ms (cache miss)
114 silly packumentCache full:https://registry.npmjs.org/eslint-scope set size:undefined disposed:false
115 silly fetch manifest file-entry-cache@^6.0.1
116 silly packumentCache full:https://registry.npmjs.org/file-entry-cache cache-miss
117 http fetch GET 200 https://registry.npmjs.org/is-path-inside 321ms (cache miss)
118 silly packumentCache full:https://registry.npmjs.org/is-path-inside set size:undefined disposed:false
119 silly fetch manifest eslint-visitor-keys@^3.4.3
120 silly packumentCache full:https://registry.npmjs.org/eslint-visitor-keys cache-miss
121 http fetch GET 200 https://registry.npmjs.org/espree 1624ms (cache miss)
122 silly packumentCache full:https://registry.npmjs.org/espree set size:undefined disposed:false
123 silly fetch manifest @ungap/structured-clone@^1.2.0
124 silly packumentCache full:https://registry.npmjs.org/@ungap%2fstructured-clone cache-miss
125 http fetch GET 200 https://registry.npmjs.org/fast-deep-equal 383ms (cache miss)
126 silly packumentCache full:https://registry.npmjs.org/fast-deep-equal set size:undefined disposed:false
127 silly fetch manifest @humanwhocodes/config-array@^0.13.0
128 silly packumentCache full:https://registry.npmjs.org/@humanwhocodes%2fconfig-array cache-miss
129 http fetch GET 200 https://registry.npmjs.org/@eslint%2feslintrc 368ms (cache miss)
130 silly packumentCache full:https://registry.npmjs.org/@eslint%2feslintrc set size:undefined disposed:false
131 silly fetch manifest @rushstack/eslint-patch@^1.3.3
132 silly packumentCache full:https://registry.npmjs.org/@rushstack%2feslint-patch cache-miss
133 http fetch GET 200 https://registry.npmjs.org/file-entry-cache 315ms (cache miss)
134 silly packumentCache full:https://registry.npmjs.org/file-entry-cache set size:undefined disposed:false
135 silly fetch manifest @next/eslint-plugin-next@14.2.35
136 silly packumentCache full:https://registry.npmjs.org/@next%2feslint-plugin-next cache-miss
137 http fetch GET 200 https://registry.npmjs.org/@ungap%2fstructured-clone 272ms (cache miss)
138 silly packumentCache full:https://registry.npmjs.org/@ungap%2fstructured-clone set size:undefined disposed:false
139 silly fetch manifest @typescript-eslint/parser@^5.4.2 || ^6.0.0 || ^7.0.0 || ^8.0.0
140 silly packumentCache full:https://registry.npmjs.org/@typescript-eslint%2fparser cache-miss
141 http fetch GET 200 https://registry.npmjs.org/@rushstack%2feslint-patch 264ms (cache miss)
142 silly packumentCache full:https://registry.npmjs.org/@rushstack%2feslint-patch set size:undefined disposed:false
143 silly fetch manifest eslint-plugin-react-hooks@^4.5.0 || 5.0.0-canary-7118f5dd7-20230705
144 silly packumentCache full:https://registry.npmjs.org/eslint-plugin-react-hooks cache-miss
145 http fetch GET 200 https://registry.npmjs.org/eslint-visitor-keys 418ms (cache miss)
146 silly packumentCache full:https://registry.npmjs.org/eslint-visitor-keys set size:undefined disposed:false
147 silly fetch manifest @typescript-eslint/eslint-plugin@^5.4.2 || ^6.0.0 || ^7.0.0 || ^8.0.0
148 silly packumentCache full:https://registry.npmjs.org/@typescript-eslint%2feslint-plugin cache-miss
149 http fetch GET 200 https://registry.npmjs.org/@humanwhocodes%2fconfig-array 450ms (cache miss)
150 silly packumentCache full:https://registry.npmjs.org/@humanwhocodes%2fconfig-array set size:undefined disposed:false
151 silly fetch manifest @next/env@14.2.35
152 silly packumentCache full:https://registry.npmjs.org/@next%2fenv cache-miss
153 http fetch GET 200 https://registry.npmjs.org/js-yaml 2641ms (cache miss)
154 silly packumentCache full:https://registry.npmjs.org/js-yaml set size:undefined disposed:false
155 silly fetch manifest styled-jsx@5.1.1
156 silly packumentCache full:https://registry.npmjs.org/styled-jsx cache-miss
157 http fetch GET 200 https://registry.npmjs.org/ajv 2700ms (cache miss)
158 silly packumentCache full:https://registry.npmjs.org/ajv set size:undefined disposed:false
159 silly fetch manifest @swc/helpers@0.5.5
160 silly packumentCache full:https://registry.npmjs.org/@swc%2fhelpers cache-miss
161 http fetch GET 200 https://registry.npmjs.org/@next%2feslint-plugin-next 1497ms (cache miss)
162 silly packumentCache full:https://registry.npmjs.org/@next%2feslint-plugin-next set size:undefined disposed:false
163 silly fetch manifest @next/swc-darwin-x64@14.2.33
164 silly packumentCache full:https://registry.npmjs.org/@next%2fswc-darwin-x64 cache-miss
165 http fetch GET 200 https://registry.npmjs.org/@swc%2fhelpers 1314ms (cache miss)
166 silly packumentCache full:https://registry.npmjs.org/@swc%2fhelpers set size:undefined disposed:false
167 silly fetch manifest @next/swc-darwin-arm64@14.2.33
168 silly packumentCache full:https://registry.npmjs.org/@next%2fswc-darwin-arm64 cache-miss
169 http fetch GET 200 https://registry.npmjs.org/@next%2fswc-darwin-x64 1338ms (cache miss)
170 silly packumentCache full:https://registry.npmjs.org/@next%2fswc-darwin-x64 set size:undefined disposed:false
171 silly fetch manifest @next/swc-linux-x64-gnu@14.2.33
172 silly packumentCache full:https://registry.npmjs.org/@next%2fswc-linux-x64-gnu cache-miss
173 http fetch GET 200 https://registry.npmjs.org/styled-jsx 2375ms (cache miss)
174 silly packumentCache full:https://registry.npmjs.org/styled-jsx set size:undefined disposed:false
175 silly fetch manifest @next/swc-linux-x64-musl@14.2.33
176 silly packumentCache full:https://registry.npmjs.org/@next%2fswc-linux-x64-musl cache-miss
177 http fetch GET 200 https://registry.npmjs.org/eslint-plugin-react-hooks 4126ms (cache miss)
178 silly packumentCache full:https://registry.npmjs.org/eslint-plugin-react-hooks set size:undefined disposed:false
179 silly fetch manifest @next/swc-win32-x64-msvc@14.2.33
180 silly packumentCache full:https://registry.npmjs.org/@next%2fswc-win32-x64-msvc cache-miss
181 http fetch GET 200 https://registry.npmjs.org/@typescript-eslint%2fparser 4739ms (cache miss)
182 silly packumentCache full:https://registry.npmjs.org/@typescript-eslint%2fparser set size:undefined disposed:false
183 silly fetch manifest @next/swc-linux-arm64-gnu@14.2.33
184 silly packumentCache full:https://registry.npmjs.org/@next%2fswc-linux-arm64-gnu cache-miss
185 http fetch GET 200 https://registry.npmjs.org/@next%2fswc-linux-x64-gnu 2814ms (cache miss)
186 silly packumentCache full:https://registry.npmjs.org/@next%2fswc-linux-x64-gnu set size:undefined disposed:false
187 silly fetch manifest @next/swc-win32-ia32-msvc@14.2.33
188 silly packumentCache full:https://registry.npmjs.org/@next%2fswc-win32-ia32-msvc cache-miss
189 http fetch GET 200 https://registry.npmjs.org/@next%2fswc-linux-x64-musl 2934ms (cache miss)
190 silly packumentCache full:https://registry.npmjs.org/@next%2fswc-linux-x64-musl set size:undefined disposed:false
191 silly fetch manifest @next/swc-linux-arm64-musl@14.2.33
192 silly packumentCache full:https://registry.npmjs.org/@next%2fswc-linux-arm64-musl cache-miss
193 http fetch GET 200 https://registry.npmjs.org/@typescript-eslint%2feslint-plugin 6374ms (cache miss)
194 silly packumentCache full:https://registry.npmjs.org/@typescript-eslint%2feslint-plugin set size:undefined disposed:false
195 silly fetch manifest @next/swc-win32-arm64-msvc@14.2.33
196 silly packumentCache full:https://registry.npmjs.org/@next%2fswc-win32-arm64-msvc cache-miss
197 http fetch GET 200 https://registry.npmjs.org/@next%2fswc-darwin-arm64 5405ms (cache miss)
198 silly packumentCache full:https://registry.npmjs.org/@next%2fswc-darwin-arm64 set size:undefined disposed:false
199 silly fetch manifest scheduler@^0.23.0
200 silly packumentCache full:https://registry.npmjs.org/scheduler cache-miss
201 http fetch GET 200 https://registry.npmjs.org/@next%2fswc-win32-ia32-msvc 2196ms (cache miss)
202 silly packumentCache full:https://registry.npmjs.org/@next%2fswc-win32-ia32-msvc set size:undefined disposed:false
203 http fetch GET 200 https://registry.npmjs.org/@next%2fenv 8108ms (cache miss)
204 silly packumentCache full:https://registry.npmjs.org/@next%2fenv set size:undefined disposed:false
205 http fetch GET 200 https://registry.npmjs.org/@next%2fswc-win32-x64-msvc 4355ms (cache miss)
206 silly packumentCache full:https://registry.npmjs.org/@next%2fswc-win32-x64-msvc set size:undefined disposed:false
207 http fetch GET 200 https://registry.npmjs.org/@next%2fswc-linux-arm64-musl 3267ms (cache miss)
208 silly packumentCache full:https://registry.npmjs.org/@next%2fswc-linux-arm64-musl set size:undefined disposed:false
209 http fetch GET 200 https://registry.npmjs.org/@next%2fswc-win32-arm64-msvc 3765ms (cache miss)
210 silly packumentCache full:https://registry.npmjs.org/@next%2fswc-win32-arm64-msvc set size:undefined disposed:false
211 http fetch GET 200 https://registry.npmjs.org/scheduler 3987ms (cache miss)
212 silly packumentCache full:https://registry.npmjs.org/scheduler set size:undefined disposed:false
213 http fetch GET 200 https://registry.npmjs.org/@next%2fswc-linux-arm64-gnu 8466ms (cache miss)
214 silly packumentCache full:https://registry.npmjs.org/@next%2fswc-linux-arm64-gnu set size:undefined disposed:false
215 silly placeDep ROOT @types/prop-types@15.7.15 OK for: @types/react@18.3.31 want: *
216 silly placeDep ROOT @eslint/eslintrc@2.1.4 OK for: eslint@8.57.1 want: ^2.1.4
217 silly placeDep ROOT @eslint/js@8.57.1 OK for: eslint@8.57.1 want: 8.57.1
218 silly placeDep ROOT @humanwhocodes/config-array@0.13.0 OK for: eslint@8.57.1 want: ^0.13.0
219 silly placeDep ROOT @ungap/structured-clone@1.3.1 OK for: eslint@8.57.1 want: ^1.2.0
220 silly placeDep ROOT ajv@6.15.0 OK for: eslint@8.57.1 want: ^6.12.4
221 silly placeDep node_modules/eslint doctrine@3.0.0 OK for: eslint@8.57.1 want: ^3.0.0
222 silly placeDep ROOT eslint-scope@7.2.2 OK for: eslint@8.57.1 want: ^7.2.2
223 silly placeDep ROOT eslint-visitor-keys@3.4.3 OK for: eslint@8.57.1 want: ^3.4.3
224 silly placeDep ROOT espree@9.6.1 OK for: eslint@8.57.1 want: ^9.6.1
225 silly placeDep ROOT fast-deep-equal@3.1.3 OK for: eslint@8.57.1 want: ^3.1.3
226 silly placeDep ROOT file-entry-cache@6.0.1 OK for: eslint@8.57.1 want: ^6.0.1
227 silly placeDep ROOT globals@13.24.0 OK for: eslint@8.57.1 want: ^13.19.0
228 silly placeDep ROOT graphemer@1.4.0 OK for: eslint@8.57.1 want: ^1.4.0
229 silly placeDep ROOT ignore@5.3.2 OK for: eslint@8.57.1 want: ^5.2.0
230 silly placeDep ROOT is-path-inside@3.0.3 OK for: eslint@8.57.1 want: ^3.0.3
231 silly placeDep ROOT js-yaml@4.2.0 OK for: eslint@8.57.1 want: ^4.1.0
232 silly placeDep ROOT strip-ansi@6.0.1 OK for: eslint@8.57.1 want: ^6.0.1
233 silly placeDep ROOT text-table@0.2.0 OK for: eslint@8.57.1 want: ^0.2.0
234 silly fetch manifest espree@^9.6.0
235 silly packumentCache full:https://registry.npmjs.org/espree cache-miss
236 silly fetch manifest import-fresh@^3.2.1
237 silly packumentCache full:https://registry.npmjs.org/import-fresh cache-miss
238 silly fetch manifest strip-json-comments@^3.1.1
239 silly packumentCache full:https://registry.npmjs.org/strip-json-comments cache-miss
240 silly fetch manifest @humanwhocodes/object-schema@^2.0.3
241 silly packumentCache full:https://registry.npmjs.org/@humanwhocodes%2fobject-schema cache-miss
242 silly fetch manifest uri-js@^4.2.2
243 silly packumentCache full:https://registry.npmjs.org/uri-js cache-miss
244 silly fetch manifest fast-deep-equal@^3.1.1
245 silly packumentCache full:https://registry.npmjs.org/fast-deep-equal cache-miss
246 silly fetch manifest json-schema-traverse@^0.4.1
247 silly packumentCache full:https://registry.npmjs.org/json-schema-traverse cache-miss
248 http cache https://registry.npmjs.org/fast-deep-equal 334ms (cache hit)
249 silly packumentCache full:https://registry.npmjs.org/fast-deep-equal set size:48634 disposed:false
250 silly fetch manifest fast-json-stable-stringify@^2.0.0
251 silly packumentCache full:https://registry.npmjs.org/fast-json-stable-stringify cache-miss
252 http cache https://registry.npmjs.org/espree 372ms (cache hit)
253 silly packumentCache full:https://registry.npmjs.org/espree set size:326080 disposed:false
254 silly fetch manifest esrecurse@^4.3.0
255 silly packumentCache full:https://registry.npmjs.org/esrecurse cache-miss
256 http fetch GET 200 https://registry.npmjs.org/import-fresh 513ms (cache miss)
257 silly packumentCache full:https://registry.npmjs.org/import-fresh set size:undefined disposed:false
258 silly fetch manifest acorn@^8.9.0
259 silly packumentCache full:https://registry.npmjs.org/acorn cache-miss
260 http fetch GET 200 https://registry.npmjs.org/strip-json-comments 529ms (cache miss)
261 silly packumentCache full:https://registry.npmjs.org/strip-json-comments set size:undefined disposed:false
262 silly fetch manifest acorn-jsx@^5.3.2
263 silly packumentCache full:https://registry.npmjs.org/acorn-jsx cache-miss
264 http fetch GET 200 https://registry.npmjs.org/json-schema-traverse 524ms (cache miss)
265 silly packumentCache full:https://registry.npmjs.org/json-schema-traverse set size:undefined disposed:false
266 silly fetch manifest flat-cache@^3.0.4
267 silly packumentCache full:https://registry.npmjs.org/flat-cache cache-miss
268 http fetch GET 200 https://registry.npmjs.org/@humanwhocodes%2fobject-schema 533ms (cache miss)
269 silly packumentCache full:https://registry.npmjs.org/@humanwhocodes%2fobject-schema set size:undefined disposed:false
270 silly fetch manifest type-fest@^0.20.2
271 silly packumentCache full:https://registry.npmjs.org/type-fest cache-miss
272 http fetch GET 200 https://registry.npmjs.org/uri-js 577ms (cache miss)
273 silly packumentCache full:https://registry.npmjs.org/uri-js set size:undefined disposed:false
274 silly fetch manifest argparse@^2.0.1
275 silly packumentCache full:https://registry.npmjs.org/argparse cache-miss
276 http fetch GET 200 https://registry.npmjs.org/esrecurse 505ms (cache miss)
277 silly packumentCache full:https://registry.npmjs.org/esrecurse set size:undefined disposed:false
278 silly fetch manifest ansi-regex@^5.0.1
279 silly packumentCache full:https://registry.npmjs.org/ansi-regex cache-miss
280 http fetch GET 200 https://registry.npmjs.org/acorn-jsx 361ms (cache miss)
281 silly packumentCache full:https://registry.npmjs.org/acorn-jsx set size:undefined disposed:false
282 http fetch GET 200 https://registry.npmjs.org/acorn 387ms (cache miss)
283 silly packumentCache full:https://registry.npmjs.org/acorn set size:undefined disposed:false
284 http fetch GET 200 https://registry.npmjs.org/flat-cache 530ms (cache miss)
285 silly packumentCache full:https://registry.npmjs.org/flat-cache set size:undefined disposed:false
286 http fetch GET 200 https://registry.npmjs.org/fast-json-stable-stringify 847ms (cache miss)
287 silly packumentCache full:https://registry.npmjs.org/fast-json-stable-stringify set size:undefined disposed:false
288 http fetch GET 200 https://registry.npmjs.org/ansi-regex 462ms (cache miss)
289 silly packumentCache full:https://registry.npmjs.org/ansi-regex set size:undefined disposed:false
290 http fetch GET 200 https://registry.npmjs.org/type-fest 1162ms (cache miss)
291 silly packumentCache full:https://registry.npmjs.org/type-fest set size:undefined disposed:false
292 http fetch GET 200 https://registry.npmjs.org/argparse 2144ms (cache miss)
293 silly packumentCache full:https://registry.npmjs.org/argparse set size:undefined disposed:false
294 silly placeDep ROOT import-fresh@3.3.1 OK for: @eslint/eslintrc@2.1.4 want: ^3.2.1
295 silly placeDep ROOT strip-json-comments@3.1.1 OK for: @eslint/eslintrc@2.1.4 want: ^3.1.1
296 silly fetch manifest resolve-from@^4.0.0
297 silly packumentCache full:https://registry.npmjs.org/resolve-from cache-miss
298 silly fetch manifest parent-module@^1.0.0
299 silly packumentCache full:https://registry.npmjs.org/parent-module cache-miss
300 http fetch GET 200 https://registry.npmjs.org/parent-module 330ms (cache miss)
301 silly packumentCache full:https://registry.npmjs.org/parent-module set size:undefined disposed:false
302 http fetch GET 200 https://registry.npmjs.org/resolve-from 490ms (cache miss)
303 silly packumentCache full:https://registry.npmjs.org/resolve-from set size:undefined disposed:false
304 silly placeDep ROOT @humanwhocodes/object-schema@2.0.3 OK for: @humanwhocodes/config-array@0.13.0 want: ^2.0.3
305 silly placeDep ROOT fast-json-stable-stringify@2.1.0 OK for: ajv@6.15.0 want: ^2.0.0
306 silly placeDep ROOT json-schema-traverse@0.4.1 OK for: ajv@6.15.0 want: ^0.4.1
307 silly placeDep ROOT uri-js@4.4.1 OK for: ajv@6.15.0 want: ^4.2.2
308 silly fetch manifest punycode@^2.1.0
309 silly packumentCache full:https://registry.npmjs.org/punycode cache-miss
310 http fetch GET 200 https://registry.npmjs.org/punycode 301ms (cache miss)
311 silly packumentCache full:https://registry.npmjs.org/punycode set size:undefined disposed:false
312 silly fetch manifest eslint@^7.23.0 || ^8.0.0
313 silly packumentCache full:https://registry.npmjs.org/eslint cache-miss
314 http cache https://registry.npmjs.org/eslint 25ms (cache hit)
315 silly packumentCache full:https://registry.npmjs.org/eslint set size:2011545 disposed:false
316 silly fetch manifest typescript@>=3.3.1
317 silly packumentCache full:https://registry.npmjs.org/typescript cache-miss
318 http cache https://registry.npmjs.org/typescript 913ms (cache hit)
319 silly packumentCache full:https://registry.npmjs.org/typescript set size:15410026 disposed:false
320 silly placeDep ROOT @next/eslint-plugin-next@14.2.35 OK for: eslint-config-next@14.2.35 want: 14.2.35
321 silly placeDep ROOT @rushstack/eslint-patch@1.16.1 OK for: eslint-config-next@14.2.35 want: ^1.3.3
322 silly placeDep ROOT @typescript-eslint/eslint-plugin@8.61.1 OK for: eslint-config-next@14.2.35 want: ^5.4.2 || ^6.0.0 || ^7.0.0 || ^8.0.0
323 silly placeDep ROOT @typescript-eslint/parser@8.61.1 OK for: @typescript-eslint/eslint-plugin@8.61.1 want: ^8.61.1
324 silly placeDep ROOT eslint-plugin-react-hooks@5.0.0-canary-7118f5dd7-20230705 OK for: eslint-config-next@14.2.35 want: ^4.5.0 || 5.0.0-canary-7118f5dd7-20230705
325 silly fetch manifest glob@10.3.10
326 silly packumentCache full:https://registry.npmjs.org/glob cache-miss
327 silly fetch manifest ignore@^7.0.5
328 silly packumentCache full:https://registry.npmjs.org/ignore cache-miss
329 silly fetch manifest ts-api-utils@^2.5.0
330 silly packumentCache full:https://registry.npmjs.org/ts-api-utils cache-miss
331 silly fetch manifest @typescript-eslint/utils@8.61.1
332 silly packumentCache full:https://registry.npmjs.org/@typescript-eslint%2futils cache-miss
333 silly fetch manifest @typescript-eslint/type-utils@8.61.1
334 silly packumentCache full:https://registry.npmjs.org/@typescript-eslint%2ftype-utils cache-miss
335 silly fetch manifest @typescript-eslint/visitor-keys@8.61.1
336 silly packumentCache full:https://registry.npmjs.org/@typescript-eslint%2fvisitor-keys cache-miss
337 silly fetch manifest @typescript-eslint/scope-manager@8.61.1
338 silly packumentCache full:https://registry.npmjs.org/@typescript-eslint%2fscope-manager cache-miss
339 http cache https://registry.npmjs.org/ignore 266ms (cache hit)
340 silly packumentCache full:https://registry.npmjs.org/ignore set size:237380 disposed:false
341 silly fetch manifest @typescript-eslint/types@8.61.1
342 silly packumentCache full:https://registry.npmjs.org/@typescript-eslint%2ftypes cache-miss
343 http fetch GET 200 https://registry.npmjs.org/ts-api-utils 386ms (cache miss)
344 silly packumentCache full:https://registry.npmjs.org/ts-api-utils set size:undefined disposed:false
345 silly fetch manifest @typescript-eslint/visitor-keys@8.61.1
346 silly packumentCache full:https://registry.npmjs.org/@typescript-eslint%2fvisitor-keys cache-miss
347 http fetch GET 200 https://registry.npmjs.org/glob 2370ms (cache miss)
348 silly packumentCache full:https://registry.npmjs.org/glob set size:undefined disposed:false
349 silly fetch manifest @typescript-eslint/scope-manager@8.61.1
350 silly packumentCache full:https://registry.npmjs.org/@typescript-eslint%2fscope-manager cache-miss
351 http fetch GET 200 https://registry.npmjs.org/@typescript-eslint%2fvisitor-keys 4720ms (cache miss)
352 silly packumentCache full:https://registry.npmjs.org/@typescript-eslint%2fvisitor-keys set size:undefined disposed:false
353 silly fetch manifest @typescript-eslint/typescript-estree@8.61.1
354 silly packumentCache full:https://registry.npmjs.org/@typescript-eslint%2ftypescript-estree cache-miss
355 http fetch GET 200 https://registry.npmjs.org/@typescript-eslint%2fvisitor-keys 5419ms (cache miss)
356 silly packumentCache full:https://registry.npmjs.org/@typescript-eslint%2fvisitor-keys set size:undefined disposed:false
357 http fetch GET 200 https://registry.npmjs.org/@typescript-eslint%2ftypes 6045ms (cache miss)
358 silly packumentCache full:https://registry.npmjs.org/@typescript-eslint%2ftypes set size:undefined disposed:false
359 http fetch GET 200 https://registry.npmjs.org/@typescript-eslint%2fscope-manager 9682ms (cache miss)
360 silly packumentCache full:https://registry.npmjs.org/@typescript-eslint%2fscope-manager set size:undefined disposed:false
361 http fetch GET 200 https://registry.npmjs.org/@typescript-eslint%2futils 12516ms (cache miss)
362 silly packumentCache full:https://registry.npmjs.org/@typescript-eslint%2futils set size:undefined disposed:false
363 http fetch GET 200 https://registry.npmjs.org/@typescript-eslint%2ftypescript-estree 9760ms (cache miss)
364 silly packumentCache full:https://registry.npmjs.org/@typescript-eslint%2ftypescript-estree set size:undefined disposed:false
365 http fetch GET 200 https://registry.npmjs.org/@typescript-eslint%2fscope-manager 19310ms (cache miss)
366 silly packumentCache full:https://registry.npmjs.org/@typescript-eslint%2fscope-manager set size:undefined disposed:false
367 http fetch GET 200 https://registry.npmjs.org/@typescript-eslint%2ftype-utils 21713ms (cache miss)
368 silly packumentCache full:https://registry.npmjs.org/@typescript-eslint%2ftype-utils set size:undefined disposed:false
369 silly placeDep ROOT glob@10.3.10 OK for: @next/eslint-plugin-next@14.2.35 want: 10.3.10
370 silly fetch manifest minipass@^5.0.0 || ^6.0.2 || ^7.0.0
371 silly packumentCache full:https://registry.npmjs.org/minipass cache-miss
372 silly fetch manifest jackspeak@^2.3.5
373 silly packumentCache full:https://registry.npmjs.org/jackspeak cache-miss
374 silly fetch manifest minimatch@^9.0.1
375 silly packumentCache full:https://registry.npmjs.org/minimatch cache-miss
376 silly fetch manifest path-scurry@^1.10.1
377 silly packumentCache full:https://registry.npmjs.org/path-scurry cache-miss
378 silly fetch manifest foreground-child@^3.1.0
379 silly packumentCache full:https://registry.npmjs.org/foreground-child cache-miss
380 http fetch GET 200 https://registry.npmjs.org/jackspeak 350ms (cache miss)
381 silly packumentCache full:https://registry.npmjs.org/jackspeak set size:undefined disposed:false
382 http fetch GET 200 https://registry.npmjs.org/minipass 367ms (cache miss)
383 silly packumentCache full:https://registry.npmjs.org/minipass set size:undefined disposed:false
384 http fetch GET 200 https://registry.npmjs.org/foreground-child 437ms (cache miss)
385 silly packumentCache full:https://registry.npmjs.org/foreground-child set size:undefined disposed:false
386 http fetch GET 200 https://registry.npmjs.org/minimatch 455ms (cache miss)
387 silly packumentCache full:https://registry.npmjs.org/minimatch set size:undefined disposed:false
388 http fetch GET 200 https://registry.npmjs.org/path-scurry 646ms (cache miss)
389 silly packumentCache full:https://registry.npmjs.org/path-scurry set size:undefined disposed:false
390 silly fetch manifest typescript@>=4.8.4 <6.1.0
391 silly packumentCache full:https://registry.npmjs.org/typescript cache-miss
392 http cache https://registry.npmjs.org/typescript 171ms (cache hit)
393 silly packumentCache full:https://registry.npmjs.org/typescript set size:15410026 disposed:false
394 silly fetch manifest eslint@^8.57.0 || ^9.0.0 || ^10.0.0
395 silly packumentCache full:https://registry.npmjs.org/eslint cache-miss
396 http cache https://registry.npmjs.org/eslint 61ms (cache hit)
397 silly packumentCache full:https://registry.npmjs.org/eslint set size:2011545 disposed:false
398 silly fetch manifest jiti@*
399 silly packumentCache full:https://registry.npmjs.org/jiti cache-miss
400 http cache https://registry.npmjs.org/jiti 218ms (cache hit)
401 silly packumentCache full:https://registry.npmjs.org/jiti set size:387989 disposed:false
402 silly placeDep ROOT @typescript-eslint/scope-manager@8.61.1 OK for: @typescript-eslint/eslint-plugin@8.61.1 want: 8.61.1
403 silly placeDep ROOT @typescript-eslint/type-utils@8.61.1 OK for: @typescript-eslint/eslint-plugin@8.61.1 want: 8.61.1
404 silly placeDep ROOT @typescript-eslint/utils@8.61.1 OK for: @typescript-eslint/eslint-plugin@8.61.1 want: 8.61.1
405 silly placeDep ROOT @typescript-eslint/visitor-keys@8.61.1 OK for: @typescript-eslint/eslint-plugin@8.61.1 want: 8.61.1
406 silly placeDep node_modules/@typescript-eslint/eslint-plugin ignore@7.0.5 OK for: @typescript-eslint/eslint-plugin@8.61.1 want: ^7.0.5
407 silly placeDep ROOT ts-api-utils@2.5.0 OK for: @typescript-eslint/eslint-plugin@8.61.1 want: ^2.5.0
408 silly fetch manifest eslint-visitor-keys@^5.0.0
409 silly packumentCache full:https://registry.npmjs.org/eslint-visitor-keys cache-miss
410 http cache https://registry.npmjs.org/eslint-visitor-keys 394ms (cache hit)
411 silly packumentCache full:https://registry.npmjs.org/eslint-visitor-keys set size:69949 disposed:false
412 silly placeDep ROOT @typescript-eslint/types@8.61.1 OK for: @typescript-eslint/parser@8.61.1 want: 8.61.1
413 silly placeDep ROOT @typescript-eslint/typescript-estree@8.61.1 OK for: @typescript-eslint/parser@8.61.1 want: 8.61.1
414 silly fetch manifest semver@^7.7.3
415 silly packumentCache full:https://registry.npmjs.org/semver cache-miss
416 silly fetch manifest minimatch@^10.2.2
417 silly packumentCache full:https://registry.npmjs.org/minimatch cache-miss
418 silly fetch manifest @typescript-eslint/tsconfig-utils@8.61.1
419 silly packumentCache full:https://registry.npmjs.org/@typescript-eslint%2ftsconfig-utils cache-miss
420 silly fetch manifest @typescript-eslint/project-service@8.61.1
421 silly packumentCache full:https://registry.npmjs.org/@typescript-eslint%2fproject-service cache-miss
422 http cache https://registry.npmjs.org/minimatch 317ms (cache hit)
423 silly packumentCache full:https://registry.npmjs.org/minimatch set size:375282 disposed:false
424 http fetch GET 200 https://registry.npmjs.org/@typescript-eslint%2fproject-service 788ms (cache miss)
425 silly packumentCache full:https://registry.npmjs.org/@typescript-eslint%2fproject-service set size:undefined disposed:false
426 http fetch GET 200 https://registry.npmjs.org/@typescript-eslint%2ftsconfig-utils 1510ms (cache miss)
427 silly packumentCache full:https://registry.npmjs.org/@typescript-eslint%2ftsconfig-utils set size:undefined disposed:false
428 http fetch GET 200 https://registry.npmjs.org/semver 4585ms (cache miss)
429 silly packumentCache full:https://registry.npmjs.org/semver set size:undefined disposed:false
430 silly placeDep ROOT @typescript-eslint/project-service@8.61.1 OK for: @typescript-eslint/typescript-estree@8.61.1 want: 8.61.1
431 silly placeDep ROOT @typescript-eslint/tsconfig-utils@8.61.1 OK for: @typescript-eslint/typescript-estree@8.61.1 want: 8.61.1
432 silly placeDep node_modules/@typescript-eslint/typescript-estree minimatch@10.2.5 OK for: @typescript-eslint/typescript-estree@8.61.1 want: ^10.2.2
433 silly placeDep node_modules/@typescript-eslint/typescript-estree semver@7.8.4 OK for: @typescript-eslint/typescript-estree@8.61.1 want: ^7.7.3
434 silly fetch manifest @typescript-eslint/tsconfig-utils@^8.61.1
435 silly packumentCache full:https://registry.npmjs.org/@typescript-eslint%2ftsconfig-utils cache-miss
436 silly fetch manifest brace-expansion@^5.0.5
437 silly packumentCache full:https://registry.npmjs.org/brace-expansion cache-miss
438 http cache https://registry.npmjs.org/@typescript-eslint%2ftsconfig-utils 26ms (cache hit)
439 silly packumentCache full:https://registry.npmjs.org/@typescript-eslint%2ftsconfig-utils set size:1363905 disposed:false
440 http fetch GET 200 https://registry.npmjs.org/brace-expansion 3462ms (cache miss)
441 silly packumentCache full:https://registry.npmjs.org/brace-expansion set size:undefined disposed:false
442 silly placeDep node_modules/@typescript-eslint/visitor-keys eslint-visitor-keys@5.0.1 OK for: @typescript-eslint/visitor-keys@8.61.1 want: ^5.0.0
443 silly placeDep ROOT esrecurse@4.3.0 OK for: eslint-scope@7.2.2 want: ^4.3.0
444 silly placeDep ROOT acorn@8.17.0 OK for: espree@9.6.1 want: ^8.9.0
445 silly placeDep ROOT acorn-jsx@5.3.2 OK for: espree@9.6.1 want: ^5.3.2
446 silly placeDep ROOT flat-cache@3.2.0 OK for: file-entry-cache@6.0.1 want: ^3.0.4
447 silly fetch manifest keyv@^4.5.3
448 silly packumentCache full:https://registry.npmjs.org/keyv cache-miss
449 silly fetch manifest rimraf@^3.0.2
450 silly packumentCache full:https://registry.npmjs.org/rimraf cache-miss
451 silly fetch manifest flatted@^3.2.9
452 silly packumentCache full:https://registry.npmjs.org/flatted cache-miss
453 http fetch GET 200 https://registry.npmjs.org/rimraf 298ms (cache miss)
454 silly packumentCache full:https://registry.npmjs.org/rimraf set size:undefined disposed:false
455 http fetch GET 200 https://registry.npmjs.org/keyv 608ms (cache miss)
456 silly packumentCache full:https://registry.npmjs.org/keyv set size:undefined disposed:false
457 http fetch GET 200 https://registry.npmjs.org/flatted 744ms (cache miss)
458 silly packumentCache full:https://registry.npmjs.org/flatted set size:undefined disposed:false
459 silly placeDep ROOT flatted@3.4.2 OK for: flat-cache@3.2.0 want: ^3.2.9
460 silly placeDep ROOT keyv@4.5.4 OK for: flat-cache@3.2.0 want: ^4.5.3
461 silly placeDep ROOT rimraf@3.0.2 OK for: flat-cache@3.2.0 want: ^3.0.2
462 silly fetch manifest json-buffer@3.0.1
463 silly packumentCache full:https://registry.npmjs.org/json-buffer cache-miss
464 silly fetch manifest glob@^7.1.3
465 silly packumentCache full:https://registry.npmjs.org/glob cache-miss
466 http cache https://registry.npmjs.org/glob 38ms (cache hit)
467 silly packumentCache full:https://registry.npmjs.org/glob set size:469465 disposed:false
468 http fetch GET 200 https://registry.npmjs.org/json-buffer 1334ms (cache miss)
469 silly packumentCache full:https://registry.npmjs.org/json-buffer set size:undefined disposed:false
470 silly placeDep ROOT foreground-child@3.3.1 OK for: glob@10.3.10 want: ^3.1.0
471 silly placeDep ROOT jackspeak@2.3.6 OK for: glob@10.3.10 want: ^2.3.5
472 silly placeDep node_modules/glob minimatch@9.0.9 OK for: glob@10.3.10 want: ^9.0.1
473 silly placeDep ROOT minipass@7.1.3 OK for: glob@10.3.10 want: ^5.0.0 || ^6.0.2 || ^7.0.0
474 silly placeDep ROOT path-scurry@1.11.1 OK for: glob@10.3.10 want: ^1.10.1
475 silly fetch manifest signal-exit@^4.0.1
476 silly packumentCache full:https://registry.npmjs.org/signal-exit cache-miss
477 silly fetch manifest @isaacs/cliui@^8.0.2
478 silly packumentCache full:https://registry.npmjs.org/@isaacs%2fcliui cache-miss
479 silly fetch manifest @pkgjs/parseargs@^0.11.0
480 silly packumentCache full:https://registry.npmjs.org/@pkgjs%2fparseargs cache-miss
481 silly fetch manifest brace-expansion@^2.0.2
482 silly packumentCache full:https://registry.npmjs.org/brace-expansion cache-miss
483 silly fetch manifest lru-cache@^10.2.0
484 silly packumentCache full:https://registry.npmjs.org/lru-cache cache-miss
485 http cache https://registry.npmjs.org/brace-expansion 35ms (cache hit)
486 silly packumentCache full:https://registry.npmjs.org/brace-expansion set size:72152 disposed:false
487 http fetch GET 200 https://registry.npmjs.org/@isaacs%2fcliui 293ms (cache miss)
488 silly packumentCache full:https://registry.npmjs.org/@isaacs%2fcliui set size:undefined disposed:false
489 http fetch GET 200 https://registry.npmjs.org/lru-cache 347ms (cache miss)
490 silly packumentCache full:https://registry.npmjs.org/lru-cache set size:undefined disposed:false
491 http fetch GET 200 https://registry.npmjs.org/signal-exit 492ms (cache miss)
492 silly packumentCache full:https://registry.npmjs.org/signal-exit set size:undefined disposed:false
493 http fetch GET 200 https://registry.npmjs.org/@pkgjs%2fparseargs 803ms (cache miss)
494 silly packumentCache full:https://registry.npmjs.org/@pkgjs%2fparseargs set size:undefined disposed:false
495 silly placeDep ROOT signal-exit@4.1.0 OK for: foreground-child@3.3.1 want: ^4.0.1
496 silly placeDep ROOT type-fest@0.20.2 OK for: globals@13.24.0 want: ^0.20.2
497 silly placeDep ROOT parent-module@1.0.1 OK for: import-fresh@3.3.1 want: ^1.0.0
498 silly placeDep ROOT resolve-from@4.0.0 OK for: import-fresh@3.3.1 want: ^4.0.0
499 silly fetch manifest callsites@^3.0.0
500 silly packumentCache full:https://registry.npmjs.org/callsites cache-miss
501 http fetch GET 200 https://registry.npmjs.org/callsites 240ms (cache miss)
502 silly packumentCache full:https://registry.npmjs.org/callsites set size:undefined disposed:false
503 silly placeDep ROOT @isaacs/cliui@8.0.2 OK for: jackspeak@2.3.6 want: ^8.0.2
504 silly placeDep ROOT @pkgjs/parseargs@0.11.0 OK for: jackspeak@2.3.6 want: ^0.11.0
505 silly fetch manifest wrap-ansi@^8.1.0
506 silly packumentCache full:https://registry.npmjs.org/wrap-ansi cache-miss
507 silly fetch manifest strip-ansi@^7.0.1
508 silly packumentCache full:https://registry.npmjs.org/strip-ansi cache-miss
509 silly fetch manifest string-width@^5.1.2
510 silly packumentCache full:https://registry.npmjs.org/string-width cache-miss
511 silly fetch manifest wrap-ansi-cjs@npm:wrap-ansi@^7.0.0
512 silly packumentCache full:https://registry.npmjs.org/wrap-ansi cache-miss
513 silly fetch manifest strip-ansi-cjs@npm:strip-ansi@^6.0.1
514 silly packumentCache full:https://registry.npmjs.org/strip-ansi cache-miss
515 silly fetch manifest string-width-cjs@npm:string-width@^4.2.0
516 silly packumentCache full:https://registry.npmjs.org/string-width cache-miss
517 http cache https://registry.npmjs.org/strip-ansi 52ms (cache hit)
518 silly packumentCache full:https://registry.npmjs.org/strip-ansi set size:44998 disposed:false
519 http cache https://registry.npmjs.org/strip-ansi 59ms (cache hit)
520 silly packumentCache full:https://registry.npmjs.org/strip-ansi set size:44998 disposed:false
521 silly packumentCache full:https://registry.npmjs.org/strip-ansi dispose
522 http fetch GET 200 https://registry.npmjs.org/wrap-ansi 230ms (cache miss)
523 silly packumentCache full:https://registry.npmjs.org/wrap-ansi set size:undefined disposed:false
524 http fetch GET 200 https://registry.npmjs.org/string-width 241ms (cache miss)
525 silly packumentCache full:https://registry.npmjs.org/string-width set size:undefined disposed:false
526 http fetch GET 200 https://registry.npmjs.org/string-width 244ms (cache miss)
527 silly packumentCache full:https://registry.npmjs.org/string-width set size:undefined disposed:false
528 http fetch GET 200 https://registry.npmjs.org/wrap-ansi 886ms (cache miss)
529 silly packumentCache full:https://registry.npmjs.org/wrap-ansi set size:undefined disposed:false
530 silly placeDep ROOT string-width@5.1.2 OK for: @isaacs/cliui@8.0.2 want: ^5.1.2
531 silly placeDep ROOT string-width-cjs@4.2.3 OK for: @isaacs/cliui@8.0.2 want: npm:string-width@^4.2.0
532 silly placeDep node_modules/@isaacs/cliui strip-ansi@7.2.0 OK for: @isaacs/cliui@8.0.2 want: ^7.0.1
533 silly placeDep ROOT strip-ansi-cjs@6.0.1 OK for: @isaacs/cliui@8.0.2 want: npm:strip-ansi@^6.0.1
534 silly placeDep ROOT wrap-ansi@8.1.0 OK for: @isaacs/cliui@8.0.2 want: ^8.1.0
535 silly placeDep ROOT wrap-ansi-cjs@7.0.0 OK for: @isaacs/cliui@8.0.2 want: npm:wrap-ansi@^7.0.0
536 silly fetch manifest eastasianwidth@^0.2.0
537 silly packumentCache full:https://registry.npmjs.org/eastasianwidth cache-miss
538 silly fetch manifest emoji-regex@^8.0.0
539 silly packumentCache full:https://registry.npmjs.org/emoji-regex cache-miss
540 silly fetch manifest is-fullwidth-code-point@^3.0.0
541 silly packumentCache full:https://registry.npmjs.org/is-fullwidth-code-point cache-miss
542 silly fetch manifest ansi-regex@^6.2.2
543 silly packumentCache full:https://registry.npmjs.org/ansi-regex cache-miss
544 silly fetch manifest ansi-styles@^6.1.0
545 silly packumentCache full:https://registry.npmjs.org/ansi-styles cache-miss
546 silly fetch manifest string-width@^4.1.0
547 silly packumentCache full:https://registry.npmjs.org/string-width cache-miss
548 http cache https://registry.npmjs.org/ansi-regex 150ms (cache hit)
549 silly packumentCache full:https://registry.npmjs.org/ansi-regex set size:43572 disposed:false
550 http cache https://registry.npmjs.org/string-width 150ms (cache hit)
551 silly packumentCache full:https://registry.npmjs.org/string-width set size:70381 disposed:false
552 http fetch GET 200 https://registry.npmjs.org/is-fullwidth-code-point 239ms (cache miss)
553 silly packumentCache full:https://registry.npmjs.org/is-fullwidth-code-point set size:undefined disposed:false
554 http fetch GET 200 https://registry.npmjs.org/eastasianwidth 254ms (cache miss)
555 silly packumentCache full:https://registry.npmjs.org/eastasianwidth set size:undefined disposed:false
556 http fetch GET 200 https://registry.npmjs.org/ansi-styles 249ms (cache miss)
557 silly packumentCache full:https://registry.npmjs.org/ansi-styles set size:undefined disposed:false
558 http fetch GET 200 https://registry.npmjs.org/emoji-regex 623ms (cache miss)
559 silly packumentCache full:https://registry.npmjs.org/emoji-regex set size:undefined disposed:false
560 silly placeDep ROOT argparse@2.0.1 OK for: js-yaml@4.2.0 want: ^2.0.1
561 silly placeDep ROOT json-buffer@3.0.1 OK for: keyv@4.5.4 want: 3.0.1
562 silly fetch manifest react@^18.2.0
563 silly packumentCache full:https://registry.npmjs.org/react cache-miss
564 http cache https://registry.npmjs.org/react 54ms (cache hit)
565 silly packumentCache full:https://registry.npmjs.org/react set size:6715585 disposed:false
566 silly placeDep ROOT @next/env@14.2.35 OK for: next@14.2.35 want: 14.2.35
567 silly placeDep ROOT @next/swc-darwin-arm64@14.2.33 OK for: next@14.2.35 want: 14.2.33
568 silly placeDep ROOT @next/swc-darwin-x64@14.2.33 OK for: next@14.2.35 want: 14.2.33
569 silly placeDep ROOT @next/swc-linux-arm64-gnu@14.2.33 OK for: next@14.2.35 want: 14.2.33
570 silly placeDep ROOT @next/swc-linux-arm64-musl@14.2.33 OK for: next@14.2.35 want: 14.2.33
571 silly placeDep ROOT @next/swc-linux-x64-gnu@14.2.33 OK for: next@14.2.35 want: 14.2.33
572 silly placeDep ROOT @next/swc-linux-x64-musl@14.2.33 OK for: next@14.2.35 want: 14.2.33
573 silly placeDep ROOT @next/swc-win32-arm64-msvc@14.2.33 OK for: next@14.2.35 want: 14.2.33
574 silly placeDep ROOT @next/swc-win32-ia32-msvc@14.2.33 OK for: next@14.2.35 want: 14.2.33
575 silly placeDep ROOT @next/swc-win32-x64-msvc@14.2.33 OK for: next@14.2.35 want: 14.2.33
576 silly placeDep ROOT @swc/helpers@0.5.5 OK for: next@14.2.35 want: 0.5.5
577 silly placeDep ROOT styled-jsx@5.1.1 OK for: next@14.2.35 want: 5.1.1
578 silly fetch manifest @swc/counter@^0.1.3
579 silly packumentCache full:https://registry.npmjs.org/@swc%2fcounter cache-miss
580 silly fetch manifest client-only@0.0.1
581 silly packumentCache full:https://registry.npmjs.org/client-only cache-miss
582 http fetch GET 200 https://registry.npmjs.org/client-only 296ms (cache miss)
583 silly packumentCache full:https://registry.npmjs.org/client-only set size:undefined disposed:false
584 http fetch GET 200 https://registry.npmjs.org/@swc%2fcounter 311ms (cache miss)
585 silly packumentCache full:https://registry.npmjs.org/@swc%2fcounter set size:undefined disposed:false
586 silly placeDep ROOT @swc/counter@0.1.3 OK for: @swc/helpers@0.5.5 want: ^0.1.3
587 silly placeDep ROOT callsites@3.1.0 OK for: parent-module@1.0.1 want: ^3.0.0
588 silly placeDep ROOT lru-cache@10.4.3 OK for: path-scurry@1.11.1 want: ^10.2.0
589 silly placeDep ROOT scheduler@0.23.2 OK for: react-dom@18.2.0 want: ^0.23.0
590 silly placeDep node_modules/rimraf glob@7.2.3 OK for: rimraf@3.0.2 want: ^7.1.3
591 silly fetch manifest once@^1.3.0
592 silly packumentCache full:https://registry.npmjs.org/once cache-miss
593 silly fetch manifest inflight@^1.0.4
594 silly packumentCache full:https://registry.npmjs.org/inflight cache-miss
595 silly fetch manifest inherits@2
596 silly packumentCache full:https://registry.npmjs.org/inherits cache-miss
597 silly fetch manifest fs.realpath@^1.0.0
598 silly packumentCache full:https://registry.npmjs.org/fs.realpath cache-miss
599 silly fetch manifest path-is-absolute@^1.0.0
600 silly packumentCache full:https://registry.npmjs.org/path-is-absolute cache-miss
601 http fetch GET 200 https://registry.npmjs.org/inherits 270ms (cache miss)
602 silly packumentCache full:https://registry.npmjs.org/inherits set size:undefined disposed:false
603 http fetch GET 200 https://registry.npmjs.org/fs.realpath 271ms (cache miss)
604 silly packumentCache full:https://registry.npmjs.org/fs.realpath set size:undefined disposed:false
605 http fetch GET 200 https://registry.npmjs.org/path-is-absolute 273ms (cache miss)
606 silly packumentCache full:https://registry.npmjs.org/path-is-absolute set size:undefined disposed:false
607 http fetch GET 200 https://registry.npmjs.org/inflight 277ms (cache miss)
608 silly packumentCache full:https://registry.npmjs.org/inflight set size:undefined disposed:false
609 http fetch GET 200 https://registry.npmjs.org/once 308ms (cache miss)
610 silly packumentCache full:https://registry.npmjs.org/once set size:undefined disposed:false
611 silly placeDep ROOT eastasianwidth@0.2.0 OK for: string-width@5.1.2 want: ^0.2.0
612 silly placeDep node_modules/string-width strip-ansi@7.2.0 OK for: string-width@5.1.2 want: ^7.0.1
613 silly placeDep node_modules/string-width-cjs emoji-regex@8.0.0 OK for: string-width@4.2.3 want: ^8.0.0
614 silly placeDep ROOT is-fullwidth-code-point@3.0.0 OK for: string-width@4.2.3 want: ^3.0.0
615 silly placeDep ROOT ansi-regex@5.0.1 OK for: strip-ansi@6.0.1 want: ^5.0.1
616 silly placeDep ROOT client-only@0.0.1 OK for: styled-jsx@5.1.1 want: 0.0.1
617 silly placeDep ROOT punycode@2.3.1 OK for: uri-js@4.4.1 want: ^2.1.0
618 silly placeDep node_modules/wrap-ansi ansi-styles@6.2.3 OK for: wrap-ansi@8.1.0 want: ^6.1.0
619 silly placeDep node_modules/wrap-ansi strip-ansi@7.2.0 OK for: wrap-ansi@8.1.0 want: ^7.0.1
620 silly placeDep node_modules/wrap-ansi-cjs string-width@4.2.3 OK for: wrap-ansi@7.0.0 want: ^4.1.0
621 silly placeDep node_modules/@isaacs/cliui ansi-regex@6.2.2 OK for: strip-ansi@7.2.0 want: ^6.2.2
622 silly placeDep node_modules/@typescript-eslint/typescript-estree brace-expansion@5.0.6 OK for: minimatch@10.2.5 want: ^5.0.5
623 silly fetch manifest balanced-match@^4.0.2
624 silly packumentCache full:https://registry.npmjs.org/balanced-match cache-miss
625 http fetch GET 200 https://registry.npmjs.org/balanced-match 526ms (cache miss)
626 silly packumentCache full:https://registry.npmjs.org/balanced-match set size:undefined disposed:false
627 silly placeDep node_modules/@typescript-eslint/typescript-estree balanced-match@4.0.4 OK for: brace-expansion@5.0.6 want: ^4.0.2
628 silly placeDep node_modules/glob brace-expansion@2.1.1 OK for: minimatch@9.0.9 want: ^2.0.2
629 silly placeDep ROOT fs.realpath@1.0.0 OK for: glob@7.2.3 want: ^1.0.0
630 silly placeDep ROOT inflight@1.0.6 OK for: glob@7.2.3 want: ^1.0.4
631 silly placeDep ROOT inherits@2.0.4 OK for: glob@7.2.3 want: 2
632 silly placeDep ROOT once@1.4.0 OK for: glob@7.2.3 want: ^1.3.0
633 silly placeDep ROOT path-is-absolute@1.0.1 OK for: glob@7.2.3 want: ^1.0.0
634 silly fetch manifest wrappy@1
635 silly packumentCache full:https://registry.npmjs.org/wrappy cache-miss
636 silly fetch manifest wrappy@1
637 silly packumentCache full:https://registry.npmjs.org/wrappy cache-miss
638 http fetch GET 200 https://registry.npmjs.org/wrappy 222ms (cache miss)
639 silly packumentCache full:https://registry.npmjs.org/wrappy set size:undefined disposed:false
640 http fetch GET 200 https://registry.npmjs.org/wrappy 225ms (cache miss)
641 silly packumentCache full:https://registry.npmjs.org/wrappy set size:undefined disposed:false
642 silly placeDep ROOT wrappy@1.0.2 OK for: inflight@1.0.6 want: 1
643 silly placeDep node_modules/string-width ansi-regex@6.2.2 OK for: strip-ansi@7.2.0 want: ^6.2.2
644 silly placeDep node_modules/wrap-ansi-cjs emoji-regex@8.0.0 OK for: string-width@4.2.3 want: ^8.0.0
645 silly placeDep node_modules/wrap-ansi ansi-regex@6.2.2 OK for: strip-ansi@7.2.0 want: ^6.2.2
646 silly reify mark retired [
646 silly reify   'C:\\Users\\Hp 1030 X360\\Documents\\Mercy-fx\\mercy-dev-studio\\node_modules\\acorn',
646 silly reify   'C:\\Users\\Hp 1030 X360\\Documents\\Mercy-fx\\mercy-dev-studio\\node_modules\\.bin\\acorn',
646 silly reify   'C:\\Users\\Hp 1030 X360\\Documents\\Mercy-fx\\mercy-dev-studio\\node_modules\\.bin\\acorn.cmd',
646 silly reify   'C:\\Users\\Hp 1030 X360\\Documents\\Mercy-fx\\mercy-dev-studio\\node_modules\\.bin\\acorn.ps1'
646 silly reify ]
647 silly reify mark retired [
647 silly reify   'C:\\Users\\Hp 1030 X360\\Documents\\Mercy-fx\\mercy-dev-studio\\node_modules\\baseline-browser-mapping',
647 silly reify   'C:\\Users\\Hp 1030 X360\\Documents\\Mercy-fx\\mercy-dev-studio\\node_modules\\.bin\\baseline-browser-mapping',
647 silly reify   'C:\\Users\\Hp 1030 X360\\Documents\\Mercy-fx\\mercy-dev-studio\\node_modules\\.bin\\baseline-browser-mapping.cmd',
647 silly reify   'C:\\Users\\Hp 1030 X360\\Documents\\Mercy-fx\\mercy-dev-studio\\node_modules\\.bin\\baseline-browser-mapping.ps1'
647 silly reify ]
648 silly reify mark retired [
648 silly reify   'C:\\Users\\Hp 1030 X360\\Documents\\Mercy-fx\\mercy-dev-studio\\node_modules\\braces'
648 silly reify ]
649 silly reify mark retired [
649 silly reify   'C:\\Users\\Hp 1030 X360\\Documents\\Mercy-fx\\mercy-dev-studio\\node_modules\\browserslist',
649 silly reify   'C:\\Users\\Hp 1030 X360\\Documents\\Mercy-fx\\mercy-dev-studio\\node_modules\\.bin\\browserslist',
649 silly reify   'C:\\Users\\Hp 1030 X360\\Documents\\Mercy-fx\\mercy-dev-studio\\node_modules\\.bin\\browserslist.cmd',
649 silly reify   'C:\\Users\\Hp 1030 X360\\Documents\\Mercy-fx\\mercy-dev-studio\\node_modules\\.bin\\browserslist.ps1'
649 silly reify ]
650 silly reify mark retired [
650 silly reify   'C:\\Users\\Hp 1030 X360\\Documents\\Mercy-fx\\mercy-dev-studio\\node_modules\\convert-source-map'
650 silly reify ]
651 silly reify mark retired [
651 silly reify   'C:\\Users\\Hp 1030 X360\\Documents\\Mercy-fx\\mercy-dev-studio\\node_modules\\electron-to-chromium'
651 silly reify ]
652 silly reify mark retired [
652 silly reify   'C:\\Users\\Hp 1030 X360\\Documents\\Mercy-fx\\mercy-dev-studio\\node_modules\\escalade'
652 silly reify ]
653 silly reify mark retired [
653 silly reify   'C:\\Users\\Hp 1030 X360\\Documents\\Mercy-fx\\mercy-dev-studio\\node_modules\\eslint',
653 silly reify   'C:\\Users\\Hp 1030 X360\\Documents\\Mercy-fx\\mercy-dev-studio\\node_modules\\.bin\\eslint',
653 silly reify   'C:\\Users\\Hp 1030 X360\\Documents\\Mercy-fx\\mercy-dev-studio\\node_modules\\.bin\\eslint.cmd',
653 silly reify   'C:\\Users\\Hp 1030 X360\\Documents\\Mercy-fx\\mercy-dev-studio\\node_modules\\.bin\\eslint.ps1'
653 silly reify ]
654 silly reify mark retired [
654 silly reify   'C:\\Users\\Hp 1030 X360\\Documents\\Mercy-fx\\mercy-dev-studio\\node_modules\\eslint-config-next'
654 silly reify ]
655 silly reify mark retired [
655 silly reify   'C:\\Users\\Hp 1030 X360\\Documents\\Mercy-fx\\mercy-dev-studio\\node_modules\\eslint-plugin-react-hooks'
655 silly reify ]
656 silly reify mark retired [
656 silly reify   'C:\\Users\\Hp 1030 X360\\Documents\\Mercy-fx\\mercy-dev-studio\\node_modules\\eslint-scope'
656 silly reify ]
657 silly reify mark retired [
657 silly reify   'C:\\Users\\Hp 1030 X360\\Documents\\Mercy-fx\\mercy-dev-studio\\node_modules\\eslint-visitor-keys'
657 silly reify ]
658 silly reify mark retired [
658 silly reify   'C:\\Users\\Hp 1030 X360\\Documents\\Mercy-fx\\mercy-dev-studio\\node_modules\\espree'
658 silly reify ]
659 silly reify mark retired [
659 silly reify   'C:\\Users\\Hp 1030 X360\\Documents\\Mercy-fx\\mercy-dev-studio\\node_modules\\fast-glob'
659 silly reify ]
660 silly reify mark retired [
660 silly reify   'C:\\Users\\Hp 1030 X360\\Documents\\Mercy-fx\\mercy-dev-studio\\node_modules\\fill-range'
660 silly reify ]
661 silly reify mark retired [
661 silly reify   'C:\\Users\\Hp 1030 X360\\Documents\\Mercy-fx\\mercy-dev-studio\\node_modules\\file-entry-cache'
661 silly reify ]
662 silly reify mark retired [
662 silly reify   'C:\\Users\\Hp 1030 X360\\Documents\\Mercy-fx\\mercy-dev-studio\\node_modules\\flat-cache'
662 silly reify ]
663 silly reify mark retired [
663 silly reify   'C:\\Users\\Hp 1030 X360\\Documents\\Mercy-fx\\mercy-dev-studio\\node_modules\\gensync'
663 silly reify ]
664 silly reify mark retired [
664 silly reify   'C:\\Users\\Hp 1030 X360\\Documents\\Mercy-fx\\mercy-dev-studio\\node_modules\\globals'
664 silly reify ]
665 silly reify mark retired [
665 silly reify   'C:\\Users\\Hp 1030 X360\\Documents\\Mercy-fx\\mercy-dev-studio\\node_modules\\hermes-estree'
665 silly reify ]
666 silly reify mark retired [
666 silly reify   'C:\\Users\\Hp 1030 X360\\Documents\\Mercy-fx\\mercy-dev-studio\\node_modules\\hermes-parser'
666 silly reify ]
667 silly reify mark retired [
667 silly reify   'C:\\Users\\Hp 1030 X360\\Documents\\Mercy-fx\\mercy-dev-studio\\node_modules\\is-number'
667 silly reify ]
668 silly reify mark retired [
668 silly reify   'C:\\Users\\Hp 1030 X360\\Documents\\Mercy-fx\\mercy-dev-studio\\node_modules\\js-yaml',
668 silly reify   'C:\\Users\\Hp 1030 X360\\Documents\\Mercy-fx\\mercy-dev-studio\\node_modules\\.bin\\js-yaml',
668 silly reify   'C:\\Users\\Hp 1030 X360\\Documents\\Mercy-fx\\mercy-dev-studio\\node_modules\\.bin\\js-yaml.cmd',
668 silly reify   'C:\\Users\\Hp 1030 X360\\Documents\\Mercy-fx\\mercy-dev-studio\\node_modules\\.bin\\js-yaml.ps1'
668 silly reify ]
669 silly reify mark retired [
669 silly reify   'C:\\Users\\Hp 1030 X360\\Documents\\Mercy-fx\\mercy-dev-studio\\node_modules\\jsesc',
669 silly reify   'C:\\Users\\Hp 1030 X360\\Documents\\Mercy-fx\\mercy-dev-studio\\node_modules\\.bin\\jsesc',
669 silly reify   'C:\\Users\\Hp 1030 X360\\Documents\\Mercy-fx\\mercy-dev-studio\\node_modules\\.bin\\jsesc.cmd',
669 silly reify   'C:\\Users\\Hp 1030 X360\\Documents\\Mercy-fx\\mercy-dev-studio\\node_modules\\.bin\\jsesc.ps1'
669 silly reify ]
670 silly reify mark retired [
670 silly reify   'C:\\Users\\Hp 1030 X360\\Documents\\Mercy-fx\\mercy-dev-studio\\node_modules\\json5',
670 silly reify   'C:\\Users\\Hp 1030 X360\\Documents\\Mercy-fx\\mercy-dev-studio\\node_modules\\.bin\\json5',
670 silly reify   'C:\\Users\\Hp 1030 X360\\Documents\\Mercy-fx\\mercy-dev-studio\\node_modules\\.bin\\json5.cmd',
670 silly reify   'C:\\Users\\Hp 1030 X360\\Documents\\Mercy-fx\\mercy-dev-studio\\node_modules\\.bin\\json5.ps1'
670 silly reify ]
671 silly reify mark retired [
671 silly reify   'C:\\Users\\Hp 1030 X360\\Documents\\Mercy-fx\\mercy-dev-studio\\node_modules\\lru-cache'
671 silly reify ]
672 silly reify mark retired [
672 silly reify   'C:\\Users\\Hp 1030 X360\\Documents\\Mercy-fx\\mercy-dev-studio\\node_modules\\merge2'
672 silly reify ]
673 silly reify mark retired [
673 silly reify   'C:\\Users\\Hp 1030 X360\\Documents\\Mercy-fx\\mercy-dev-studio\\node_modules\\micromatch'
673 silly reify ]
674 silly reify mark retired [
674 silly reify   'C:\\Users\\Hp 1030 X360\\Documents\\Mercy-fx\\mercy-dev-studio\\node_modules\\next',
674 silly reify   'C:\\Users\\Hp 1030 X360\\Documents\\Mercy-fx\\mercy-dev-studio\\node_modules\\.bin\\next',
674 silly reify   'C:\\Users\\Hp 1030 X360\\Documents\\Mercy-fx\\mercy-dev-studio\\node_modules\\.bin\\next.cmd',
674 silly reify   'C:\\Users\\Hp 1030 X360\\Documents\\Mercy-fx\\mercy-dev-studio\\node_modules\\.bin\\next.ps1'
674 silly reify ]
675 silly reify mark retired [
675 silly reify   'C:\\Users\\Hp 1030 X360\\Documents\\Mercy-fx\\mercy-dev-studio\\node_modules\\node-releases'
675 silly reify ]
676 silly reify mark retired [
676 silly reify   'C:\\Users\\Hp 1030 X360\\Documents\\Mercy-fx\\mercy-dev-studio\\node_modules\\picomatch'
676 silly reify ]
677 silly reify mark retired [
677 silly reify   'C:\\Users\\Hp 1030 X360\\Documents\\Mercy-fx\\mercy-dev-studio\\node_modules\\react'
677 silly reify ]
678 silly reify mark retired [
678 silly reify   'C:\\Users\\Hp 1030 X360\\Documents\\Mercy-fx\\mercy-dev-studio\\node_modules\\react-dom'
678 silly reify ]
679 silly reify mark retired [
679 silly reify   'C:\\Users\\Hp 1030 X360\\Documents\\Mercy-fx\\mercy-dev-studio\\node_modules\\scheduler'
679 silly reify ]
680 silly reify mark retired [
680 silly reify   'C:\\Users\\Hp 1030 X360\\Documents\\Mercy-fx\\mercy-dev-studio\\node_modules\\sharp'
680 silly reify ]
681 silly reify mark retired [
681 silly reify   'C:\\Users\\Hp 1030 X360\\Documents\\Mercy-fx\\mercy-dev-studio\\node_modules\\styled-jsx'
681 silly reify ]
682 silly reify mark retired [
682 silly reify   'C:\\Users\\Hp 1030 X360\\Documents\\Mercy-fx\\mercy-dev-studio\\node_modules\\to-regex-range'
682 silly reify ]
683 silly reify mark retired [
683 silly reify   'C:\\Users\\Hp 1030 X360\\Documents\\Mercy-fx\\mercy-dev-studio\\node_modules\\typescript-eslint'
683 silly reify ]
684 silly reify mark retired [
684 silly reify   'C:\\Users\\Hp 1030 X360\\Documents\\Mercy-fx\\mercy-dev-studio\\node_modules\\update-browserslist-db',
684 silly reify   'C:\\Users\\Hp 1030 X360\\Documents\\Mercy-fx\\mercy-dev-studio\\node_modules\\.bin\\update-browserslist-db',
684 silly reify   'C:\\Users\\Hp 1030 X360\\Documents\\Mercy-fx\\mercy-dev-studio\\node_modules\\.bin\\update-browserslist-db.cmd',
684 silly reify   'C:\\Users\\Hp 1030 X360\\Documents\\Mercy-fx\\mercy-dev-studio\\node_modules\\.bin\\update-browserslist-db.ps1'
684 silly reify ]
685 silly reify mark retired [
685 silly reify   'C:\\Users\\Hp 1030 X360\\Documents\\Mercy-fx\\mercy-dev-studio\\node_modules\\yallist'
685 silly reify ]
686 silly reify mark retired [
686 silly reify   'C:\\Users\\Hp 1030 X360\\Documents\\Mercy-fx\\mercy-dev-studio\\node_modules\\zod-validation-error'
686 silly reify ]
687 silly reify mark retired [
687 silly reify   'C:\\Users\\Hp 1030 X360\\Documents\\Mercy-fx\\mercy-dev-studio\\node_modules\\@babel\\code-frame'
687 silly reify ]
688 silly reify mark retired [
688 silly reify   'C:\\Users\\Hp 1030 X360\\Documents\\Mercy-fx\\mercy-dev-studio\\node_modules\\@babel\\compat-data'
688 silly reify ]
689 silly reify mark retired [
689 silly reify   'C:\\Users\\Hp 1030 X360\\Documents\\Mercy-fx\\mercy-dev-studio\\node_modules\\@babel\\core'
689 silly reify ]
690 silly reify mark retired [
690 silly reify   'C:\\Users\\Hp 1030 X360\\Documents\\Mercy-fx\\mercy-dev-studio\\node_modules\\@babel\\generator'
690 silly reify ]
691 silly reify mark retired [
691 silly reify   'C:\\Users\\Hp 1030 X360\\Documents\\Mercy-fx\\mercy-dev-studio\\node_modules\\@babel\\helper-compilation-targets'
691 silly reify ]
692 silly reify mark retired [
692 silly reify   'C:\\Users\\Hp 1030 X360\\Documents\\Mercy-fx\\mercy-dev-studio\\node_modules\\@babel\\helper-globals'
692 silly reify ]
693 silly reify mark retired [
693 silly reify   'C:\\Users\\Hp 1030 X360\\Documents\\Mercy-fx\\mercy-dev-studio\\node_modules\\@babel\\helper-module-imports'
693 silly reify ]
694 silly reify mark retired [
694 silly reify   'C:\\Users\\Hp 1030 X360\\Documents\\Mercy-fx\\mercy-dev-studio\\node_modules\\@babel\\helper-module-transforms'
694 silly reify ]
695 silly reify mark retired [
695 silly reify   'C:\\Users\\Hp 1030 X360\\Documents\\Mercy-fx\\mercy-dev-studio\\node_modules\\@babel\\helper-string-parser'
695 silly reify ]
696 silly reify mark retired [
696 silly reify   'C:\\Users\\Hp 1030 X360\\Documents\\Mercy-fx\\mercy-dev-studio\\node_modules\\@babel\\helper-validator-identifier'
696 silly reify ]
697 silly reify mark retired [
697 silly reify   'C:\\Users\\Hp 1030 X360\\Documents\\Mercy-fx\\mercy-dev-studio\\node_modules\\@babel\\helper-validator-option'
697 silly reify ]
698 silly reify mark retired [
698 silly reify   'C:\\Users\\Hp 1030 X360\\Documents\\Mercy-fx\\mercy-dev-studio\\node_modules\\@babel\\helpers'
698 silly reify ]
699 silly reify mark retired [
699 silly reify   'C:\\Users\\Hp 1030 X360\\Documents\\Mercy-fx\\mercy-dev-studio\\node_modules\\@babel\\parser',
699 silly reify   'C:\\Users\\Hp 1030 X360\\Documents\\Mercy-fx\\mercy-dev-studio\\node_modules\\.bin\\parser',
699 silly reify   'C:\\Users\\Hp 1030 X360\\Documents\\Mercy-fx\\mercy-dev-studio\\node_modules\\.bin\\parser.cmd',
699 silly reify   'C:\\Users\\Hp 1030 X360\\Documents\\Mercy-fx\\mercy-dev-studio\\node_modules\\.bin\\parser.ps1'
699 silly reify ]
700 silly reify mark retired [
700 silly reify   'C:\\Users\\Hp 1030 X360\\Documents\\Mercy-fx\\mercy-dev-studio\\node_modules\\@babel\\template'
700 silly reify ]
701 silly reify mark retired [
701 silly reify   'C:\\Users\\Hp 1030 X360\\Documents\\Mercy-fx\\mercy-dev-studio\\node_modules\\@babel\\traverse'
701 silly reify ]
702 silly reify mark retired [
702 silly reify   'C:\\Users\\Hp 1030 X360\\Documents\\Mercy-fx\\mercy-dev-studio\\node_modules\\@babel\\types'
702 silly reify ]
703 silly reify mark retired [
703 silly reify   'C:\\Users\\Hp 1030 X360\\Documents\\Mercy-fx\\mercy-dev-studio\\node_modules\\@eslint\\config-array'
703 silly reify ]
704 silly reify mark retired [
704 silly reify   'C:\\Users\\Hp 1030 X360\\Documents\\Mercy-fx\\mercy-dev-studio\\node_modules\\@eslint\\config-helpers'
704 silly reify ]
705 silly reify mark retired [
705 silly reify   'C:\\Users\\Hp 1030 X360\\Documents\\Mercy-fx\\mercy-dev-studio\\node_modules\\@eslint\\core'
705 silly reify ]
706 silly reify mark retired [
706 silly reify   'C:\\Users\\Hp 1030 X360\\Documents\\Mercy-fx\\mercy-dev-studio\\node_modules\\@eslint\\eslintrc'
706 silly reify ]
707 silly reify mark retired [
707 silly reify   'C:\\Users\\Hp 1030 X360\\Documents\\Mercy-fx\\mercy-dev-studio\\node_modules\\@eslint\\object-schema'
707 silly reify ]
708 silly reify mark retired [
708 silly reify   'C:\\Users\\Hp 1030 X360\\Documents\\Mercy-fx\\mercy-dev-studio\\node_modules\\@eslint\\js'
708 silly reify ]
709 silly reify mark retired [
709 silly reify   'C:\\Users\\Hp 1030 X360\\Documents\\Mercy-fx\\mercy-dev-studio\\node_modules\\@eslint\\plugin-kit'
709 silly reify ]
710 silly reify mark retired [
710 silly reify   'C:\\Users\\Hp 1030 X360\\Documents\\Mercy-fx\\mercy-dev-studio\\node_modules\\@eslint-community\\eslint-utils\\node_modules\\eslint-visitor-keys'
710 silly reify ]
711 silly reify mark retired [
711 silly reify   'C:\\Users\\Hp 1030 X360\\Documents\\Mercy-fx\\mercy-dev-studio\\node_modules\\@humanfs\\core'
711 silly reify ]
712 silly reify mark retired [
712 silly reify   'C:\\Users\\Hp 1030 X360\\Documents\\Mercy-fx\\mercy-dev-studio\\node_modules\\@humanfs\\node'
712 silly reify ]
713 silly reify mark retired [
713 silly reify   'C:\\Users\\Hp 1030 X360\\Documents\\Mercy-fx\\mercy-dev-studio\\node_modules\\@humanfs\\types'
713 silly reify ]
714 silly reify mark retired [
714 silly reify   'C:\\Users\\Hp 1030 X360\\Documents\\Mercy-fx\\mercy-dev-studio\\node_modules\\@humanwhocodes\\retry'
714 silly reify ]
715 silly reify mark retired [
715 silly reify   'C:\\Users\\Hp 1030 X360\\Documents\\Mercy-fx\\mercy-dev-studio\\node_modules\\@img\\colour'
715 silly reify ]
716 silly reify mark retired [
716 silly reify   'C:\\Users\\Hp 1030 X360\\Documents\\Mercy-fx\\mercy-dev-studio\\node_modules\\@img\\sharp-win32-x64'
716 silly reify ]
717 silly reify mark retired [
717 silly reify   'C:\\Users\\Hp 1030 X360\\Documents\\Mercy-fx\\mercy-dev-studio\\node_modules\\@next\\swc-win32-x64-msvc'
717 silly reify ]
718 silly reify mark retired [
718 silly reify   'C:\\Users\\Hp 1030 X360\\Documents\\Mercy-fx\\mercy-dev-studio\\node_modules\\@next\\eslint-plugin-next'
718 silly reify ]
719 silly reify mark retired [
719 silly reify   'C:\\Users\\Hp 1030 X360\\Documents\\Mercy-fx\\mercy-dev-studio\\node_modules\\@next\\env'
719 silly reify ]
720 silly reify mark retired [
720 silly reify   'C:\\Users\\Hp 1030 X360\\Documents\\Mercy-fx\\mercy-dev-studio\\node_modules\\@swc\\helpers'
720 silly reify ]
721 silly reify mark retired [
721 silly reify   'C:\\Users\\Hp 1030 X360\\Documents\\Mercy-fx\\mercy-dev-studio\\node_modules\\@types\\json-schema'
721 silly reify ]
722 silly reify mark retired [
722 silly reify   'C:\\Users\\Hp 1030 X360\\Documents\\Mercy-fx\\mercy-dev-studio\\node_modules\\@types\\react'
722 silly reify ]
723 silly reify mark retired [
723 silly reify   'C:\\Users\\Hp 1030 X360\\Documents\\Mercy-fx\\mercy-dev-studio\\node_modules\\@types\\estree'
723 silly reify ]
724 silly reify mark retired [
724 silly reify   'C:\\Users\\Hp 1030 X360\\Documents\\Mercy-fx\\mercy-dev-studio\\node_modules\\@types\\react-dom'
724 silly reify ]
725 silly reify mark retired [
725 silly reify   'C:\\Users\\Hp 1030 X360\\Documents\\Mercy-fx\\mercy-dev-studio\\node_modules\\@typescript-eslint\\eslint-plugin'
725 silly reify ]
726 silly reify mark retired [
726 silly reify   'C:\\Users\\Hp 1030 X360\\Documents\\Mercy-fx\\mercy-dev-studio\\node_modules\\@typescript-eslint\\project-service'
726 silly reify ]
727 silly reify mark retired [
727 silly reify   'C:\\Users\\Hp 1030 X360\\Documents\\Mercy-fx\\mercy-dev-studio\\node_modules\\@typescript-eslint\\parser'
727 silly reify ]
728 silly reify mark retired [
728 silly reify   'C:\\Users\\Hp 1030 X360\\Documents\\Mercy-fx\\mercy-dev-studio\\node_modules\\@typescript-eslint\\scope-manager'
728 silly reify ]
729 silly reify mark retired [
729 silly reify   'C:\\Users\\Hp 1030 X360\\Documents\\Mercy-fx\\mercy-dev-studio\\node_modules\\@typescript-eslint\\tsconfig-utils'
729 silly reify ]
730 silly reify mark retired [
730 silly reify   'C:\\Users\\Hp 1030 X360\\Documents\\Mercy-fx\\mercy-dev-studio\\node_modules\\@typescript-eslint\\types'
730 silly reify ]
731 silly reify mark retired [
731 silly reify   'C:\\Users\\Hp 1030 X360\\Documents\\Mercy-fx\\mercy-dev-studio\\node_modules\\@typescript-eslint\\typescript-estree'
731 silly reify ]
732 silly reify mark retired [
732 silly reify   'C:\\Users\\Hp 1030 X360\\Documents\\Mercy-fx\\mercy-dev-studio\\node_modules\\@typescript-eslint\\utils'
732 silly reify ]
733 silly reify mark retired [
733 silly reify   'C:\\Users\\Hp 1030 X360\\Documents\\Mercy-fx\\mercy-dev-studio\\node_modules\\@typescript-eslint\\type-utils'
733 silly reify ]
734 silly reify mark retired [
734 silly reify   'C:\\Users\\Hp 1030 X360\\Documents\\Mercy-fx\\mercy-dev-studio\\node_modules\\@typescript-eslint\\visitor-keys'
734 silly reify ]
735 silly reify moves {
735 silly reify   'C:\\Users\\Hp 1030 X360\\Documents\\Mercy-fx\\mercy-dev-studio\\node_modules\\acorn': 'C:\\Users\\Hp 1030 X360\\Documents\\Mercy-fx\\mercy-dev-studio\\node_modules\\.acorn-0sWPXVKB',
735 silly reify   'C:\\Users\\Hp 1030 X360\\Documents\\Mercy-fx\\mercy-dev-studio\\node_modules\\.bin\\acorn': 'C:\\Users\\Hp 1030 X360\\Documents\\Mercy-fx\\mercy-dev-studio\\node_modules\\.bin\\.acorn-sdbXqQeE',
735 silly reify   'C:\\Users\\Hp 1030 X360\\Documents\\Mercy-fx\\mercy-dev-studio\\node_modules\\.bin\\acorn.cmd': 'C:\\Users\\Hp 1030 X360\\Documents\\Mercy-fx\\mercy-dev-studio\\node_modules\\.bin\\.acorn.cmd-rJVmJ0Rc',
735 silly reify   'C:\\Users\\Hp 1030 X360\\Documents\\Mercy-fx\\mercy-dev-studio\\node_modules\\.bin\\acorn.ps1': 'C:\\Users\\Hp 1030 X360\\Documents\\Mercy-fx\\mercy-dev-studio\\node_modules\\.bin\\.acorn.ps1-K6qiMEMX',
735 silly reify   'C:\\Users\\Hp 1030 X360\\Documents\\Mercy-fx\\mercy-dev-studio\\node_modules\\baseline-browser-mapping': 'C:\\Users\\Hp 1030 X360\\Documents\\Mercy-fx\\mercy-dev-studio\\node_modules\\.baseline-browser-mapping-mtSjV5EO',
735 silly reify   'C:\\Users\\Hp 1030 X360\\Documents\\Mercy-fx\\mercy-dev-studio\\node_modules\\.bin\\baseline-browser-mapping': 'C:\\Users\\Hp 1030 X360\\Documents\\Mercy-fx\\mercy-dev-studio\\node_modules\\.bin\\.baseline-browser-mapping-IsV1wOqT',
735 silly reify   'C:\\Users\\Hp 1030 X360\\Documents\\Mercy-fx\\mercy-dev-studio\\node_modules\\.bin\\baseline-browser-mapping.cmd': 'C:\\Users\\Hp 1030 X360\\Documents\\Mercy-fx\\mercy-dev-studio\\node_modules\\.bin\\.baseline-browser-mapping.cmd-SmK58ibk',
735 silly reify   'C:\\Users\\Hp 1030 X360\\Documents\\Mercy-fx\\mercy-dev-studio\\node_modules\\.bin\\baseline-browser-mapping.ps1': 'C:\\Users\\Hp 1030 X360\\Documents\\Mercy-fx\\mercy-dev-studio\\node_modules\\.bin\\.baseline-browser-mapping.ps1-PcxMjUgH',
735 silly reify   'C:\\Users\\Hp 1030 X360\\Documents\\Mercy-fx\\mercy-dev-studio\\node_modules\\braces': 'C:\\Users\\Hp 1030 X360\\Documents\\Mercy-fx\\mercy-dev-studio\\node_modules\\.braces-7L8xgUUg',
735 silly reify   'C:\\Users\\Hp 1030 X360\\Documents\\Mercy-fx\\mercy-dev-studio\\node_modules\\browserslist': 'C:\\Users\\Hp 1030 X360\\Documents\\Mercy-fx\\mercy-dev-studio\\node_modules\\.browserslist-0ISMjQGF',
735 silly reify   'C:\\Users\\Hp 1030 X360\\Documents\\Mercy-fx\\mercy-dev-studio\\node_modules\\.bin\\browserslist': 'C:\\Users\\Hp 1030 X360\\Documents\\Mercy-fx\\mercy-dev-studio\\node_modules\\.bin\\.browserslist-FCVT2rJs',
735 silly reify   'C:\\Users\\Hp 1030 X360\\Documents\\Mercy-fx\\mercy-dev-studio\\node_modules\\.bin\\browserslist.cmd': 'C:\\Users\\Hp 1030 X360\\Documents\\Mercy-fx\\mercy-dev-studio\\node_modules\\.bin\\.browserslist.cmd-rg6XsAmO',
735 silly reify   'C:\\Users\\Hp 1030 X360\\Documents\\Mercy-fx\\mercy-dev-studio\\node_modules\\.bin\\browserslist.ps1': 'C:\\Users\\Hp 1030 X360\\Documents\\Mercy-fx\\mercy-dev-studio\\node_modules\\.bin\\.browserslist.ps1-7iCPUt3t',
735 silly reify   'C:\\Users\\Hp 1030 X360\\Documents\\Mercy-fx\\mercy-dev-studio\\node_modules\\convert-source-map': 'C:\\Users\\Hp 1030 X360\\Documents\\Mercy-fx\\mercy-dev-studio\\node_modules\\.convert-source-map-NPGwUph8',
735 silly reify   'C:\\Users\\Hp 1030 X360\\Documents\\Mercy-fx\\mercy-dev-studio\\node_modules\\electron-to-chromium': 'C:\\Users\\Hp 1030 X360\\Documents\\Mercy-fx\\mercy-dev-studio\\node_modules\\.electron-to-chromium-5amMTMGS',
735 silly reify   'C:\\Users\\Hp 1030 X360\\Documents\\Mercy-fx\\mercy-dev-studio\\node_modules\\escalade': 'C:\\Users\\Hp 1030 X360\\Documents\\Mercy-fx\\mercy-dev-studio\\node_modules\\.escalade-r7pypDZU',
735 silly reify   'C:\\Users\\Hp 1030 X360\\Documents\\Mercy-fx\\mercy-dev-studio\\node_modules\\eslint': 'C:\\Users\\Hp 1030 X360\\Documents\\Mercy-fx\\mercy-dev-studio\\node_modules\\.eslint-yhGRD7ui',
735 silly reify   'C:\\Users\\Hp 1030 X360\\Documents\\Mercy-fx\\mercy-dev-studio\\node_modules\\.bin\\eslint': 'C:\\Users\\Hp 1030 X360\\Documents\\Mercy-fx\\mercy-dev-studio\\node_modules\\.bin\\.eslint-lhkDLkEI',
735 silly reify   'C:\\Users\\Hp 1030 X360\\Documents\\Mercy-fx\\mercy-dev-studio\\node_modules\\.bin\\eslint.cmd': 'C:\\Users\\Hp 1030 X360\\Documents\\Mercy-fx\\mercy-dev-studio\\node_modules\\.bin\\.eslint.cmd-0nGvEdE6',
735 silly reify   'C:\\Users\\Hp 1030 X360\\Documents\\Mercy-fx\\mercy-dev-studio\\node_modules\\.bin\\eslint.ps1': 'C:\\Users\\Hp 1030 X360\\Documents\\Mercy-fx\\mercy-dev-studio\\node_modules\\.bin\\.eslint.ps1-GainEj04',
735 silly reify   'C:\\Users\\Hp 1030 X360\\Documents\\Mercy-fx\\mercy-dev-studio\\node_modules\\eslint-config-next': 'C:\\Users\\Hp 1030 X360\\Documents\\Mercy-fx\\mercy-dev-studio\\node_modules\\.eslint-config-next-VHQ9p6TX',
735 silly reify   'C:\\Users\\Hp 1030 X360\\Documents\\Mercy-fx\\mercy-dev-studio\\node_modules\\eslint-plugin-react-hooks': 'C:\\Users\\Hp 1030 X360\\Documents\\Mercy-fx\\mercy-dev-studio\\node_modules\\.eslint-plugin-react-hooks-EHu9TmZo',
735 silly reify   'C:\\Users\\Hp 1030 X360\\Documents\\Mercy-fx\\mercy-dev-studio\\node_modules\\eslint-scope': 'C:\\Users\\Hp 1030 X360\\Documents\\Mercy-fx\\mercy-dev-studio\\node_modules\\.eslint-scope-FACQe0tj',
735 silly reify   'C:\\Users\\Hp 1030 X360\\Documents\\Mercy-fx\\mercy-dev-studio\\node_modules\\eslint-visitor-keys': 'C:\\Users\\Hp 1030 X360\\Documents\\Mercy-fx\\mercy-dev-studio\\node_modules\\.eslint-visitor-keys-VYmB3M3d',
735 silly reify   'C:\\Users\\Hp 1030 X360\\Documents\\Mercy-fx\\mercy-dev-studio\\node_modules\\espree': 'C:\\Users\\Hp 1030 X360\\Documents\\Mercy-fx\\mercy-dev-studio\\node_modules\\.espree-h7mHlMmE',
735 silly reify   'C:\\Users\\Hp 1030 X360\\Documents\\Mercy-fx\\mercy-dev-studio\\node_modules\\fast-glob': 'C:\\Users\\Hp 1030 X360\\Documents\\Mercy-fx\\mercy-dev-studio\\node_modules\\.fast-glob-MXYfeAPW',
735 silly reify   'C:\\Users\\Hp 1030 X360\\Documents\\Mercy-fx\\mercy-dev-studio\\node_modules\\fill-range': 'C:\\Users\\Hp 1030 X360\\Documents\\Mercy-fx\\mercy-dev-studio\\node_modules\\.fill-range-1B8Nzv7l',
735 silly reify   'C:\\Users\\Hp 1030 X360\\Documents\\Mercy-fx\\mercy-dev-studio\\node_modules\\file-entry-cache': 'C:\\Users\\Hp 1030 X360\\Documents\\Mercy-fx\\mercy-dev-studio\\node_modules\\.file-entry-cache-877v8mlF',
735 silly reify   'C:\\Users\\Hp 1030 X360\\Documents\\Mercy-fx\\mercy-dev-studio\\node_modules\\flat-cache': 'C:\\Users\\Hp 1030 X360\\Documents\\Mercy-fx\\mercy-dev-studio\\node_modules\\.flat-cache-f8x5mxCD',
735 silly reify   'C:\\Users\\Hp 1030 X360\\Documents\\Mercy-fx\\mercy-dev-studio\\node_modules\\gensync': 'C:\\Users\\Hp 1030 X360\\Documents\\Mercy-fx\\mercy-dev-studio\\node_modules\\.gensync-wb8ffoMD',
735 silly reify   'C:\\Users\\Hp 1030 X360\\Documents\\Mercy-fx\\mercy-dev-studio\\node_modules\\globals': 'C:\\Users\\Hp 1030 X360\\Documents\\Mercy-fx\\mercy-dev-studio\\node_modules\\.globals-8hQxiLy0',
735 silly reify   'C:\\Users\\Hp 1030 X360\\Documents\\Mercy-fx\\mercy-dev-studio\\node_modules\\hermes-estree': 'C:\\Users\\Hp 1030 X360\\Documents\\Mercy-fx\\mercy-dev-studio\\node_modules\\.hermes-estree-cGFDj18k',
735 silly reify   'C:\\Users\\Hp 1030 X360\\Documents\\Mercy-fx\\mercy-dev-studio\\node_modules\\hermes-parser': 'C:\\Users\\Hp 1030 X360\\Documents\\Mercy-fx\\mercy-dev-studio\\node_modules\\.hermes-parser-VpBMTM3U',
735 silly reify   'C:\\Users\\Hp 1030 X360\\Documents\\Mercy-fx\\mercy-dev-studio\\node_modules\\is-number': 'C:\\Users\\Hp 1030 X360\\Documents\\Mercy-fx\\mercy-dev-studio\\node_modules\\.is-number-OMKdCql4',
735 silly reify   'C:\\Users\\Hp 1030 X360\\Documents\\Mercy-fx\\mercy-dev-studio\\node_modules\\js-yaml': 'C:\\Users\\Hp 1030 X360\\Documents\\Mercy-fx\\mercy-dev-studio\\node_modules\\.js-yaml-Vi3yxkyH',
735 silly reify   'C:\\Users\\Hp 1030 X360\\Documents\\Mercy-fx\\mercy-dev-studio\\node_modules\\.bin\\js-yaml': 'C:\\Users\\Hp 1030 X360\\Documents\\Mercy-fx\\mercy-dev-studio\\node_modules\\.bin\\.js-yaml-KwsDA7kJ',
735 silly reify   'C:\\Users\\Hp 1030 X360\\Documents\\Mercy-fx\\mercy-dev-studio\\node_modules\\.bin\\js-yaml.cmd': 'C:\\Users\\Hp 1030 X360\\Documents\\Mercy-fx\\mercy-dev-studio\\node_modules\\.bin\\.js-yaml.cmd-78vsuGY3',
735 silly reify   'C:\\Users\\Hp 1030 X360\\Documents\\Mercy-fx\\mercy-dev-studio\\node_modules\\.bin\\js-yaml.ps1': 'C:\\Users\\Hp 1030 X360\\Documents\\Mercy-fx\\mercy-dev-studio\\node_modules\\.bin\\.js-yaml.ps1-YJwlJ2pX',
735 silly reify   'C:\\Users\\Hp 1030 X360\\Documents\\Mercy-fx\\mercy-dev-studio\\node_modules\\jsesc': 'C:\\Users\\Hp 1030 X360\\Documents\\Mercy-fx\\mercy-dev-studio\\node_modules\\.jsesc-wuspfAzS',
735 silly reify   'C:\\Users\\Hp 1030 X360\\Documents\\Mercy-fx\\mercy-dev-studio\\node_modules\\.bin\\jsesc': 'C:\\Users\\Hp 1030 X360\\Documents\\Mercy-fx\\mercy-dev-studio\\node_modules\\.bin\\.jsesc-3utfk8wA',
735 silly reify   'C:\\Users\\Hp 1030 X360\\Documents\\Mercy-fx\\mercy-dev-studio\\node_modules\\.bin\\jsesc.cmd': 'C:\\Users\\Hp 1030 X360\\Documents\\Mercy-fx\\mercy-dev-studio\\node_modules\\.bin\\.jsesc.cmd-prZN83Rh',
735 silly reify   'C:\\Users\\Hp 1030 X360\\Documents\\Mercy-fx\\mercy-dev-studio\\node_modules\\.bin\\jsesc.ps1': 'C:\\Users\\Hp 1030 X360\\Documents\\Mercy-fx\\mercy-dev-studio\\node_modules\\.bin\\.jsesc.ps1-LGC9pV2W',
735 silly reify   'C:\\Users\\Hp 1030 X360\\Documents\\Mercy-fx\\mercy-dev-studio\\node_modules\\json5': 'C:\\Users\\Hp 1030 X360\\Documents\\Mercy-fx\\mercy-dev-studio\\node_modules\\.json5-Ly2Zq0Ld',
735 silly reify   'C:\\Users\\Hp 1030 X360\\Documents\\Mercy-fx\\mercy-dev-studio\\node_modules\\.bin\\json5': 'C:\\Users\\Hp 1030 X360\\Documents\\Mercy-fx\\mercy-dev-studio\\node_modules\\.bin\\.json5-8O9l7BPQ',
735 silly reify   'C:\\Users\\Hp 1030 X360\\Documents\\Mercy-fx\\mercy-dev-studio\\node_modules\\.bin\\json5.cmd': 'C:\\Users\\Hp 1030 X360\\Documents\\Mercy-fx\\mercy-dev-studio\\node_modules\\.bin\\.json5.cmd-7wsGqDe1',
735 silly reify   'C:\\Users\\Hp 1030 X360\\Documents\\Mercy-fx\\mercy-dev-studio\\node_modules\\.bin\\json5.ps1': 'C:\\Users\\Hp 1030 X360\\Documents\\Mercy-fx\\mercy-dev-studio\\node_modules\\.bin\\.json5.ps1-E9s9U1Cc',
735 silly reify   'C:\\Users\\Hp 1030 X360\\Documents\\Mercy-fx\\mercy-dev-studio\\node_modules\\lru-cache': 'C:\\Users\\Hp 1030 X360\\Documents\\Mercy-fx\\mercy-dev-studio\\node_modules\\.lru-cache-28Oy7HVh',
735 silly reify   'C:\\Users\\Hp 1030 X360\\Documents\\Mercy-fx\\mercy-dev-studio\\node_modules\\merge2': 'C:\\Users\\Hp 1030 X360\\Documents\\Mercy-fx\\mercy-dev-studio\\node_modules\\.merge2-c9G5hF80',
735 silly reify   'C:\\Users\\Hp 1030 X360\\Documents\\Mercy-fx\\mercy-dev-studio\\node_modules\\micromatch': 'C:\\Users\\Hp 1030 X360\\Documents\\Mercy-fx\\mercy-dev-studio\\node_modules\\.micromatch-Ub86HN4f',
735 silly reify   'C:\\Users\\Hp 1030 X360\\Documents\\Mercy-fx\\mercy-dev-studio\\node_modules\\next': 'C:\\Users\\Hp 1030 X360\\Documents\\Mercy-fx\\mercy-dev-studio\\node_modules\\.next-CEFlceV3',
735 silly reify   'C:\\Users\\Hp 1030 X360\\Documents\\Mercy-fx\\mercy-dev-studio\\node_modules\\.bin\\next': 'C:\\Users\\Hp 1030 X360\\Documents\\Mercy-fx\\mercy-dev-studio\\node_modules\\.bin\\.next-LJZCPTBJ',
735 silly reify   'C:\\Users\\Hp 1030 X360\\Documents\\Mercy-fx\\mercy-dev-studio\\node_modules\\.bin\\next.cmd': 'C:\\Users\\Hp 1030 X360\\Documents\\Mercy-fx\\mercy-dev-studio\\node_modules\\.bin\\.next.cmd-xGIy2GaH',
735 silly reify   'C:\\Users\\Hp 1030 X360\\Documents\\Mercy-fx\\mercy-dev-studio\\node_modules\\.bin\\next.ps1': 'C:\\Users\\Hp 1030 X360\\Documents\\Mercy-fx\\mercy-dev-studio\\node_modules\\.bin\\.next.ps1-KcSAnhkB',
735 silly reify   'C:\\Users\\Hp 1030 X360\\Documents\\Mercy-fx\\mercy-dev-studio\\node_modules\\node-releases': 'C:\\Users\\Hp 1030 X360\\Documents\\Mercy-fx\\mercy-dev-studio\\node_modules\\.node-releases-6AFBRtHO',
735 silly reify   'C:\\Users\\Hp 1030 X360\\Documents\\Mercy-fx\\mercy-dev-studio\\node_modules\\picomatch': 'C:\\Users\\Hp 1030 X360\\Documents\\Mercy-fx\\mercy-dev-studio\\node_modules\\.picomatch-3q5CuzyI',
735 silly reify   'C:\\Users\\Hp 1030 X360\\Documents\\Mercy-fx\\mercy-dev-studio\\node_modules\\react': 'C:\\Users\\Hp 1030 X360\\Documents\\Mercy-fx\\mercy-dev-studio\\node_modules\\.react-gHKGfcsf',
735 silly reify   'C:\\Users\\Hp 1030 X360\\Documents\\Mercy-fx\\mercy-dev-studio\\node_modules\\react-dom': 'C:\\Users\\Hp 1030 X360\\Documents\\Mercy-fx\\mercy-dev-studio\\node_modules\\.react-dom-WHr44e36',
735 silly reify   'C:\\Users\\Hp 1030 X360\\Documents\\Mercy-fx\\mercy-dev-studio\\node_modules\\scheduler': 'C:\\Users\\Hp 1030 X360\\Documents\\Mercy-fx\\mercy-dev-studio\\node_modules\\.scheduler-8X5ay0tK',
735 silly reify   'C:\\Users\\Hp 1030 X360\\Documents\\Mercy-fx\\mercy-dev-studio\\node_modules\\sharp': 'C:\\Users\\Hp 1030 X360\\Documents\\Mercy-fx\\mercy-dev-studio\\node_modules\\.sharp-7btcM9nw',
735 silly reify   'C:\\Users\\Hp 1030 X360\\Documents\\Mercy-fx\\mercy-dev-studio\\node_modules\\styled-jsx': 'C:\\Users\\Hp 1030 X360\\Documents\\Mercy-fx\\mercy-dev-studio\\node_modules\\.styled-jsx-PCqsHFzn',
735 silly reify   'C:\\Users\\Hp 1030 X360\\Documents\\Mercy-fx\\mercy-dev-studio\\node_modules\\to-regex-range': 'C:\\Users\\Hp 1030 X360\\Documents\\Mercy-fx\\mercy-dev-studio\\node_modules\\.to-regex-range-9coFOoPh',
735 silly reify   'C:\\Users\\Hp 1030 X360\\Documents\\Mercy-fx\\mercy-dev-studio\\node_modules\\typescript-eslint': 'C:\\Users\\Hp 1030 X360\\Documents\\Mercy-fx\\mercy-dev-studio\\node_modules\\.typescript-eslint-JD6o6fRJ',
735 silly reify   'C:\\Users\\Hp 1030 X360\\Documents\\Mercy-fx\\mercy-dev-studio\\node_modules\\update-browserslist-db': 'C:\\Users\\Hp 1030 X360\\Documents\\Mercy-fx\\mercy-dev-studio\\node_modules\\.update-browserslist-db-Aeqpo9rj',
735 silly reify   'C:\\Users\\Hp 1030 X360\\Documents\\Mercy-fx\\mercy-dev-studio\\node_modules\\.bin\\update-browserslist-db': 'C:\\Users\\Hp 1030 X360\\Documents\\Mercy-fx\\mercy-dev-studio\\node_modules\\.bin\\.update-browserslist-db-9Cm0S0e3',
735 silly reify   'C:\\Users\\Hp 1030 X360\\Documents\\Mercy-fx\\mercy-dev-studio\\node_modules\\.bin\\update-browserslist-db.cmd': 'C:\\Users\\Hp 1030 X360\\Documents\\Mercy-fx\\mercy-dev-studio\\node_modules\\.bin\\.update-browserslist-db.cmd-ge3a5iMQ',
735 silly reify   'C:\\Users\\Hp 1030 X360\\Documents\\Mercy-fx\\mercy-dev-studio\\node_modules\\.bin\\update-browserslist-db.ps1': 'C:\\Users\\Hp 1030 X360\\Documents\\Mercy-fx\\mercy-dev-studio\\node_modules\\.bin\\.update-browserslist-db.ps1-s2MPj5IP',
735 silly reify   'C:\\Users\\Hp 1030 X360\\Documents\\Mercy-fx\\mercy-dev-studio\\node_modules\\yallist': 'C:\\Users\\Hp 1030 X360\\Documents\\Mercy-fx\\mercy-dev-studio\\node_modules\\.yallist-M1oyJGtx',
735 silly reify   'C:\\Users\\Hp 1030 X360\\Documents\\Mercy-fx\\mercy-dev-studio\\node_modules\\zod-validation-error': 'C:\\Users\\Hp 1030 X360\\Documents\\Mercy-fx\\mercy-dev-studio\\node_modules\\.zod-validation-error-AaKyhPXy',
735 silly reify   'C:\\Users\\Hp 1030 X360\\Documents\\Mercy-fx\\mercy-dev-studio\\node_modules\\@babel\\code-frame': 'C:\\Users\\Hp 1030 X360\\Documents\\Mercy-fx\\mercy-dev-studio\\node_modules\\@babel\\.code-frame-v01L4sty',
735 silly reify   'C:\\Users\\Hp 1030 X360\\Documents\\Mercy-fx\\mercy-dev-studio\\node_modules\\@babel\\compat-data': 'C:\\Users\\Hp 1030 X360\\Documents\\Mercy-fx\\mercy-dev-studio\\node_modules\\@babel\\.compat-data-FqZxiWjA',
735 silly reify   'C:\\Users\\Hp 1030 X360\\Documents\\Mercy-fx\\mercy-dev-studio\\node_modules\\@babel\\core': 'C:\\Users\\Hp 1030 X360\\Documents\\Mercy-fx\\mercy-dev-studio\\node_modules\\@babel\\.core-Un0jGtzb',
735 silly reify   'C:\\Users\\Hp 1030 X360\\Documents\\Mercy-fx\\mercy-dev-studio\\node_modules\\@babel\\generator': 'C:\\Users\\Hp 1030 X360\\Documents\\Mercy-fx\\mercy-dev-studio\\node_modules\\@babel\\.generator-W2KbCzVe',
735 silly reify   'C:\\Users\\Hp 1030 X360\\Documents\\Mercy-fx\\mercy-dev-studio\\node_modules\\@babel\\helper-compilation-targets': 'C:\\Users\\Hp 1030 X360\\Documents\\Mercy-fx\\mercy-dev-studio\\node_modules\\@babel\\.helper-compilation-targets-3bE80CKZ',
735 silly reify   'C:\\Users\\Hp 1030 X360\\Documents\\Mercy-fx\\mercy-dev-studio\\node_modules\\@babel\\helper-globals': 'C:\\Users\\Hp 1030 X360\\Documents\\Mercy-fx\\mercy-dev-studio\\node_modules\\@babel\\.helper-globals-Jtk98w7e',
735 silly reify   'C:\\Users\\Hp 1030 X360\\Documents\\Mercy-fx\\mercy-dev-studio\\node_modules\\@babel\\helper-module-imports': 'C:\\Users\\Hp 1030 X360\\Documents\\Mercy-fx\\mercy-dev-studio\\node_modules\\@babel\\.helper-module-imports-ehjIsUsz',
735 silly reify   'C:\\Users\\Hp 1030 X360\\Documents\\Mercy-fx\\mercy-dev-studio\\node_modules\\@babel\\helper-module-transforms': 'C:\\Users\\Hp 1030 X360\\Documents\\Mercy-fx\\mercy-dev-studio\\node_modules\\@babel\\.helper-module-transforms-jhQrmHly',
735 silly reify   'C:\\Users\\Hp 1030 X360\\Documents\\Mercy-fx\\mercy-dev-studio\\node_modules\\@babel\\helper-string-parser': 'C:\\Users\\Hp 1030 X360\\Documents\\Mercy-fx\\mercy-dev-studio\\node_modules\\@babel\\.helper-string-parser-WEyCgbzQ',
735 silly reify   'C:\\Users\\Hp 1030 X360\\Documents\\Mercy-fx\\mercy-dev-studio\\node_modules\\@babel\\helper-validator-identifier': 'C:\\Users\\Hp 1030 X360\\Documents\\Mercy-fx\\mercy-dev-studio\\node_modules\\@babel\\.helper-validator-identifier-80Q2VQP2',
735 silly reify   'C:\\Users\\Hp 1030 X360\\Documents\\Mercy-fx\\mercy-dev-studio\\node_modules\\@babel\\helper-validator-option': 'C:\\Users\\Hp 1030 X360\\Documents\\Mercy-fx\\mercy-dev-studio\\node_modules\\@babel\\.helper-validator-option-qOjMExIo',
735 silly reify   'C:\\Users\\Hp 1030 X360\\Documents\\Mercy-fx\\mercy-dev-studio\\node_modules\\@babel\\helpers': 'C:\\Users\\Hp 1030 X360\\Documents\\Mercy-fx\\mercy-dev-studio\\node_modules\\@babel\\.helpers-f3PjPNdE',
735 silly reify   'C:\\Users\\Hp 1030 X360\\Documents\\Mercy-fx\\mercy-dev-studio\\node_modules\\@babel\\parser': 'C:\\Users\\Hp 1030 X360\\Documents\\Mercy-fx\\mercy-dev-studio\\node_modules\\@babel\\.parser-oo0Xsr6j',
735 silly reify   'C:\\Users\\Hp 1030 X360\\Documents\\Mercy-fx\\mercy-dev-studio\\node_modules\\.bin\\parser': 'C:\\Users\\Hp 1030 X360\\Documents\\Mercy-fx\\mercy-dev-studio\\node_modules\\.bin\\.parser-8CmmPDUU',
735 silly reify   'C:\\Users\\Hp 1030 X360\\Documents\\Mercy-fx\\mercy-dev-studio\\node_modules\\.bin\\parser.cmd': 'C:\\Users\\Hp 1030 X360\\Documents\\Mercy-fx\\mercy-dev-studio\\node_modules\\.bin\\.parser.cmd-Xjbclmzg',
735 silly reify   'C:\\Users\\Hp 1030 X360\\Documents\\Mercy-fx\\mercy-dev-studio\\node_modules\\.bin\\parser.ps1': 'C:\\Users\\Hp 1030 X360\\Documents\\Mercy-fx\\mercy-dev-studio\\node_modules\\.bin\\.parser.ps1-DED4Vjyc',
735 silly reify   'C:\\Users\\Hp 1030 X360\\Documents\\Mercy-fx\\mercy-dev-studio\\node_modules\\@babel\\template': 'C:\\Users\\Hp 1030 X360\\Documents\\Mercy-fx\\mercy-dev-studio\\node_modules\\@babel\\.template-LUMRetZo',
735 silly reify   'C:\\Users\\Hp 1030 X360\\Documents\\Mercy-fx\\mercy-dev-studio\\node_modules\\@babel\\traverse': 'C:\\Users\\Hp 1030 X360\\Documents\\Mercy-fx\\mercy-dev-studio\\node_modules\\@babel\\.traverse-FB2VTElS',
735 silly reify   'C:\\Users\\Hp 1030 X360\\Documents\\Mercy-fx\\mercy-dev-studio\\node_modules\\@babel\\types': 'C:\\Users\\Hp 1030 X360\\Documents\\Mercy-fx\\mercy-dev-studio\\node_modules\\@babel\\.types-RbjpT5LJ',
735 silly reify   'C:\\Users\\Hp 1030 X360\\Documents\\Mercy-fx\\mercy-dev-studio\\node_modules\\@eslint\\config-array': 'C:\\Users\\Hp 1030 X360\\Documents\\Mercy-fx\\mercy-dev-studio\\node_modules\\@eslint\\.config-array-lliYguzB',
735 silly reify   'C:\\Users\\Hp 1030 X360\\Documents\\Mercy-fx\\mercy-dev-studio\\node_modules\\@eslint\\config-helpers': 'C:\\Users\\Hp 1030 X360\\Documents\\Mercy-fx\\mercy-dev-studio\\node_modules\\@eslint\\.config-helpers-UcMypEvH',
735 silly reify   'C:\\Users\\Hp 1030 X360\\Documents\\Mercy-fx\\mercy-dev-studio\\node_modules\\@eslint\\core': 'C:\\Users\\Hp 1030 X360\\Documents\\Mercy-fx\\mercy-dev-studio\\node_modules\\@eslint\\.core-s8ffOlnk',
735 silly reify   'C:\\Users\\Hp 1030 X360\\Documents\\Mercy-fx\\mercy-dev-studio\\node_modules\\@eslint\\eslintrc': 'C:\\Users\\Hp 1030 X360\\Documents\\Mercy-fx\\mercy-dev-studio\\node_modules\\@eslint\\.eslintrc-cFP07Eg3',
735 silly reify   'C:\\Users\\Hp 1030 X360\\Documents\\Mercy-fx\\mercy-dev-studio\\node_modules\\@eslint\\object-schema': 'C:\\Users\\Hp 1030 X360\\Documents\\Mercy-fx\\mercy-dev-studio\\node_modules\\@eslint\\.object-schema-YCg3Q1OX',
735 silly reify   'C:\\Users\\Hp 1030 X360\\Documents\\Mercy-fx\\mercy-dev-studio\\node_modules\\@eslint\\js': 'C:\\Users\\Hp 1030 X360\\Documents\\Mercy-fx\\mercy-dev-studio\\node_modules\\@eslint\\.js-VQSFmrHs',
735 silly reify   'C:\\Users\\Hp 1030 X360\\Documents\\Mercy-fx\\mercy-dev-studio\\node_modules\\@eslint\\plugin-kit': 'C:\\Users\\Hp 1030 X360\\Documents\\Mercy-fx\\mercy-dev-studio\\node_modules\\@eslint\\.plugin-kit-ghUtohTu',
735 silly reify   'C:\\Users\\Hp 1030 X360\\Documents\\Mercy-fx\\mercy-dev-studio\\node_modules\\@eslint-community\\eslint-utils\\node_modules\\eslint-visitor-keys': 'C:\\Users\\Hp 1030 X360\\Documents\\Mercy-fx\\mercy-dev-studio\\node_modules\\@eslint-community\\eslint-utils\\node_modules\\.eslint-visitor-keys-Fr2ljG37',
735 silly reify   'C:\\Users\\Hp 1030 X360\\Documents\\Mercy-fx\\mercy-dev-studio\\node_modules\\@humanfs\\core': 'C:\\Users\\Hp 1030 X360\\Documents\\Mercy-fx\\mercy-dev-studio\\node_modules\\@humanfs\\.core-gR7voY1J',
735 silly reify   'C:\\Users\\Hp 1030 X360\\Documents\\Mercy-fx\\mercy-dev-studio\\node_modules\\@humanfs\\node': 'C:\\Users\\Hp 1030 X360\\Documents\\Mercy-fx\\mercy-dev-studio\\node_modules\\@humanfs\\.node-sFJZg9MW',
735 silly reify   'C:\\Users\\Hp 1030 X360\\Documents\\Mercy-fx\\mercy-dev-studio\\node_modules\\@humanfs\\types': 'C:\\Users\\Hp 1030 X360\\Documents\\Mercy-fx\\mercy-dev-studio\\node_modules\\@humanfs\\.types-YHHjo4tG',
735 silly reify   'C:\\Users\\Hp 1030 X360\\Documents\\Mercy-fx\\mercy-dev-studio\\node_modules\\@humanwhocodes\\retry': 'C:\\Users\\Hp 1030 X360\\Documents\\Mercy-fx\\mercy-dev-studio\\node_modules\\@humanwhocodes\\.retry-Ytf5CFjx',
735 silly reify   'C:\\Users\\Hp 1030 X360\\Documents\\Mercy-fx\\mercy-dev-studio\\node_modules\\@img\\colour': 'C:\\Users\\Hp 1030 X360\\Documents\\Mercy-fx\\mercy-dev-studio\\node_modules\\@img\\.colour-5R7xpIJf',
735 silly reify   'C:\\Users\\Hp 1030 X360\\Documents\\Mercy-fx\\mercy-dev-studio\\node_modules\\@img\\sharp-win32-x64': 'C:\\Users\\Hp 1030 X360\\Documents\\Mercy-fx\\mercy-dev-studio\\node_modules\\@img\\.sharp-win32-x64-XNXUyqm9',
735 silly reify   'C:\\Users\\Hp 1030 X360\\Documents\\Mercy-fx\\mercy-dev-studio\\node_modules\\@next\\swc-win32-x64-msvc': 'C:\\Users\\Hp 1030 X360\\Documents\\Mercy-fx\\mercy-dev-studio\\node_modules\\@next\\.swc-win32-x64-msvc-jCkBDchM',
735 silly reify   'C:\\Users\\Hp 1030 X360\\Documents\\Mercy-fx\\mercy-dev-studio\\node_modules\\@next\\eslint-plugin-next': 'C:\\Users\\Hp 1030 X360\\Documents\\Mercy-fx\\mercy-dev-studio\\node_modules\\@next\\.eslint-plugin-next-ogdun4gc',
735 silly reify   'C:\\Users\\Hp 1030 X360\\Documents\\Mercy-fx\\mercy-dev-studio\\node_modules\\@next\\env': 'C:\\Users\\Hp 1030 X360\\Documents\\Mercy-fx\\mercy-dev-studio\\node_modules\\@next\\.env-N3UWPwYc',
735 silly reify   'C:\\Users\\Hp 1030 X360\\Documents\\Mercy-fx\\mercy-dev-studio\\node_modules\\@swc\\helpers': 'C:\\Users\\Hp 1030 X360\\Documents\\Mercy-fx\\mercy-dev-studio\\node_modules\\@swc\\.helpers-cTvvDssk',
735 silly reify   'C:\\Users\\Hp 1030 X360\\Documents\\Mercy-fx\\mercy-dev-studio\\node_modules\\@types\\json-schema': 'C:\\Users\\Hp 1030 X360\\Documents\\Mercy-fx\\mercy-dev-studio\\node_modules\\@types\\.json-schema-0CeVrYP0',
735 silly reify   'C:\\Users\\Hp 1030 X360\\Documents\\Mercy-fx\\mercy-dev-studio\\node_modules\\@types\\react': 'C:\\Users\\Hp 1030 X360\\Documents\\Mercy-fx\\mercy-dev-studio\\node_modules\\@types\\.react-Jh446BbL',
735 silly reify   'C:\\Users\\Hp 1030 X360\\Documents\\Mercy-fx\\mercy-dev-studio\\node_modules\\@types\\estree': 'C:\\Users\\Hp 1030 X360\\Documents\\Mercy-fx\\mercy-dev-studio\\node_modules\\@types\\.estree-qGZvw44Q',
735 silly reify   'C:\\Users\\Hp 1030 X360\\Documents\\Mercy-fx\\mercy-dev-studio\\node_modules\\@types\\react-dom': 'C:\\Users\\Hp 1030 X360\\Documents\\Mercy-fx\\mercy-dev-studio\\node_modules\\@types\\.react-dom-MDepfp2u',
735 silly reify   'C:\\Users\\Hp 1030 X360\\Documents\\Mercy-fx\\mercy-dev-studio\\node_modules\\@typescript-eslint\\eslint-plugin': 'C:\\Users\\Hp 1030 X360\\Documents\\Mercy-fx\\mercy-dev-studio\\node_modules\\@typescript-eslint\\.eslint-plugin-ZptdQb02',
735 silly reify   'C:\\Users\\Hp 1030 X360\\Documents\\Mercy-fx\\mercy-dev-studio\\node_modules\\@typescript-eslint\\project-service': 'C:\\Users\\Hp 1030 X360\\Documents\\Mercy-fx\\mercy-dev-studio\\node_modules\\@typescript-eslint\\.project-service-GAW94Qsf',
735 silly reify   'C:\\Users\\Hp 1030 X360\\Documents\\Mercy-fx\\mercy-dev-studio\\node_modules\\@typescript-eslint\\parser': 'C:\\Users\\Hp 1030 X360\\Documents\\Mercy-fx\\mercy-dev-studio\\node_modules\\@typescript-eslint\\.parser-RnyH41BU',
735 silly reify   'C:\\Users\\Hp 1030 X360\\Documents\\Mercy-fx\\mercy-dev-studio\\node_modules\\@typescript-eslint\\scope-manager': 'C:\\Users\\Hp 1030 X360\\Documents\\Mercy-fx\\mercy-dev-studio\\node_modules\\@typescript-eslint\\.scope-manager-6CBRCIDN',
735 silly reify   'C:\\Users\\Hp 1030 X360\\Documents\\Mercy-fx\\mercy-dev-studio\\node_modules\\@typescript-eslint\\tsconfig-utils': 'C:\\Users\\Hp 1030 X360\\Documents\\Mercy-fx\\mercy-dev-studio\\node_modules\\@typescript-eslint\\.tsconfig-utils-VaxeB60S',
735 silly reify   'C:\\Users\\Hp 1030 X360\\Documents\\Mercy-fx\\mercy-dev-studio\\node_modules\\@typescript-eslint\\types': 'C:\\Users\\Hp 1030 X360\\Documents\\Mercy-fx\\mercy-dev-studio\\node_modules\\@typescript-eslint\\.types-aop7413R',
735 silly reify   'C:\\Users\\Hp 1030 X360\\Documents\\Mercy-fx\\mercy-dev-studio\\node_modules\\@typescript-eslint\\typescript-estree': 'C:\\Users\\Hp 1030 X360\\Documents\\Mercy-fx\\mercy-dev-studio\\node_modules\\@typescript-eslint\\.typescript-estree-P9OVAR7n',
735 silly reify   'C:\\Users\\Hp 1030 X360\\Documents\\Mercy-fx\\mercy-dev-studio\\node_modules\\@typescript-eslint\\utils': 'C:\\Users\\Hp 1030 X360\\Documents\\Mercy-fx\\mercy-dev-studio\\node_modules\\@typescript-eslint\\.utils-2iGMAXws',
735 silly reify   'C:\\Users\\Hp 1030 X360\\Documents\\Mercy-fx\\mercy-dev-studio\\node_modules\\@typescript-eslint\\type-utils': 'C:\\Users\\Hp 1030 X360\\Documents\\Mercy-fx\\mercy-dev-studio\\node_modules\\@typescript-eslint\\.type-utils-S49MRbTB',
735 silly reify   'C:\\Users\\Hp 1030 X360\\Documents\\Mercy-fx\\mercy-dev-studio\\node_modules\\@typescript-eslint\\visitor-keys': 'C:\\Users\\Hp 1030 X360\\Documents\\Mercy-fx\\mercy-dev-studio\\node_modules\\@typescript-eslint\\.visitor-keys-yh2wc6lM'
735 silly reify }
736 verbose reify failed optional dependency C:\Users\Hp 1030 X360\Documents\Mercy-fx\mercy-dev-studio\node_modules\@tailwindcss\oxide-wasm32-wasi
737 silly reify mark deleted [
737 silly reify   'C:\\Users\\Hp 1030 X360\\Documents\\Mercy-fx\\mercy-dev-studio\\node_modules\\@tailwindcss\\oxide-wasm32-wasi'
737 silly reify ]
738 silly audit bulk request {
738 silly audit   '@alloc/quick-lru': [ '5.2.0' ],
738 silly audit   '@babel/runtime': [ '7.29.7' ],
738 silly audit   '@emnapi/core': [ '1.10.0' ],
738 silly audit   '@emnapi/runtime': [ '1.10.0' ],
738 silly audit   '@emnapi/wasi-threads': [ '1.2.1' ],
738 silly audit   '@esbuild/aix-ppc64': [ '0.28.0' ],
738 silly audit   '@esbuild/android-arm': [ '0.28.0' ],
738 silly audit   '@esbuild/android-arm64': [ '0.28.0' ],
738 silly audit   '@esbuild/android-x64': [ '0.28.0' ],
738 silly audit   '@esbuild/darwin-arm64': [ '0.28.0' ],
738 silly audit   '@esbuild/darwin-x64': [ '0.28.0' ],
738 silly audit   '@esbuild/freebsd-arm64': [ '0.28.0' ],
738 silly audit   '@esbuild/freebsd-x64': [ '0.28.0' ],
738 silly audit   '@esbuild/linux-arm': [ '0.28.0' ],
738 silly audit   '@esbuild/linux-arm64': [ '0.28.0' ],
738 silly audit   '@esbuild/linux-ia32': [ '0.28.0' ],
738 silly audit   '@esbuild/linux-loong64': [ '0.28.0' ],
738 silly audit   '@esbuild/linux-mips64el': [ '0.28.0' ],
738 silly audit   '@esbuild/linux-ppc64': [ '0.28.0' ],
738 silly audit   '@esbuild/linux-riscv64': [ '0.28.0' ],
738 silly audit   '@esbuild/linux-s390x': [ '0.28.0' ],
738 silly audit   '@esbuild/linux-x64': [ '0.28.0' ],
738 silly audit   '@esbuild/netbsd-arm64': [ '0.28.0' ],
738 silly audit   '@esbuild/netbsd-x64': [ '0.28.0' ],
738 silly audit   '@esbuild/openbsd-arm64': [ '0.28.0' ],
738 silly audit   '@esbuild/openbsd-x64': [ '0.28.0' ],
738 silly audit   '@esbuild/openharmony-arm64': [ '0.28.0' ],
738 silly audit   '@esbuild/sunos-x64': [ '0.28.0' ],
738 silly audit   '@esbuild/win32-arm64': [ '0.28.0' ],
738 silly audit   '@esbuild/win32-ia32': [ '0.28.0' ],
738 silly audit   '@esbuild/win32-x64': [ '0.28.0' ],
738 silly audit   '@eslint-community/eslint-utils': [ '4.9.1' ],
738 silly audit   'eslint-visitor-keys': [ '3.4.3', '5.0.1' ],
738 silly audit   '@eslint-community/regexpp': [ '4.12.2' ],
738 silly audit   '@humanwhocodes/module-importer': [ '1.0.1' ],
738 silly audit   '@jridgewell/gen-mapping': [ '0.3.13' ],
738 silly audit   '@jridgewell/remapping': [ '2.3.5' ],
738 silly audit   '@jridgewell/resolve-uri': [ '3.1.2' ],
738 silly audit   '@jridgewell/sourcemap-codec': [ '1.5.5' ],
738 silly audit   '@jridgewell/trace-mapping': [ '0.3.31' ],
738 silly audit   '@napi-rs/wasm-runtime': [ '1.1.4' ],
738 silly audit   '@nodelib/fs.scandir': [ '2.1.5' ],
738 silly audit   '@nodelib/fs.stat': [ '2.0.5' ],
738 silly audit   '@nodelib/fs.walk': [ '1.2.8' ],
738 silly audit   '@nolyfill/is-core-module': [ '1.0.39' ],
738 silly audit   '@panva/hkdf': [ '1.2.1' ],
738 silly audit   '@prisma/client': [ '5.22.0' ],
738 silly audit   '@prisma/debug': [ '5.22.0' ],
738 silly audit   '@prisma/engines': [ '5.22.0' ],
738 silly audit   '@prisma/engines-version': [ '5.22.0-44.605197351a3c8bdd595af2d2a9bc3025bca48ea2' ],
738 silly audit   '@prisma/fetch-engine': [ '5.22.0' ],
738 silly audit   '@prisma/get-platform': [ '5.22.0' ],
738 silly audit   '@rtsao/scc': [ '1.1.0' ],
738 silly audit   '@stablelib/base64': [ '1.0.1' ],
738 silly audit   '@tailwindcss/node': [ '4.3.0' ],
738 silly audit   '@tailwindcss/oxide': [ '4.3.0' ],
738 silly audit   '@tailwindcss/oxide-android-arm64': [ '4.3.0' ],
738 silly audit   '@tailwindcss/oxide-darwin-arm64': [ '4.3.0' ],
738 silly audit   '@tailwindcss/oxide-darwin-x64': [ '4.3.0' ],
738 silly audit   '@tailwindcss/oxide-freebsd-x64': [ '4.3.0' ],
738 silly audit   '@tailwindcss/oxide-linux-arm-gnueabihf': [ '4.3.0' ],
738 silly audit   '@tailwindcss/oxide-linux-arm64-gnu': [ '4.3.0' ],
738 silly audit   '@tailwindcss/oxide-linux-arm64-musl': [ '4.3.0' ],
738 silly audit   '@tailwindcss/oxide-linux-x64-gnu': [ '4.3.0' ],
738 silly audit   '@tailwindcss/oxide-linux-x64-musl': [ '4.3.0' ],
738 silly audit   '@tailwindcss/oxide-win32-arm64-msvc': [ '4.3.0' ],
738 silly audit   '@tailwindcss/oxide-win32-x64-msvc': [ '4.3.0' ],
738 silly audit   '@tailwindcss/postcss': [ '4.3.0' ],
738 silly audit   '@tybys/wasm-util': [ '0.10.2' ],
738 silly audit   '@types/bcryptjs': [ '2.4.6' ],
738 silly audit   '@types/json5': [ '0.0.29' ],
738 silly audit   '@types/node': [ '20.19.42' ],
738 silly audit   'balanced-match': [ '1.0.2', '4.0.4' ],
738 silly audit   'brace-expansion': [ '1.1.14', '5.0.6', '2.1.1' ],
738 silly audit   minimatch: [ '3.1.5', '10.2.5', '9.0.9' ],
738 silly audit   semver: [ '7.8.0', '7.8.1', '6.3.1', '7.8.4' ],
738 silly audit   '@unrs/resolver-binding-android-arm-eabi': [ '1.12.2' ],
738 silly audit   '@unrs/resolver-binding-android-arm64': [ '1.12.2' ],
738 silly audit   '@unrs/resolver-binding-darwin-arm64': [ '1.12.2' ],
738 silly audit   '@unrs/resolver-binding-darwin-x64': [ '1.12.2' ],
738 silly audit   '@unrs/resolver-binding-freebsd-x64': [ '1.12.2' ],
738 silly audit   '@unrs/resolver-binding-linux-arm-gnueabihf': [ '1.12.2' ],
738 silly audit   '@unrs/resolver-binding-linux-arm-musleabihf': [ '1.12.2' ],
738 silly audit   '@unrs/resolver-binding-linux-arm64-gnu': [ '1.12.2' ],
738 silly audit   '@unrs/resolver-binding-linux-arm64-musl': [ '1.12.2' ],
738 silly audit   '@unrs/resolver-binding-linux-loong64-gnu': [ '1.12.2' ],
738 silly audit   '@unrs/resolver-binding-linux-loong64-musl': [ '1.12.2' ],
738 silly audit   '@unrs/resolver-binding-linux-ppc64-gnu': [ '1.12.2' ],
738 silly audit   '@unrs/resolver-binding-linux-riscv64-gnu': [ '1.12.2' ],
738 silly audit   '@unrs/resolver-binding-linux-riscv64-musl': [ '1.12.2' ],
738 silly audit   '@unrs/resolver-binding-linux-s390x-gnu': [ '1.12.2' ],
738 silly audit   '@unrs/resolver-binding-linux-x64-gnu': [ '1.12.2' ],
738 silly audit   '@unrs/resolver-binding-linux-x64-musl': [ '1.12.2' ],
738 silly audit   '@unrs/resolver-binding-openharmony-arm64': [ '1.12.2' ],
738 silly audit   '@unrs/resolver-binding-wasm32-wasi': [ '1.12.2' ],
738 silly audit   '@unrs/resolver-binding-win32-arm64-msvc': [ '1.12.2' ],
738 silly audit   '@unrs/resolver-binding-win32-ia32-msvc': [ '1.12.2' ],
738 silly audit   '@unrs/resolver-binding-win32-x64-msvc': [ '1.12.2' ],
738 silly audit   'ansi-styles': [ '4.3.0', '6.2.3' ],
738 silly audit   'aria-query': [ '5.3.2' ],
738 silly audit   'array-buffer-byte-length': [ '1.0.2' ],
738 silly audit   'array-includes': [ '3.1.9' ],
738 silly audit   'array.prototype.findlast': [ '1.2.5' ],
738 silly audit   'array.prototype.findlastindex': [ '1.2.6' ],
738 silly audit   'array.prototype.flat': [ '1.3.3' ],
738 silly audit   'array.prototype.flatmap': [ '1.3.3' ],
738 silly audit   'array.prototype.tosorted': [ '1.1.4' ],
738 silly audit   'arraybuffer.prototype.slice': [ '1.0.4' ],
738 silly audit   'ast-types-flow': [ '0.0.8' ],
738 silly audit   'async-function': [ '1.0.0' ],
738 silly audit   'available-typed-arrays': [ '1.0.7' ],
738 silly audit   'axe-core': [ '4.11.4' ],
738 silly audit   'axobject-query': [ '4.1.0' ],
738 silly audit   bcryptjs: [ '3.0.3' ],
738 silly audit   'buffer-equal-constant-time': [ '1.0.1' ],
738 silly audit   busboy: [ '1.6.0' ],
738 silly audit   'call-bind': [ '1.0.9' ],
738 silly audit   'call-bind-apply-helpers': [ '1.0.2' ],
738 silly audit   'call-bound': [ '1.0.4' ],
738 silly audit   'caniuse-lite': [ '1.0.30001793' ],
738 silly audit   chalk: [ '4.1.2' ],
738 silly audit   'color-convert': [ '2.0.1' ],
738 silly audit   'color-name': [ '1.1.4' ],
738 silly audit   'concat-map': [ '0.0.1' ],
738 silly audit   cookie: [ '0.7.2' ],
738 silly audit   'cross-spawn': [ '7.0.6' ],
738 silly audit   csstype: [ '3.2.3' ],
738 silly audit   'damerau-levenshtein': [ '1.0.8' ],
738 silly audit   'data-view-buffer': [ '1.0.2' ],
738 silly audit   'data-view-byte-length': [ '1.0.2' ],
738 silly audit   'data-view-byte-offset': [ '1.0.1' ],
738 silly audit   debug: [ '4.4.3', '3.2.7' ],
738 silly audit   'deep-is': [ '0.1.4' ],
738 silly audit   'define-data-property': [ '1.1.4' ],
738 silly audit   'define-properties': [ '1.2.1' ],
738 silly audit   'detect-libc': [ '2.1.2' ],
738 silly audit   doctrine: [ '2.1.0', '3.0.0' ],
738 silly audit   'dunder-proto': [ '1.0.1' ],
738 silly audit   'ecdsa-sig-formatter': [ '1.0.11' ],
738 silly audit   'emoji-regex': [ '9.2.2', '8.0.0' ],
738 silly audit   'enhanced-resolve': [ '5.21.6' ],
738 silly audit   'es-abstract': [ '1.24.2' ],
738 silly audit   'es-define-property': [ '1.0.1' ],
738 silly audit   'es-errors': [ '1.3.0' ],
738 silly audit   'es-iterator-helpers': [ '1.3.2' ],
738 silly audit   'es-object-atoms': [ '1.1.1' ],
738 silly audit   'es-set-tostringtag': [ '2.1.0' ],
738 silly audit   'es-shim-unscopables': [ '1.1.0' ],
738 silly audit   'es-to-primitive': [ '1.3.0' ],
738 silly audit   esbuild: [ '0.28.0' ],
738 silly audit   'escape-string-regexp': [ '4.0.0' ],
738 silly audit   'eslint-import-resolver-node': [ '0.3.10' ],
738 silly audit   'eslint-import-resolver-typescript': [ '3.10.1' ],
738 silly audit   'eslint-module-utils': [ '2.12.1' ],
738 silly audit   'eslint-plugin-import': [ '2.32.0' ],
738 silly audit   'eslint-plugin-jsx-a11y': [ '6.10.2' ],
738 silly audit   'eslint-plugin-react': [ '7.37.5' ],
738 silly audit   esquery: [ '1.7.0' ],
738 silly audit   estraverse: [ '5.3.0' ],
738 silly audit   esutils: [ '2.0.3' ],
738 silly audit   'glob-parent': [ '6.0.2' ],
738 silly audit   'fast-levenshtein': [ '2.0.6' ],
738 silly audit   'fast-sha256': [ '1.3.0' ],
738 silly audit   fastq: [ '1.20.1' ],
738 silly audit   'find-up': [ '5.0.0' ],
738 silly audit   'for-each': [ '0.3.5' ],
738 silly audit   fsevents: [ '2.3.3' ],
738 silly audit   'function-bind': [ '1.1.2' ],
738 silly audit   'function.prototype.name': [ '1.1.8' ],
738 silly audit   'functions-have-names': [ '1.2.3' ],
738 silly audit   'generator-function': [ '2.0.1' ],
738 silly audit   'get-intrinsic': [ '1.3.0' ],
738 silly audit   'get-proto': [ '1.0.1' ],
738 silly audit   'get-symbol-description': [ '1.1.0' ],
738 silly audit   'get-tsconfig': [ '4.14.0' ],
738 silly audit   globalthis: [ '1.0.4' ],
738 silly audit   gopd: [ '1.2.0' ],
738 silly audit   'graceful-fs': [ '4.2.11' ],
738 silly audit   'has-bigints': [ '1.1.0' ],
738 silly audit   'has-flag': [ '4.0.0' ],
738 silly audit   'has-property-descriptors': [ '1.0.2' ],
738 silly audit   'has-proto': [ '1.2.0' ],
738 silly audit   'has-symbols': [ '1.1.0' ],
738 silly audit   'has-tostringtag': [ '1.0.2' ],
738 silly audit   hasown: [ '2.0.3' ],
738 silly audit   imurmurhash: [ '0.1.4' ],
738 silly audit   'internal-slot': [ '1.1.0' ],
738 silly audit   'is-array-buffer': [ '3.0.5' ],
738 silly audit   'is-async-function': [ '2.1.1' ],
738 silly audit   'is-bigint': [ '1.1.0' ],
738 silly audit   'is-boolean-object': [ '1.2.2' ],
738 silly audit   'is-bun-module': [ '2.0.0' ],
738 silly audit   'is-callable': [ '1.2.7' ],
738 silly audit   'is-core-module': [ '2.16.2' ],
738 silly audit   'is-data-view': [ '1.0.2' ],
738 silly audit   'is-date-object': [ '1.1.0' ],
738 silly audit   'is-extglob': [ '2.1.1' ],
738 silly audit   'is-finalizationregistry': [ '1.1.1' ],
738 silly audit   'is-generator-function': [ '1.1.2' ],
738 silly audit   'is-glob': [ '4.0.3' ],
738 silly audit   'is-map': [ '2.0.3' ],
738 silly audit   'is-negative-zero': [ '2.0.3' ],
738 silly audit   'is-number-object': [ '1.1.1' ],
738 silly audit   'is-regex': [ '1.2.1' ],
738 silly audit   'is-set': [ '2.0.3' ],
738 silly audit   'is-shared-array-buffer': [ '1.0.4' ],
738 silly audit   'is-string': [ '1.1.1' ],
738 silly audit   'is-symbol': [ '1.1.1' ],
738 silly audit   'is-typed-array': [ '1.1.15' ],
738 silly audit   'is-weakmap': [ '2.0.2' ],
738 silly audit   'is-weakref': [ '1.1.1' ],
738 silly audit   'is-weakset': [ '2.0.4' ],
738 silly audit   isarray: [ '2.0.5' ],
738 silly audit   isexe: [ '2.0.0' ],
738 silly audit   'iterator.prototype': [ '1.1.5' ],
738 silly audit   jiti: [ '2.7.0' ],
738 silly audit   jose: [ '4.15.9' ],
738 silly audit   'js-tokens': [ '4.0.0' ],
738 silly audit   'json-stable-stringify-without-jsonify': [ '1.0.1' ],
738 silly audit   json5: [ '1.0.2' ],
738 silly audit   jsonwebtoken: [ '9.0.3' ],
738 silly audit   'jsx-ast-utils': [ '3.3.5' ],
738 silly audit   jwa: [ '2.0.1' ],
738 silly audit   jws: [ '4.0.1' ],
738 silly audit   'language-subtag-registry': [ '0.3.23' ],
738 silly audit   'language-tags': [ '1.0.9' ],
738 silly audit   levn: [ '0.4.1' ],
738 silly audit   lightningcss: [ '1.32.0' ],
738 silly audit   'lightningcss-android-arm64': [ '1.32.0' ],
738 silly audit   'lightningcss-darwin-arm64': [ '1.32.0' ],
738 silly audit   'lightningcss-darwin-x64': [ '1.32.0' ],
738 silly audit   'lightningcss-freebsd-x64': [ '1.32.0' ],
738 silly audit   'lightningcss-linux-arm-gnueabihf': [ '1.32.0' ],
738 silly audit   'lightningcss-linux-arm64-gnu': [ '1.32.0' ],
738 silly audit   'lightningcss-linux-arm64-musl': [ '1.32.0' ],
738 silly audit   'lightningcss-linux-x64-gnu': [ '1.32.0' ],
738 silly audit   'lightningcss-linux-x64-musl': [ '1.32.0' ],
738 silly audit   'lightningcss-win32-arm64-msvc': [ '1.32.0' ],
738 silly audit   'lightningcss-win32-x64-msvc': [ '1.32.0' ],
738 silly audit   'locate-path': [ '6.0.0' ],
738 silly audit   'lodash.includes': [ '4.3.0' ],
738 silly audit   'lodash.isboolean': [ '3.0.3' ],
738 silly audit   'lodash.isinteger': [ '4.0.4' ],
738 silly audit   'lodash.isnumber': [ '3.0.3' ],
738 silly audit   'lodash.isplainobject': [ '4.0.6' ],
738 silly audit   'lodash.isstring': [ '4.0.1' ],
738 silly audit   'lodash.merge': [ '4.6.2' ],
738 silly audit   'lodash.once': [ '4.1.1' ],
738 silly audit   'loose-envify': [ '1.4.0' ],
738 silly audit   'lru-cache': [ '6.0.0', '10.4.3' ],
738 silly audit   'magic-string': [ '0.30.21' ],
738 silly audit   'math-intrinsics': [ '1.1.0' ],
738 silly audit   minimist: [ '1.2.8' ],
738 silly audit   ms: [ '2.1.3' ],
738 silly audit   nanoid: [ '3.3.12' ],
738 silly audit   'napi-postinstall': [ '0.3.4' ],
738 silly audit   'natural-compare': [ '1.4.0' ],
738 silly audit   'next-auth': [ '4.24.14' ],
738 silly audit   postcss: [ '8.5.15', '8.4.31' ],
738 silly audit   'node-exports-info': [ '1.6.0' ],
738 silly audit   oauth: [ '0.9.15' ],
738 silly audit   'object-assign': [ '4.1.1' ],
738 silly audit   'object-hash': [ '2.2.0' ],
738 silly audit   'object-inspect': [ '1.13.4' ],
738 silly audit   'object-keys': [ '1.1.1' ],
738 silly audit   'object.assign': [ '4.1.7' ],
738 silly audit   'object.entries': [ '1.1.9' ],
738 silly audit   'object.fromentries': [ '2.0.8' ],
738 silly audit   'object.groupby': [ '1.0.3' ],
738 silly audit   'object.values': [ '1.2.1' ],
738 silly audit   'oidc-token-hash': [ '5.2.0' ],
738 silly audit   'openid-client': [ '5.7.1' ],
738 silly audit   yallist: [ '4.0.0' ],
738 silly audit   optionator: [ '0.9.4' ],
738 silly audit   'own-keys': [ '1.0.1' ],
738 silly audit   'p-limit': [ '3.1.0' ],
738 silly audit   'p-locate': [ '5.0.0' ],
738 silly audit   'path-exists': [ '4.0.0' ],
738 silly audit   'path-key': [ '3.1.1' ],
738 silly audit   'path-parse': [ '1.0.7' ],
738 silly audit   picocolors: [ '1.1.1' ],
738 silly audit   picomatch: [ '4.0.4' ],
738 silly audit   'possible-typed-array-names': [ '1.1.0' ],
738 silly audit   'postal-mime': [ '2.7.4' ],
738 silly audit   preact: [ '10.29.2' ],
738 silly audit   'preact-render-to-string': [ '5.2.6' ],
738 silly audit   'prelude-ls': [ '1.2.1' ],
738 silly audit   'pretty-format': [ '3.8.0' ],
738 silly audit   prisma: [ '5.22.0' ],
738 silly audit   'prop-types': [ '15.8.1' ],
738 silly audit   'queue-microtask': [ '1.2.3' ],
738 silly audit   'react-is': [ '16.13.1' ],
738 silly audit   'reflect.getprototypeof': [ '1.0.10' ],
738 silly audit   'regexp.prototype.flags': [ '1.5.4' ],
738 silly audit   resend: [ '6.12.4' ],
738 silly audit   resolve: [ '2.0.0-next.7' ],
738 silly audit   'resolve-pkg-maps': [ '1.0.0' ],
738 silly audit   reusify: [ '1.1.0' ],
738 silly audit   'run-parallel': [ '1.2.0' ],
738 silly audit   'safe-array-concat': [ '1.1.4' ],
738 silly audit   'safe-buffer': [ '5.2.1' ],
738 silly audit   'safe-push-apply': [ '1.0.0' ],
738 silly audit   'safe-regex-test': [ '1.1.0' ],
738 silly audit   'set-function-length': [ '1.2.2' ],
738 silly audit   'set-function-name': [ '2.0.2' ],
738 silly audit   'set-proto': [ '1.0.0' ],
738 silly audit   'shebang-command': [ '2.0.0' ],
738 silly audit   'shebang-regex': [ '3.0.0' ],
738 silly audit   'side-channel': [ '1.1.0' ],
738 silly audit   'side-channel-list': [ '1.0.1' ],
738 silly audit   'side-channel-map': [ '1.0.1' ],
738 silly audit   'side-channel-weakmap': [ '1.0.2' ],
738 silly audit   'source-map-js': [ '1.2.1' ],
738 silly audit   'stable-hash': [ '0.0.5' ],
738 silly audit   standardwebhooks: [ '1.0.0' ],
738 silly audit   'stop-iteration-iterator': [ '1.1.0' ],
738 silly audit   streamsearch: [ '1.1.0' ],
738 silly audit   'string.prototype.includes': [ '2.0.1' ],
738 silly audit   'string.prototype.matchall': [ '4.0.12' ],
738 silly audit   'string.prototype.repeat': [ '1.0.0' ],
738 silly audit   'string.prototype.trim': [ '1.2.10' ],
738 silly audit   'string.prototype.trimend': [ '1.0.9' ],
738 silly audit   'string.prototype.trimstart': [ '1.0.8' ],
738 silly audit   'strip-bom': [ '3.0.0' ],
738 silly audit   'supports-color': [ '7.2.0' ],
738 silly audit   'supports-preserve-symlinks-flag': [ '1.0.0' ],
738 silly audit   tailwindcss: [ '4.3.0' ],
738 silly audit   tapable: [ '2.3.3' ],
738 silly audit   tinyglobby: [ '0.2.16' ],
738 silly audit   fdir: [ '6.5.0' ],
738 silly audit   'tsconfig-paths': [ '3.15.0' ],
738 silly audit   tslib: [ '2.8.1' ],
738 silly audit   tsx: [ '4.22.4' ],
738 silly audit   'type-check': [ '0.4.0' ],
738 silly audit   'typed-array-buffer': [ '1.0.3' ],
738 silly audit   'typed-array-byte-length': [ '1.0.3' ],
738 silly audit   'typed-array-byte-offset': [ '1.0.4' ],
738 silly audit   'typed-array-length': [ '1.0.7' ],
738 silly audit   typescript: [ '5.9.3' ],
738 silly audit   'unbox-primitive': [ '1.1.0' ],
738 silly audit   'undici-types': [ '6.21.0' ],
738 silly audit   'unrs-resolver': [ '1.12.2' ],
738 silly audit   uuid: [ '8.3.2' ],
738 silly audit   which: [ '2.0.2' ],
738 silly audit   'which-boxed-primitive': [ '1.1.1' ],
738 silly audit   'which-builtin-type': [ '1.2.1' ],
738 silly audit   'which-collection': [ '1.0.2' ],
738 silly audit   'which-typed-array': [ '1.1.20' ],
738 silly audit   'word-wrap': [ '1.2.5' ],
738 silly audit   'yocto-queue': [ '0.1.0' ],
738 silly audit   zod: [ '4.4.3' ],
738 silly audit   '@types/react': [ '18.3.31' ],
738 silly audit   '@types/react-dom': [ '18.3.7' ],
738 silly audit   eslint: [ '8.57.1' ],
738 silly audit   'eslint-config-next': [ '14.2.35' ],
738 silly audit   next: [ '14.2.35' ],
738 silly audit   react: [ '18.2.0' ],
738 silly audit   'react-dom': [ '18.2.0' ],
738 silly audit   '@types/prop-types': [ '15.7.15' ],
738 silly audit   '@eslint/eslintrc': [ '2.1.4' ],
738 silly audit   '@eslint/js': [ '8.57.1' ],
738 silly audit   '@humanwhocodes/config-array': [ '0.13.0' ],
738 silly audit   '@ungap/structured-clone': [ '1.3.1' ],
738 silly audit   ajv: [ '6.15.0' ],
738 silly audit   'eslint-scope': [ '7.2.2' ],
738 silly audit   espree: [ '9.6.1' ],
738 silly audit   'fast-deep-equal': [ '3.1.3' ],
738 silly audit   'file-entry-cache': [ '6.0.1' ],
738 silly audit   globals: [ '13.24.0' ],
738 silly audit   graphemer: [ '1.4.0' ],
738 silly audit   ignore: [ '5.3.2', '7.0.5' ],
738 silly audit   'is-path-inside': [ '3.0.3' ],
738 silly audit   'js-yaml': [ '4.2.0' ],
738 silly audit   'strip-ansi': [ '6.0.1', '7.2.0' ],
738 silly audit   'text-table': [ '0.2.0' ],
738 silly audit   'import-fresh': [ '3.3.1' ],
738 silly audit   'strip-json-comments': [ '3.1.1' ],
738 silly audit   '@humanwhocodes/object-schema': [ '2.0.3' ],
738 silly audit   'fast-json-stable-stringify': [ '2.1.0' ],
738 silly audit   'json-schema-traverse': [ '0.4.1' ],
738 silly audit   'uri-js': [ '4.4.1' ],
738 silly audit   '@next/eslint-plugin-next': [ '14.2.35' ],
738 silly audit   '@rushstack/eslint-patch': [ '1.16.1' ],
738 silly audit   '@typescript-eslint/eslint-plugin': [ '8.61.1' ],
738 silly audit   '@typescript-eslint/parser': [ '8.61.1' ],
738 silly audit   'eslint-plugin-react-hooks': [ '5.0.0-canary-7118f5dd7-20230705' ],
738 silly audit   glob: [ '10.3.10', '7.2.3' ],
738 silly audit   '@typescript-eslint/scope-manager': [ '8.61.1' ],
738 silly audit   '@typescript-eslint/type-utils': [ '8.61.1' ],
738 silly audit   '@typescript-eslint/utils': [ '8.61.1' ],
738 silly audit   '@typescript-eslint/visitor-keys': [ '8.61.1' ],
738 silly audit   'ts-api-utils': [ '2.5.0' ],
738 silly audit   '@typescript-eslint/types': [ '8.61.1' ],
738 silly audit   '@typescript-eslint/typescript-estree': [ '8.61.1' ],
738 silly audit   '@typescript-eslint/project-service': [ '8.61.1' ],
738 silly audit   '@typescript-eslint/tsconfig-utils': [ '8.61.1' ],
738 silly audit   esrecurse: [ '4.3.0' ],
738 silly audit   acorn: [ '8.17.0' ],
738 silly audit   'acorn-jsx': [ '5.3.2' ],
738 silly audit   'flat-cache': [ '3.2.0' ],
738 silly audit   flatted: [ '3.4.2' ],
738 silly audit   keyv: [ '4.5.4' ],
738 silly audit   rimraf: [ '3.0.2' ],
738 silly audit   'foreground-child': [ '3.3.1' ],
738 silly audit   jackspeak: [ '2.3.6' ],
738 silly audit   minipass: [ '7.1.3' ],
738 silly audit   'path-scurry': [ '1.11.1' ],
738 silly audit   'signal-exit': [ '4.1.0' ],
738 silly audit   'type-fest': [ '0.20.2' ],
738 silly audit   'parent-module': [ '1.0.1' ],
738 silly audit   'resolve-from': [ '4.0.0' ],
738 silly audit   '@isaacs/cliui': [ '8.0.2' ],
738 silly audit   '@pkgjs/parseargs': [ '0.11.0' ],
738 silly audit   'string-width': [ '5.1.2', '4.2.3' ],
738 silly audit   'wrap-ansi': [ '8.1.0', '7.0.0' ],
738 silly audit   argparse: [ '2.0.1' ],
738 silly audit   'json-buffer': [ '3.0.1' ],
738 silly audit   '@next/env': [ '14.2.35' ],
738 silly audit   '@next/swc-darwin-arm64': [ '14.2.33' ],
738 silly audit   '@next/swc-darwin-x64': [ '14.2.33' ],
738 silly audit   '@next/swc-linux-arm64-gnu': [ '14.2.33' ],
738 silly audit   '@next/swc-linux-arm64-musl': [ '14.2.33' ],
738 silly audit   '@next/swc-linux-x64-gnu': [ '14.2.33' ],
738 silly audit   '@next/swc-linux-x64-musl': [ '14.2.33' ],
738 silly audit   '@next/swc-win32-arm64-msvc': [ '14.2.33' ],
738 silly audit   '@next/swc-win32-ia32-msvc': [ '14.2.33' ],
738 silly audit   '@next/swc-win32-x64-msvc': [ '14.2.33' ],
738 silly audit   '@swc/helpers': [ '0.5.5' ],
738 silly audit   'styled-jsx': [ '5.1.1' ],
738 silly audit   '@swc/counter': [ '0.1.3' ],
738 silly audit   callsites: [ '3.1.0' ],
738 silly audit   scheduler: [ '0.23.2' ],
738 silly audit   eastasianwidth: [ '0.2.0' ],
738 silly audit   'is-fullwidth-code-point': [ '3.0.0' ],
738 silly audit   'ansi-regex': [ '5.0.1', '6.2.2' ],
738 silly audit   'client-only': [ '0.0.1' ],
738 silly audit   punycode: [ '2.3.1' ],
738 silly audit   'fs.realpath': [ '1.0.0' ],
738 silly audit   inflight: [ '1.0.6' ],
738 silly audit   inherits: [ '2.0.4' ],
738 silly audit   once: [ '1.4.0' ],
738 silly audit   'path-is-absolute': [ '1.0.1' ],
738 silly audit   wrappy: [ '1.0.2' ],
738 silly audit   '@tailwindcss/oxide-wasm32-wasi': [ '4.3.0' ]
738 silly audit }
739 verbose reify failed optional dependency C:\Users\Hp 1030 X360\Documents\Mercy-fx\mercy-dev-studio\node_modules\@next\swc-win32-ia32-msvc
740 silly reify mark deleted [
740 silly reify   'C:\\Users\\Hp 1030 X360\\Documents\\Mercy-fx\\mercy-dev-studio\\node_modules\\@next\\swc-win32-ia32-msvc'
740 silly reify ]
741 verbose reify failed optional dependency C:\Users\Hp 1030 X360\Documents\Mercy-fx\mercy-dev-studio\node_modules\@next\swc-win32-arm64-msvc
742 silly reify mark deleted [
742 silly reify   'C:\\Users\\Hp 1030 X360\\Documents\\Mercy-fx\\mercy-dev-studio\\node_modules\\@next\\swc-win32-arm64-msvc'
742 silly reify ]
743 verbose reify failed optional dependency C:\Users\Hp 1030 X360\Documents\Mercy-fx\mercy-dev-studio\node_modules\@next\swc-linux-x64-musl
744 silly reify mark deleted [
744 silly reify   'C:\\Users\\Hp 1030 X360\\Documents\\Mercy-fx\\mercy-dev-studio\\node_modules\\@next\\swc-linux-x64-musl'
744 silly reify ]
745 verbose reify failed optional dependency C:\Users\Hp 1030 X360\Documents\Mercy-fx\mercy-dev-studio\node_modules\@next\swc-linux-x64-gnu
746 silly reify mark deleted [
746 silly reify   'C:\\Users\\Hp 1030 X360\\Documents\\Mercy-fx\\mercy-dev-studio\\node_modules\\@next\\swc-linux-x64-gnu'
746 silly reify ]
747 verbose reify failed optional dependency C:\Users\Hp 1030 X360\Documents\Mercy-fx\mercy-dev-studio\node_modules\@next\swc-linux-arm64-musl
748 silly reify mark deleted [
748 silly reify   'C:\\Users\\Hp 1030 X360\\Documents\\Mercy-fx\\mercy-dev-studio\\node_modules\\@next\\swc-linux-arm64-musl'
748 silly reify ]
749 verbose reify failed optional dependency C:\Users\Hp 1030 X360\Documents\Mercy-fx\mercy-dev-studio\node_modules\@next\swc-linux-arm64-gnu
750 silly reify mark deleted [
750 silly reify   'C:\\Users\\Hp 1030 X360\\Documents\\Mercy-fx\\mercy-dev-studio\\node_modules\\@next\\swc-linux-arm64-gnu'
750 silly reify ]
751 verbose reify failed optional dependency C:\Users\Hp 1030 X360\Documents\Mercy-fx\mercy-dev-studio\node_modules\@next\swc-darwin-x64
752 silly reify mark deleted [
752 silly reify   'C:\\Users\\Hp 1030 X360\\Documents\\Mercy-fx\\mercy-dev-studio\\node_modules\\@next\\swc-darwin-x64'
752 silly reify ]
753 verbose reify failed optional dependency C:\Users\Hp 1030 X360\Documents\Mercy-fx\mercy-dev-studio\node_modules\@next\swc-darwin-arm64
754 silly reify mark deleted [
754 silly reify   'C:\\Users\\Hp 1030 X360\\Documents\\Mercy-fx\\mercy-dev-studio\\node_modules\\@next\\swc-darwin-arm64'
754 silly reify ]
755 verbose reify failed optional dependency C:\Users\Hp 1030 X360\Documents\Mercy-fx\mercy-dev-studio\node_modules\lightningcss-win32-arm64-msvc
756 silly reify mark deleted [
756 silly reify   'C:\\Users\\Hp 1030 X360\\Documents\\Mercy-fx\\mercy-dev-studio\\node_modules\\lightningcss-win32-arm64-msvc'
756 silly reify ]
757 verbose reify failed optional dependency C:\Users\Hp 1030 X360\Documents\Mercy-fx\mercy-dev-studio\node_modules\lightningcss-linux-x64-musl
758 silly reify mark deleted [
758 silly reify   'C:\\Users\\Hp 1030 X360\\Documents\\Mercy-fx\\mercy-dev-studio\\node_modules\\lightningcss-linux-x64-musl'
758 silly reify ]
759 verbose reify failed optional dependency C:\Users\Hp 1030 X360\Documents\Mercy-fx\mercy-dev-studio\node_modules\lightningcss-linux-x64-gnu
760 silly reify mark deleted [
760 silly reify   'C:\\Users\\Hp 1030 X360\\Documents\\Mercy-fx\\mercy-dev-studio\\node_modules\\lightningcss-linux-x64-gnu'
760 silly reify ]
761 verbose reify failed optional dependency C:\Users\Hp 1030 X360\Documents\Mercy-fx\mercy-dev-studio\node_modules\lightningcss-linux-arm64-musl
762 silly reify mark deleted [
762 silly reify   'C:\\Users\\Hp 1030 X360\\Documents\\Mercy-fx\\mercy-dev-studio\\node_modules\\lightningcss-linux-arm64-musl'
762 silly reify ]
763 verbose reify failed optional dependency C:\Users\Hp 1030 X360\Documents\Mercy-fx\mercy-dev-studio\node_modules\lightningcss-linux-arm64-gnu
764 silly reify mark deleted [
764 silly reify   'C:\\Users\\Hp 1030 X360\\Documents\\Mercy-fx\\mercy-dev-studio\\node_modules\\lightningcss-linux-arm64-gnu'
764 silly reify ]
765 verbose reify failed optional dependency C:\Users\Hp 1030 X360\Documents\Mercy-fx\mercy-dev-studio\node_modules\lightningcss-linux-arm-gnueabihf
766 silly reify mark deleted [
766 silly reify   'C:\\Users\\Hp 1030 X360\\Documents\\Mercy-fx\\mercy-dev-studio\\node_modules\\lightningcss-linux-arm-gnueabihf'
766 silly reify ]
767 verbose reify failed optional dependency C:\Users\Hp 1030 X360\Documents\Mercy-fx\mercy-dev-studio\node_modules\lightningcss-freebsd-x64
768 silly reify mark deleted [
768 silly reify   'C:\\Users\\Hp 1030 X360\\Documents\\Mercy-fx\\mercy-dev-studio\\node_modules\\lightningcss-freebsd-x64'
768 silly reify ]
769 verbose reify failed optional dependency C:\Users\Hp 1030 X360\Documents\Mercy-fx\mercy-dev-studio\node_modules\lightningcss-darwin-x64
770 silly reify mark deleted [
770 silly reify   'C:\\Users\\Hp 1030 X360\\Documents\\Mercy-fx\\mercy-dev-studio\\node_modules\\lightningcss-darwin-x64'
770 silly reify ]
771 verbose reify failed optional dependency C:\Users\Hp 1030 X360\Documents\Mercy-fx\mercy-dev-studio\node_modules\lightningcss-darwin-arm64
772 silly reify mark deleted [
772 silly reify   'C:\\Users\\Hp 1030 X360\\Documents\\Mercy-fx\\mercy-dev-studio\\node_modules\\lightningcss-darwin-arm64'
772 silly reify ]
773 verbose reify failed optional dependency C:\Users\Hp 1030 X360\Documents\Mercy-fx\mercy-dev-studio\node_modules\lightningcss-android-arm64
774 silly reify mark deleted [
774 silly reify   'C:\\Users\\Hp 1030 X360\\Documents\\Mercy-fx\\mercy-dev-studio\\node_modules\\lightningcss-android-arm64'
774 silly reify ]
775 verbose reify failed optional dependency C:\Users\Hp 1030 X360\Documents\Mercy-fx\mercy-dev-studio\node_modules\fsevents
776 silly reify mark deleted [
776 silly reify   'C:\\Users\\Hp 1030 X360\\Documents\\Mercy-fx\\mercy-dev-studio\\node_modules\\fsevents'
776 silly reify ]
777 verbose reify failed optional dependency C:\Users\Hp 1030 X360\Documents\Mercy-fx\mercy-dev-studio\node_modules\@unrs\resolver-binding-win32-ia32-msvc
778 silly reify mark deleted [
778 silly reify   'C:\\Users\\Hp 1030 X360\\Documents\\Mercy-fx\\mercy-dev-studio\\node_modules\\@unrs\\resolver-binding-win32-ia32-msvc'
778 silly reify ]
779 verbose reify failed optional dependency C:\Users\Hp 1030 X360\Documents\Mercy-fx\mercy-dev-studio\node_modules\@unrs\resolver-binding-win32-arm64-msvc
780 silly reify mark deleted [
780 silly reify   'C:\\Users\\Hp 1030 X360\\Documents\\Mercy-fx\\mercy-dev-studio\\node_modules\\@unrs\\resolver-binding-win32-arm64-msvc'
780 silly reify ]
781 verbose reify failed optional dependency C:\Users\Hp 1030 X360\Documents\Mercy-fx\mercy-dev-studio\node_modules\@unrs\resolver-binding-wasm32-wasi
782 silly reify mark deleted [
782 silly reify   'C:\\Users\\Hp 1030 X360\\Documents\\Mercy-fx\\mercy-dev-studio\\node_modules\\@unrs\\resolver-binding-wasm32-wasi'
782 silly reify ]
783 verbose reify failed optional dependency C:\Users\Hp 1030 X360\Documents\Mercy-fx\mercy-dev-studio\node_modules\@unrs\resolver-binding-openharmony-arm64
784 silly reify mark deleted [
784 silly reify   'C:\\Users\\Hp 1030 X360\\Documents\\Mercy-fx\\mercy-dev-studio\\node_modules\\@unrs\\resolver-binding-openharmony-arm64'
784 silly reify ]
785 verbose reify failed optional dependency C:\Users\Hp 1030 X360\Documents\Mercy-fx\mercy-dev-studio\node_modules\@unrs\resolver-binding-linux-x64-musl
786 silly reify mark deleted [
786 silly reify   'C:\\Users\\Hp 1030 X360\\Documents\\Mercy-fx\\mercy-dev-studio\\node_modules\\@unrs\\resolver-binding-linux-x64-musl'
786 silly reify ]
787 verbose reify failed optional dependency C:\Users\Hp 1030 X360\Documents\Mercy-fx\mercy-dev-studio\node_modules\@unrs\resolver-binding-linux-x64-gnu
788 silly reify mark deleted [
788 silly reify   'C:\\Users\\Hp 1030 X360\\Documents\\Mercy-fx\\mercy-dev-studio\\node_modules\\@unrs\\resolver-binding-linux-x64-gnu'
788 silly reify ]
789 verbose reify failed optional dependency C:\Users\Hp 1030 X360\Documents\Mercy-fx\mercy-dev-studio\node_modules\@unrs\resolver-binding-linux-s390x-gnu
790 silly reify mark deleted [
790 silly reify   'C:\\Users\\Hp 1030 X360\\Documents\\Mercy-fx\\mercy-dev-studio\\node_modules\\@unrs\\resolver-binding-linux-s390x-gnu'
790 silly reify ]
791 verbose reify failed optional dependency C:\Users\Hp 1030 X360\Documents\Mercy-fx\mercy-dev-studio\node_modules\@unrs\resolver-binding-linux-riscv64-musl
792 silly reify mark deleted [
792 silly reify   'C:\\Users\\Hp 1030 X360\\Documents\\Mercy-fx\\mercy-dev-studio\\node_modules\\@unrs\\resolver-binding-linux-riscv64-musl'
792 silly reify ]
793 verbose reify failed optional dependency C:\Users\Hp 1030 X360\Documents\Mercy-fx\mercy-dev-studio\node_modules\@unrs\resolver-binding-linux-riscv64-gnu
794 silly reify mark deleted [
794 silly reify   'C:\\Users\\Hp 1030 X360\\Documents\\Mercy-fx\\mercy-dev-studio\\node_modules\\@unrs\\resolver-binding-linux-riscv64-gnu'
794 silly reify ]
795 verbose reify failed optional dependency C:\Users\Hp 1030 X360\Documents\Mercy-fx\mercy-dev-studio\node_modules\@unrs\resolver-binding-linux-ppc64-gnu
796 silly reify mark deleted [
796 silly reify   'C:\\Users\\Hp 1030 X360\\Documents\\Mercy-fx\\mercy-dev-studio\\node_modules\\@unrs\\resolver-binding-linux-ppc64-gnu'
796 silly reify ]
797 verbose reify failed optional dependency C:\Users\Hp 1030 X360\Documents\Mercy-fx\mercy-dev-studio\node_modules\@unrs\resolver-binding-linux-loong64-musl
798 silly reify mark deleted [
798 silly reify   'C:\\Users\\Hp 1030 X360\\Documents\\Mercy-fx\\mercy-dev-studio\\node_modules\\@unrs\\resolver-binding-linux-loong64-musl'
798 silly reify ]
799 verbose reify failed optional dependency C:\Users\Hp 1030 X360\Documents\Mercy-fx\mercy-dev-studio\node_modules\@unrs\resolver-binding-linux-loong64-gnu
800 silly reify mark deleted [
800 silly reify   'C:\\Users\\Hp 1030 X360\\Documents\\Mercy-fx\\mercy-dev-studio\\node_modules\\@unrs\\resolver-binding-linux-loong64-gnu'
800 silly reify ]
801 verbose reify failed optional dependency C:\Users\Hp 1030 X360\Documents\Mercy-fx\mercy-dev-studio\node_modules\@unrs\resolver-binding-linux-arm64-musl
802 silly reify mark deleted [
802 silly reify   'C:\\Users\\Hp 1030 X360\\Documents\\Mercy-fx\\mercy-dev-studio\\node_modules\\@unrs\\resolver-binding-linux-arm64-musl'
802 silly reify ]
803 verbose reify failed optional dependency C:\Users\Hp 1030 X360\Documents\Mercy-fx\mercy-dev-studio\node_modules\@unrs\resolver-binding-linux-arm64-gnu
804 silly reify mark deleted [
804 silly reify   'C:\\Users\\Hp 1030 X360\\Documents\\Mercy-fx\\mercy-dev-studio\\node_modules\\@unrs\\resolver-binding-linux-arm64-gnu'
804 silly reify ]
805 verbose reify failed optional dependency C:\Users\Hp 1030 X360\Documents\Mercy-fx\mercy-dev-studio\node_modules\@unrs\resolver-binding-linux-arm-musleabihf
806 silly reify mark deleted [
806 silly reify   'C:\\Users\\Hp 1030 X360\\Documents\\Mercy-fx\\mercy-dev-studio\\node_modules\\@unrs\\resolver-binding-linux-arm-musleabihf'
806 silly reify ]
807 verbose reify failed optional dependency C:\Users\Hp 1030 X360\Documents\Mercy-fx\mercy-dev-studio\node_modules\@unrs\resolver-binding-linux-arm-gnueabihf
808 silly reify mark deleted [
808 silly reify   'C:\\Users\\Hp 1030 X360\\Documents\\Mercy-fx\\mercy-dev-studio\\node_modules\\@unrs\\resolver-binding-linux-arm-gnueabihf'
808 silly reify ]
809 verbose reify failed optional dependency C:\Users\Hp 1030 X360\Documents\Mercy-fx\mercy-dev-studio\node_modules\@unrs\resolver-binding-freebsd-x64
810 silly reify mark deleted [
810 silly reify   'C:\\Users\\Hp 1030 X360\\Documents\\Mercy-fx\\mercy-dev-studio\\node_modules\\@unrs\\resolver-binding-freebsd-x64'
810 silly reify ]
811 verbose reify failed optional dependency C:\Users\Hp 1030 X360\Documents\Mercy-fx\mercy-dev-studio\node_modules\@unrs\resolver-binding-darwin-x64
812 silly reify mark deleted [
812 silly reify   'C:\\Users\\Hp 1030 X360\\Documents\\Mercy-fx\\mercy-dev-studio\\node_modules\\@unrs\\resolver-binding-darwin-x64'
812 silly reify ]
813 verbose reify failed optional dependency C:\Users\Hp 1030 X360\Documents\Mercy-fx\mercy-dev-studio\node_modules\@unrs\resolver-binding-darwin-arm64
814 silly reify mark deleted [
814 silly reify   'C:\\Users\\Hp 1030 X360\\Documents\\Mercy-fx\\mercy-dev-studio\\node_modules\\@unrs\\resolver-binding-darwin-arm64'
814 silly reify ]
815 verbose reify failed optional dependency C:\Users\Hp 1030 X360\Documents\Mercy-fx\mercy-dev-studio\node_modules\@unrs\resolver-binding-android-arm64
816 silly reify mark deleted [
816 silly reify   'C:\\Users\\Hp 1030 X360\\Documents\\Mercy-fx\\mercy-dev-studio\\node_modules\\@unrs\\resolver-binding-android-arm64'
816 silly reify ]
817 verbose reify failed optional dependency C:\Users\Hp 1030 X360\Documents\Mercy-fx\mercy-dev-studio\node_modules\@unrs\resolver-binding-android-arm-eabi
818 silly reify mark deleted [
818 silly reify   'C:\\Users\\Hp 1030 X360\\Documents\\Mercy-fx\\mercy-dev-studio\\node_modules\\@unrs\\resolver-binding-android-arm-eabi'
818 silly reify ]
819 verbose reify failed optional dependency C:\Users\Hp 1030 X360\Documents\Mercy-fx\mercy-dev-studio\node_modules\@tailwindcss\oxide-win32-arm64-msvc
820 silly reify mark deleted [
820 silly reify   'C:\\Users\\Hp 1030 X360\\Documents\\Mercy-fx\\mercy-dev-studio\\node_modules\\@tailwindcss\\oxide-win32-arm64-msvc'
820 silly reify ]
821 verbose reify failed optional dependency C:\Users\Hp 1030 X360\Documents\Mercy-fx\mercy-dev-studio\node_modules\@tailwindcss\oxide-linux-x64-musl
822 silly reify mark deleted [
822 silly reify   'C:\\Users\\Hp 1030 X360\\Documents\\Mercy-fx\\mercy-dev-studio\\node_modules\\@tailwindcss\\oxide-linux-x64-musl'
822 silly reify ]
823 verbose reify failed optional dependency C:\Users\Hp 1030 X360\Documents\Mercy-fx\mercy-dev-studio\node_modules\@tailwindcss\oxide-linux-x64-gnu
824 silly reify mark deleted [
824 silly reify   'C:\\Users\\Hp 1030 X360\\Documents\\Mercy-fx\\mercy-dev-studio\\node_modules\\@tailwindcss\\oxide-linux-x64-gnu'
824 silly reify ]
825 verbose reify failed optional dependency C:\Users\Hp 1030 X360\Documents\Mercy-fx\mercy-dev-studio\node_modules\@tailwindcss\oxide-linux-arm64-musl
826 silly reify mark deleted [
826 silly reify   'C:\\Users\\Hp 1030 X360\\Documents\\Mercy-fx\\mercy-dev-studio\\node_modules\\@tailwindcss\\oxide-linux-arm64-musl'
826 silly reify ]
827 verbose reify failed optional dependency C:\Users\Hp 1030 X360\Documents\Mercy-fx\mercy-dev-studio\node_modules\@tailwindcss\oxide-linux-arm64-gnu
828 silly reify mark deleted [
828 silly reify   'C:\\Users\\Hp 1030 X360\\Documents\\Mercy-fx\\mercy-dev-studio\\node_modules\\@tailwindcss\\oxide-linux-arm64-gnu'
828 silly reify ]
829 verbose reify failed optional dependency C:\Users\Hp 1030 X360\Documents\Mercy-fx\mercy-dev-studio\node_modules\@tailwindcss\oxide-linux-arm-gnueabihf
830 silly reify mark deleted [
830 silly reify   'C:\\Users\\Hp 1030 X360\\Documents\\Mercy-fx\\mercy-dev-studio\\node_modules\\@tailwindcss\\oxide-linux-arm-gnueabihf'
830 silly reify ]
831 verbose reify failed optional dependency C:\Users\Hp 1030 X360\Documents\Mercy-fx\mercy-dev-studio\node_modules\@tailwindcss\oxide-freebsd-x64
832 silly reify mark deleted [
832 silly reify   'C:\\Users\\Hp 1030 X360\\Documents\\Mercy-fx\\mercy-dev-studio\\node_modules\\@tailwindcss\\oxide-freebsd-x64'
832 silly reify ]
833 verbose reify failed optional dependency C:\Users\Hp 1030 X360\Documents\Mercy-fx\mercy-dev-studio\node_modules\@tailwindcss\oxide-darwin-x64
834 silly reify mark deleted [
834 silly reify   'C:\\Users\\Hp 1030 X360\\Documents\\Mercy-fx\\mercy-dev-studio\\node_modules\\@tailwindcss\\oxide-darwin-x64'
834 silly reify ]
835 verbose reify failed optional dependency C:\Users\Hp 1030 X360\Documents\Mercy-fx\mercy-dev-studio\node_modules\@tailwindcss\oxide-darwin-arm64
836 silly reify mark deleted [
836 silly reify   'C:\\Users\\Hp 1030 X360\\Documents\\Mercy-fx\\mercy-dev-studio\\node_modules\\@tailwindcss\\oxide-darwin-arm64'
836 silly reify ]
837 verbose reify failed optional dependency C:\Users\Hp 1030 X360\Documents\Mercy-fx\mercy-dev-studio\node_modules\@tailwindcss\oxide-android-arm64
838 silly reify mark deleted [
838 silly reify   'C:\\Users\\Hp 1030 X360\\Documents\\Mercy-fx\\mercy-dev-studio\\node_modules\\@tailwindcss\\oxide-android-arm64'
838 silly reify ]
839 verbose reify failed optional dependency C:\Users\Hp 1030 X360\Documents\Mercy-fx\mercy-dev-studio\node_modules\@esbuild\win32-ia32
840 silly reify mark deleted [
840 silly reify   'C:\\Users\\Hp 1030 X360\\Documents\\Mercy-fx\\mercy-dev-studio\\node_modules\\@esbuild\\win32-ia32'
840 silly reify ]
841 verbose reify failed optional dependency C:\Users\Hp 1030 X360\Documents\Mercy-fx\mercy-dev-studio\node_modules\@esbuild\win32-arm64
842 silly reify mark deleted [
842 silly reify   'C:\\Users\\Hp 1030 X360\\Documents\\Mercy-fx\\mercy-dev-studio\\node_modules\\@esbuild\\win32-arm64'
842 silly reify ]
843 verbose reify failed optional dependency C:\Users\Hp 1030 X360\Documents\Mercy-fx\mercy-dev-studio\node_modules\@esbuild\sunos-x64
844 silly reify mark deleted [
844 silly reify   'C:\\Users\\Hp 1030 X360\\Documents\\Mercy-fx\\mercy-dev-studio\\node_modules\\@esbuild\\sunos-x64'
844 silly reify ]
845 verbose reify failed optional dependency C:\Users\Hp 1030 X360\Documents\Mercy-fx\mercy-dev-studio\node_modules\@esbuild\openharmony-arm64
846 silly reify mark deleted [
846 silly reify   'C:\\Users\\Hp 1030 X360\\Documents\\Mercy-fx\\mercy-dev-studio\\node_modules\\@esbuild\\openharmony-arm64'
846 silly reify ]
847 verbose reify failed optional dependency C:\Users\Hp 1030 X360\Documents\Mercy-fx\mercy-dev-studio\node_modules\@esbuild\openbsd-x64
848 silly reify mark deleted [
848 silly reify   'C:\\Users\\Hp 1030 X360\\Documents\\Mercy-fx\\mercy-dev-studio\\node_modules\\@esbuild\\openbsd-x64'
848 silly reify ]
849 verbose reify failed optional dependency C:\Users\Hp 1030 X360\Documents\Mercy-fx\mercy-dev-studio\node_modules\@esbuild\openbsd-arm64
850 silly reify mark deleted [
850 silly reify   'C:\\Users\\Hp 1030 X360\\Documents\\Mercy-fx\\mercy-dev-studio\\node_modules\\@esbuild\\openbsd-arm64'
850 silly reify ]
851 verbose reify failed optional dependency C:\Users\Hp 1030 X360\Documents\Mercy-fx\mercy-dev-studio\node_modules\@esbuild\netbsd-x64
852 silly reify mark deleted [
852 silly reify   'C:\\Users\\Hp 1030 X360\\Documents\\Mercy-fx\\mercy-dev-studio\\node_modules\\@esbuild\\netbsd-x64'
852 silly reify ]
853 verbose reify failed optional dependency C:\Users\Hp 1030 X360\Documents\Mercy-fx\mercy-dev-studio\node_modules\@esbuild\netbsd-arm64
854 silly reify mark deleted [
854 silly reify   'C:\\Users\\Hp 1030 X360\\Documents\\Mercy-fx\\mercy-dev-studio\\node_modules\\@esbuild\\netbsd-arm64'
854 silly reify ]
855 verbose reify failed optional dependency C:\Users\Hp 1030 X360\Documents\Mercy-fx\mercy-dev-studio\node_modules\@esbuild\linux-x64
856 silly reify mark deleted [
856 silly reify   'C:\\Users\\Hp 1030 X360\\Documents\\Mercy-fx\\mercy-dev-studio\\node_modules\\@esbuild\\linux-x64'
856 silly reify ]
857 verbose reify failed optional dependency C:\Users\Hp 1030 X360\Documents\Mercy-fx\mercy-dev-studio\node_modules\@esbuild\linux-s390x
858 silly reify mark deleted [
858 silly reify   'C:\\Users\\Hp 1030 X360\\Documents\\Mercy-fx\\mercy-dev-studio\\node_modules\\@esbuild\\linux-s390x'
858 silly reify ]
859 verbose reify failed optional dependency C:\Users\Hp 1030 X360\Documents\Mercy-fx\mercy-dev-studio\node_modules\@esbuild\linux-riscv64
860 silly reify mark deleted [
860 silly reify   'C:\\Users\\Hp 1030 X360\\Documents\\Mercy-fx\\mercy-dev-studio\\node_modules\\@esbuild\\linux-riscv64'
860 silly reify ]
861 verbose reify failed optional dependency C:\Users\Hp 1030 X360\Documents\Mercy-fx\mercy-dev-studio\node_modules\@esbuild\linux-ppc64
862 silly reify mark deleted [
862 silly reify   'C:\\Users\\Hp 1030 X360\\Documents\\Mercy-fx\\mercy-dev-studio\\node_modules\\@esbuild\\linux-ppc64'
862 silly reify ]
863 verbose reify failed optional dependency C:\Users\Hp 1030 X360\Documents\Mercy-fx\mercy-dev-studio\node_modules\@esbuild\linux-mips64el
864 silly reify mark deleted [
864 silly reify   'C:\\Users\\Hp 1030 X360\\Documents\\Mercy-fx\\mercy-dev-studio\\node_modules\\@esbuild\\linux-mips64el'
864 silly reify ]
865 verbose reify failed optional dependency C:\Users\Hp 1030 X360\Documents\Mercy-fx\mercy-dev-studio\node_modules\@esbuild\linux-loong64
866 silly reify mark deleted [
866 silly reify   'C:\\Users\\Hp 1030 X360\\Documents\\Mercy-fx\\mercy-dev-studio\\node_modules\\@esbuild\\linux-loong64'
866 silly reify ]
867 verbose reify failed optional dependency C:\Users\Hp 1030 X360\Documents\Mercy-fx\mercy-dev-studio\node_modules\@esbuild\linux-ia32
868 silly reify mark deleted [
868 silly reify   'C:\\Users\\Hp 1030 X360\\Documents\\Mercy-fx\\mercy-dev-studio\\node_modules\\@esbuild\\linux-ia32'
868 silly reify ]
869 verbose reify failed optional dependency C:\Users\Hp 1030 X360\Documents\Mercy-fx\mercy-dev-studio\node_modules\@esbuild\linux-arm64
870 silly reify mark deleted [
870 silly reify   'C:\\Users\\Hp 1030 X360\\Documents\\Mercy-fx\\mercy-dev-studio\\node_modules\\@esbuild\\linux-arm64'
870 silly reify ]
871 verbose reify failed optional dependency C:\Users\Hp 1030 X360\Documents\Mercy-fx\mercy-dev-studio\node_modules\@esbuild\linux-arm
872 silly reify mark deleted [
872 silly reify   'C:\\Users\\Hp 1030 X360\\Documents\\Mercy-fx\\mercy-dev-studio\\node_modules\\@esbuild\\linux-arm'
872 silly reify ]
873 verbose reify failed optional dependency C:\Users\Hp 1030 X360\Documents\Mercy-fx\mercy-dev-studio\node_modules\@esbuild\freebsd-x64
874 silly reify mark deleted [
874 silly reify   'C:\\Users\\Hp 1030 X360\\Documents\\Mercy-fx\\mercy-dev-studio\\node_modules\\@esbuild\\freebsd-x64'
874 silly reify ]
875 verbose reify failed optional dependency C:\Users\Hp 1030 X360\Documents\Mercy-fx\mercy-dev-studio\node_modules\@esbuild\freebsd-arm64
876 silly reify mark deleted [
876 silly reify   'C:\\Users\\Hp 1030 X360\\Documents\\Mercy-fx\\mercy-dev-studio\\node_modules\\@esbuild\\freebsd-arm64'
876 silly reify ]
877 verbose reify failed optional dependency C:\Users\Hp 1030 X360\Documents\Mercy-fx\mercy-dev-studio\node_modules\@esbuild\darwin-x64
878 silly reify mark deleted [
878 silly reify   'C:\\Users\\Hp 1030 X360\\Documents\\Mercy-fx\\mercy-dev-studio\\node_modules\\@esbuild\\darwin-x64'
878 silly reify ]
879 verbose reify failed optional dependency C:\Users\Hp 1030 X360\Documents\Mercy-fx\mercy-dev-studio\node_modules\@esbuild\darwin-arm64
880 silly reify mark deleted [
880 silly reify   'C:\\Users\\Hp 1030 X360\\Documents\\Mercy-fx\\mercy-dev-studio\\node_modules\\@esbuild\\darwin-arm64'
880 silly reify ]
881 verbose reify failed optional dependency C:\Users\Hp 1030 X360\Documents\Mercy-fx\mercy-dev-studio\node_modules\@esbuild\android-x64
882 silly reify mark deleted [
882 silly reify   'C:\\Users\\Hp 1030 X360\\Documents\\Mercy-fx\\mercy-dev-studio\\node_modules\\@esbuild\\android-x64'
882 silly reify ]
883 verbose reify failed optional dependency C:\Users\Hp 1030 X360\Documents\Mercy-fx\mercy-dev-studio\node_modules\@esbuild\android-arm64
884 silly reify mark deleted [
884 silly reify   'C:\\Users\\Hp 1030 X360\\Documents\\Mercy-fx\\mercy-dev-studio\\node_modules\\@esbuild\\android-arm64'
884 silly reify ]
885 verbose reify failed optional dependency C:\Users\Hp 1030 X360\Documents\Mercy-fx\mercy-dev-studio\node_modules\@esbuild\android-arm
886 silly reify mark deleted [
886 silly reify   'C:\\Users\\Hp 1030 X360\\Documents\\Mercy-fx\\mercy-dev-studio\\node_modules\\@esbuild\\android-arm'
886 silly reify ]
887 verbose reify failed optional dependency C:\Users\Hp 1030 X360\Documents\Mercy-fx\mercy-dev-studio\node_modules\@esbuild\aix-ppc64
888 silly reify mark deleted [
888 silly reify   'C:\\Users\\Hp 1030 X360\\Documents\\Mercy-fx\\mercy-dev-studio\\node_modules\\@esbuild\\aix-ppc64'
888 silly reify ]
889 http cache eslint-config-next@https://registry.npmjs.org/eslint-config-next/-/eslint-config-next-14.2.35.tgz 0ms (cache hit)
890 http cache wrappy@https://registry.npmjs.org/wrappy/-/wrappy-1.0.2.tgz 0ms (cache hit)
891 http cache path-is-absolute@https://registry.npmjs.org/path-is-absolute/-/path-is-absolute-1.0.1.tgz 0ms (cache hit)
892 http cache once@https://registry.npmjs.org/once/-/once-1.4.0.tgz 0ms (cache hit)
893 http cache inherits@https://registry.npmjs.org/inherits/-/inherits-2.0.4.tgz 1ms (cache hit)
894 http cache inflight@https://registry.npmjs.org/inflight/-/inflight-1.0.6.tgz 0ms (cache hit)
895 http cache fs.realpath@https://registry.npmjs.org/fs.realpath/-/fs.realpath-1.0.0.tgz 0ms (cache hit)
896 http cache is-fullwidth-code-point@https://registry.npmjs.org/is-fullwidth-code-point/-/is-fullwidth-code-point-3.0.0.tgz 0ms (cache hit)
897 http cache eastasianwidth@https://registry.npmjs.org/eastasianwidth/-/eastasianwidth-0.2.0.tgz 0ms (cache hit)
898 http cache wrap-ansi-cjs@https://registry.npmjs.org/wrap-ansi/-/wrap-ansi-7.0.0.tgz 1ms (cache hit)
899 http cache ansi-regex@https://registry.npmjs.org/ansi-regex/-/ansi-regex-5.0.1.tgz 0ms (cache hit)
900 http cache wrap-ansi@https://registry.npmjs.org/wrap-ansi/-/wrap-ansi-8.1.0.tgz 0ms (cache hit)
901 http cache strip-ansi-cjs@https://registry.npmjs.org/strip-ansi/-/strip-ansi-6.0.1.tgz 0ms (cache hit)
902 http cache @pkgjs/parseargs@https://registry.npmjs.org/@pkgjs/parseargs/-/parseargs-0.11.0.tgz 0ms (cache hit)
903 http cache string-width-cjs@https://registry.npmjs.org/string-width/-/string-width-4.2.3.tgz 0ms (cache hit)
904 http cache string-width@https://registry.npmjs.org/string-width/-/string-width-5.1.2.tgz 0ms (cache hit)
905 http cache @isaacs/cliui@https://registry.npmjs.org/@isaacs/cliui/-/cliui-8.0.2.tgz 0ms (cache hit)
906 http cache type-fest@https://registry.npmjs.org/type-fest/-/type-fest-0.20.2.tgz 0ms (cache hit)
907 http cache path-scurry@https://registry.npmjs.org/path-scurry/-/path-scurry-1.11.1.tgz 0ms (cache hit)
908 http cache signal-exit@https://registry.npmjs.org/signal-exit/-/signal-exit-4.1.0.tgz 0ms (cache hit)
909 http cache minipass@https://registry.npmjs.org/minipass/-/minipass-7.1.3.tgz 0ms (cache hit)
910 http cache jackspeak@https://registry.npmjs.org/jackspeak/-/jackspeak-2.3.6.tgz 0ms (cache hit)
911 http cache rimraf@https://registry.npmjs.org/rimraf/-/rimraf-3.0.2.tgz 0ms (cache hit)
912 http cache foreground-child@https://registry.npmjs.org/foreground-child/-/foreground-child-3.3.1.tgz 0ms (cache hit)
913 http cache glob@https://registry.npmjs.org/glob/-/glob-10.3.10.tgz 0ms (cache hit)
914 http cache @rushstack/eslint-patch@https://registry.npmjs.org/@rushstack/eslint-patch/-/eslint-patch-1.16.1.tgz 0ms (cache hit)
915 http cache @humanwhocodes/object-schema@https://registry.npmjs.org/@humanwhocodes/object-schema/-/object-schema-2.0.3.tgz 0ms (cache hit)
916 http cache text-table@https://registry.npmjs.org/text-table/-/text-table-0.2.0.tgz 0ms (cache hit)
917 http cache strip-ansi@https://registry.npmjs.org/strip-ansi/-/strip-ansi-6.0.1.tgz 0ms (cache hit)
918 http cache is-path-inside@https://registry.npmjs.org/is-path-inside/-/is-path-inside-3.0.3.tgz 0ms (cache hit)
919 http cache graphemer@https://registry.npmjs.org/graphemer/-/graphemer-1.4.0.tgz 0ms (cache hit)
920 http cache @ungap/structured-clone@https://registry.npmjs.org/@ungap/structured-clone/-/structured-clone-1.3.1.tgz 0ms (cache hit)
921 http cache @types/prop-types@https://registry.npmjs.org/@types/prop-types/-/prop-types-15.7.15.tgz 0ms (cache hit)
922 http cache @humanwhocodes/config-array@https://registry.npmjs.org/@humanwhocodes/config-array/-/config-array-0.13.0.tgz 0ms (cache hit)
923 http cache @typescript-eslint/visitor-keys@https://registry.npmjs.org/@typescript-eslint/visitor-keys/-/visitor-keys-8.61.1.tgz 0ms (cache hit)
924 http cache @typescript-eslint/utils@https://registry.npmjs.org/@typescript-eslint/utils/-/utils-8.61.1.tgz 0ms (cache hit)
925 http cache @typescript-eslint/type-utils@https://registry.npmjs.org/@typescript-eslint/type-utils/-/type-utils-8.61.1.tgz 0ms (cache hit)
926 http cache @typescript-eslint/typescript-estree@https://registry.npmjs.org/@typescript-eslint/typescript-estree/-/typescript-estree-8.61.1.tgz 0ms (cache hit)
927 http cache @typescript-eslint/types@https://registry.npmjs.org/@typescript-eslint/types/-/types-8.61.1.tgz 0ms (cache hit)
928 http cache @typescript-eslint/scope-manager@https://registry.npmjs.org/@typescript-eslint/scope-manager/-/scope-manager-8.61.1.tgz 0ms (cache hit)
929 http cache @typescript-eslint/tsconfig-utils@https://registry.npmjs.org/@typescript-eslint/tsconfig-utils/-/tsconfig-utils-8.61.1.tgz 0ms (cache hit)
930 http cache @typescript-eslint/project-service@https://registry.npmjs.org/@typescript-eslint/project-service/-/project-service-8.61.1.tgz 0ms (cache hit)
931 http cache @typescript-eslint/eslint-plugin@https://registry.npmjs.org/@typescript-eslint/eslint-plugin/-/eslint-plugin-8.61.1.tgz 0ms (cache hit)
932 http cache @types/react-dom@https://registry.npmjs.org/@types/react-dom/-/react-dom-18.3.7.tgz 1ms (cache hit)
933 http cache @typescript-eslint/parser@https://registry.npmjs.org/@typescript-eslint/parser/-/parser-8.61.1.tgz 0ms (cache hit)
934 http cache @types/react@https://registry.npmjs.org/@types/react/-/react-18.3.31.tgz 0ms (cache hit)
935 http cache @swc/helpers@https://registry.npmjs.org/@swc/helpers/-/helpers-0.5.5.tgz 0ms (cache hit)
936 http cache @next/env@https://registry.npmjs.org/@next/env/-/env-14.2.35.tgz 0ms (cache hit)
937 http cache @next/eslint-plugin-next@https://registry.npmjs.org/@next/eslint-plugin-next/-/eslint-plugin-next-14.2.35.tgz 0ms (cache hit)
938 http cache @next/swc-win32-x64-msvc@https://registry.npmjs.org/@next/swc-win32-x64-msvc/-/swc-win32-x64-msvc-14.2.33.tgz 0ms (cache hit)
939 http cache @eslint/eslintrc@https://registry.npmjs.org/@eslint/eslintrc/-/eslintrc-2.1.4.tgz 1ms (cache hit)
940 http cache @eslint/js@https://registry.npmjs.org/@eslint/js/-/js-8.57.1.tgz 0ms (cache hit)
941 http cache styled-jsx@https://registry.npmjs.org/styled-jsx/-/styled-jsx-5.1.1.tgz 0ms (cache hit)
942 http cache scheduler@https://registry.npmjs.org/scheduler/-/scheduler-0.23.2.tgz 0ms (cache hit)
943 http cache react-dom@https://registry.npmjs.org/react-dom/-/react-dom-18.2.0.tgz 0ms (cache hit)
944 http cache react@https://registry.npmjs.org/react/-/react-18.2.0.tgz 0ms (cache hit)
945 http cache lru-cache@https://registry.npmjs.org/lru-cache/-/lru-cache-10.4.3.tgz 0ms (cache hit)
946 http cache next@https://registry.npmjs.org/next/-/next-14.2.35.tgz 0ms (cache hit)
947 http cache js-yaml@https://registry.npmjs.org/js-yaml/-/js-yaml-4.2.0.tgz 0ms (cache hit)
948 http cache globals@https://registry.npmjs.org/globals/-/globals-13.24.0.tgz 0ms (cache hit)
949 http cache flat-cache@https://registry.npmjs.org/flat-cache/-/flat-cache-3.2.0.tgz 0ms (cache hit)
950 http cache file-entry-cache@https://registry.npmjs.org/file-entry-cache/-/file-entry-cache-6.0.1.tgz 0ms (cache hit)
951 http cache eslint-visitor-keys@https://registry.npmjs.org/eslint-visitor-keys/-/eslint-visitor-keys-3.4.3.tgz 0ms (cache hit)
952 http cache espree@https://registry.npmjs.org/espree/-/espree-9.6.1.tgz 0ms (cache hit)
953 http cache eslint-scope@https://registry.npmjs.org/eslint-scope/-/eslint-scope-7.2.2.tgz 0ms (cache hit)
954 http cache eslint-plugin-react-hooks@https://registry.npmjs.org/eslint-plugin-react-hooks/-/eslint-plugin-react-hooks-5.0.0-canary-7118f5dd7-20230705.tgz 0ms (cache hit)
955 http cache acorn@https://registry.npmjs.org/acorn/-/acorn-8.17.0.tgz 0ms (cache hit)
956 http cache eslint@https://registry.npmjs.org/eslint/-/eslint-8.57.1.tgz 0ms (cache hit)
957 silly tarball no local data for eslint-config-next@https://registry.npmjs.org/eslint-config-next/-/eslint-config-next-14.2.35.tgz. Extracting by manifest.
958 http cache ansi-regex@https://registry.npmjs.org/ansi-regex/-/ansi-regex-6.2.2.tgz 0ms (cache hit)
959 http cache emoji-regex@https://registry.npmjs.org/emoji-regex/-/emoji-regex-8.0.0.tgz 0ms (cache hit)
960 http cache string-width@https://registry.npmjs.org/string-width/-/string-width-4.2.3.tgz 0ms (cache hit)
961 http cache strip-ansi@https://registry.npmjs.org/strip-ansi/-/strip-ansi-7.2.0.tgz 0ms (cache hit)
962 http cache emoji-regex@https://registry.npmjs.org/emoji-regex/-/emoji-regex-8.0.0.tgz 0ms (cache hit)
963 http cache ansi-styles@https://registry.npmjs.org/ansi-styles/-/ansi-styles-6.2.3.tgz 0ms (cache hit)
964 http cache ansi-regex@https://registry.npmjs.org/ansi-regex/-/ansi-regex-6.2.2.tgz 0ms (cache hit)
965 http cache strip-ansi@https://registry.npmjs.org/strip-ansi/-/strip-ansi-7.2.0.tgz 0ms (cache hit)
966 http cache ansi-regex@https://registry.npmjs.org/ansi-regex/-/ansi-regex-6.2.2.tgz 0ms (cache hit)
967 http cache strip-ansi@https://registry.npmjs.org/strip-ansi/-/strip-ansi-7.2.0.tgz 0ms (cache hit)
968 http cache glob@https://registry.npmjs.org/glob/-/glob-7.2.3.tgz 0ms (cache hit)
969 http cache brace-expansion@https://registry.npmjs.org/brace-expansion/-/brace-expansion-2.1.1.tgz 0ms (cache hit)
970 http cache minimatch@https://registry.npmjs.org/minimatch/-/minimatch-9.0.9.tgz 0ms (cache hit)
971 http cache semver@https://registry.npmjs.org/semver/-/semver-7.8.4.tgz 0ms (cache hit)
972 http cache doctrine@https://registry.npmjs.org/doctrine/-/doctrine-3.0.0.tgz 1ms (cache hit)
973 silly tarball no local data for wrappy@https://registry.npmjs.org/wrappy/-/wrappy-1.0.2.tgz. Extracting by manifest.
974 silly tarball no local data for path-is-absolute@https://registry.npmjs.org/path-is-absolute/-/path-is-absolute-1.0.1.tgz. Extracting by manifest.
975 silly tarball no local data for once@https://registry.npmjs.org/once/-/once-1.4.0.tgz. Extracting by manifest.
976 silly tarball no local data for inherits@https://registry.npmjs.org/inherits/-/inherits-2.0.4.tgz. Extracting by manifest.
977 silly tarball no local data for inflight@https://registry.npmjs.org/inflight/-/inflight-1.0.6.tgz. Extracting by manifest.
978 silly tarball no local data for fs.realpath@https://registry.npmjs.org/fs.realpath/-/fs.realpath-1.0.0.tgz. Extracting by manifest.
979 silly tarball no local data for is-fullwidth-code-point@https://registry.npmjs.org/is-fullwidth-code-point/-/is-fullwidth-code-point-3.0.0.tgz. Extracting by manifest.
980 silly tarball no local data for eastasianwidth@https://registry.npmjs.org/eastasianwidth/-/eastasianwidth-0.2.0.tgz. Extracting by manifest.
981 silly tarball no local data for wrap-ansi-cjs@https://registry.npmjs.org/wrap-ansi/-/wrap-ansi-7.0.0.tgz. Extracting by manifest.
982 silly tarball no local data for ansi-regex@https://registry.npmjs.org/ansi-regex/-/ansi-regex-5.0.1.tgz. Extracting by manifest.
983 silly tarball no local data for wrap-ansi@https://registry.npmjs.org/wrap-ansi/-/wrap-ansi-8.1.0.tgz. Extracting by manifest.
984 silly tarball no local data for strip-ansi-cjs@https://registry.npmjs.org/strip-ansi/-/strip-ansi-6.0.1.tgz. Extracting by manifest.
985 silly tarball no local data for @pkgjs/parseargs@https://registry.npmjs.org/@pkgjs/parseargs/-/parseargs-0.11.0.tgz. Extracting by manifest.
986 silly tarball no local data for string-width-cjs@https://registry.npmjs.org/string-width/-/string-width-4.2.3.tgz. Extracting by manifest.
987 silly tarball no local data for string-width@https://registry.npmjs.org/string-width/-/string-width-5.1.2.tgz. Extracting by manifest.
988 silly tarball no local data for @isaacs/cliui@https://registry.npmjs.org/@isaacs/cliui/-/cliui-8.0.2.tgz. Extracting by manifest.
989 silly tarball no local data for type-fest@https://registry.npmjs.org/type-fest/-/type-fest-0.20.2.tgz. Extracting by manifest.
990 silly tarball no local data for path-scurry@https://registry.npmjs.org/path-scurry/-/path-scurry-1.11.1.tgz. Extracting by manifest.
991 silly tarball no local data for signal-exit@https://registry.npmjs.org/signal-exit/-/signal-exit-4.1.0.tgz. Extracting by manifest.
992 silly tarball no local data for minipass@https://registry.npmjs.org/minipass/-/minipass-7.1.3.tgz. Extracting by manifest.
993 silly tarball no local data for jackspeak@https://registry.npmjs.org/jackspeak/-/jackspeak-2.3.6.tgz. Extracting by manifest.
994 silly tarball no local data for rimraf@https://registry.npmjs.org/rimraf/-/rimraf-3.0.2.tgz. Extracting by manifest.
995 silly tarball no local data for foreground-child@https://registry.npmjs.org/foreground-child/-/foreground-child-3.3.1.tgz. Extracting by manifest.
996 silly tarball no local data for glob@https://registry.npmjs.org/glob/-/glob-10.3.10.tgz. Extracting by manifest.
997 silly tarball no local data for @rushstack/eslint-patch@https://registry.npmjs.org/@rushstack/eslint-patch/-/eslint-patch-1.16.1.tgz. Extracting by manifest.
998 silly tarball no local data for @humanwhocodes/object-schema@https://registry.npmjs.org/@humanwhocodes/object-schema/-/object-schema-2.0.3.tgz. Extracting by manifest.
999 silly tarball no local data for text-table@https://registry.npmjs.org/text-table/-/text-table-0.2.0.tgz. Extracting by manifest.
1000 silly tarball no local data for strip-ansi@https://registry.npmjs.org/strip-ansi/-/strip-ansi-6.0.1.tgz. Extracting by manifest.
1001 silly tarball no local data for is-path-inside@https://registry.npmjs.org/is-path-inside/-/is-path-inside-3.0.3.tgz. Extracting by manifest.
1002 silly tarball no local data for graphemer@https://registry.npmjs.org/graphemer/-/graphemer-1.4.0.tgz. Extracting by manifest.
1003 silly tarball no local data for @ungap/structured-clone@https://registry.npmjs.org/@ungap/structured-clone/-/structured-clone-1.3.1.tgz. Extracting by manifest.
1004 silly tarball no local data for @types/prop-types@https://registry.npmjs.org/@types/prop-types/-/prop-types-15.7.15.tgz. Extracting by manifest.
1005 silly tarball no local data for @humanwhocodes/config-array@https://registry.npmjs.org/@humanwhocodes/config-array/-/config-array-0.13.0.tgz. Extracting by manifest.
1006 silly tarball no local data for @typescript-eslint/visitor-keys@https://registry.npmjs.org/@typescript-eslint/visitor-keys/-/visitor-keys-8.61.1.tgz. Extracting by manifest.
1007 silly tarball no local data for @typescript-eslint/utils@https://registry.npmjs.org/@typescript-eslint/utils/-/utils-8.61.1.tgz. Extracting by manifest.
1008 silly tarball no local data for @typescript-eslint/type-utils@https://registry.npmjs.org/@typescript-eslint/type-utils/-/type-utils-8.61.1.tgz. Extracting by manifest.
1009 silly tarball no local data for @typescript-eslint/typescript-estree@https://registry.npmjs.org/@typescript-eslint/typescript-estree/-/typescript-estree-8.61.1.tgz. Extracting by manifest.
1010 silly tarball no local data for @typescript-eslint/types@https://registry.npmjs.org/@typescript-eslint/types/-/types-8.61.1.tgz. Extracting by manifest.
1011 silly tarball no local data for @typescript-eslint/scope-manager@https://registry.npmjs.org/@typescript-eslint/scope-manager/-/scope-manager-8.61.1.tgz. Extracting by manifest.
1012 silly tarball no local data for @typescript-eslint/tsconfig-utils@https://registry.npmjs.org/@typescript-eslint/tsconfig-utils/-/tsconfig-utils-8.61.1.tgz. Extracting by manifest.
1013 silly tarball no local data for @typescript-eslint/project-service@https://registry.npmjs.org/@typescript-eslint/project-service/-/project-service-8.61.1.tgz. Extracting by manifest.
1014 silly tarball no local data for @typescript-eslint/eslint-plugin@https://registry.npmjs.org/@typescript-eslint/eslint-plugin/-/eslint-plugin-8.61.1.tgz. Extracting by manifest.
1015 silly tarball no local data for @types/react-dom@https://registry.npmjs.org/@types/react-dom/-/react-dom-18.3.7.tgz. Extracting by manifest.
1016 silly tarball no local data for @typescript-eslint/parser@https://registry.npmjs.org/@typescript-eslint/parser/-/parser-8.61.1.tgz. Extracting by manifest.
1017 silly tarball no local data for @types/react@https://registry.npmjs.org/@types/react/-/react-18.3.31.tgz. Extracting by manifest.
1018 silly tarball no local data for @swc/helpers@https://registry.npmjs.org/@swc/helpers/-/helpers-0.5.5.tgz. Extracting by manifest.
1019 silly tarball no local data for @next/env@https://registry.npmjs.org/@next/env/-/env-14.2.35.tgz. Extracting by manifest.
1020 silly tarball no local data for @next/eslint-plugin-next@https://registry.npmjs.org/@next/eslint-plugin-next/-/eslint-plugin-next-14.2.35.tgz. Extracting by manifest.
1021 silly tarball no local data for @next/swc-win32-x64-msvc@https://registry.npmjs.org/@next/swc-win32-x64-msvc/-/swc-win32-x64-msvc-14.2.33.tgz. Extracting by manifest.
1022 silly tarball no local data for @eslint/eslintrc@https://registry.npmjs.org/@eslint/eslintrc/-/eslintrc-2.1.4.tgz. Extracting by manifest.
1023 silly tarball no local data for @eslint/js@https://registry.npmjs.org/@eslint/js/-/js-8.57.1.tgz. Extracting by manifest.
1024 silly tarball no local data for styled-jsx@https://registry.npmjs.org/styled-jsx/-/styled-jsx-5.1.1.tgz. Extracting by manifest.
1025 silly tarball no local data for scheduler@https://registry.npmjs.org/scheduler/-/scheduler-0.23.2.tgz. Extracting by manifest.
1026 silly tarball no local data for react-dom@https://registry.npmjs.org/react-dom/-/react-dom-18.2.0.tgz. Extracting by manifest.
1027 silly tarball no local data for react@https://registry.npmjs.org/react/-/react-18.2.0.tgz. Extracting by manifest.
1028 silly tarball no local data for lru-cache@https://registry.npmjs.org/lru-cache/-/lru-cache-10.4.3.tgz. Extracting by manifest.
1029 silly tarball no local data for next@https://registry.npmjs.org/next/-/next-14.2.35.tgz. Extracting by manifest.
1030 silly tarball no local data for js-yaml@https://registry.npmjs.org/js-yaml/-/js-yaml-4.2.0.tgz. Extracting by manifest.
1031 silly tarball no local data for globals@https://registry.npmjs.org/globals/-/globals-13.24.0.tgz. Extracting by manifest.
1032 silly tarball no local data for flat-cache@https://registry.npmjs.org/flat-cache/-/flat-cache-3.2.0.tgz. Extracting by manifest.
1033 silly tarball no local data for file-entry-cache@https://registry.npmjs.org/file-entry-cache/-/file-entry-cache-6.0.1.tgz. Extracting by manifest.
1034 silly tarball no local data for eslint-visitor-keys@https://registry.npmjs.org/eslint-visitor-keys/-/eslint-visitor-keys-3.4.3.tgz. Extracting by manifest.
1035 silly tarball no local data for espree@https://registry.npmjs.org/espree/-/espree-9.6.1.tgz. Extracting by manifest.
1036 silly tarball no local data for eslint-scope@https://registry.npmjs.org/eslint-scope/-/eslint-scope-7.2.2.tgz. Extracting by manifest.
1037 silly tarball no local data for eslint-plugin-react-hooks@https://registry.npmjs.org/eslint-plugin-react-hooks/-/eslint-plugin-react-hooks-5.0.0-canary-7118f5dd7-20230705.tgz. Extracting by manifest.
1038 silly tarball no local data for acorn@https://registry.npmjs.org/acorn/-/acorn-8.17.0.tgz. Extracting by manifest.
1039 silly tarball no local data for eslint@https://registry.npmjs.org/eslint/-/eslint-8.57.1.tgz. Extracting by manifest.
1040 silly tarball no local data for ansi-regex@https://registry.npmjs.org/ansi-regex/-/ansi-regex-6.2.2.tgz. Extracting by manifest.
1041 silly tarball no local data for emoji-regex@https://registry.npmjs.org/emoji-regex/-/emoji-regex-8.0.0.tgz. Extracting by manifest.
1042 silly tarball no local data for string-width@https://registry.npmjs.org/string-width/-/string-width-4.2.3.tgz. Extracting by manifest.
1043 silly tarball no local data for strip-ansi@https://registry.npmjs.org/strip-ansi/-/strip-ansi-7.2.0.tgz. Extracting by manifest.
1044 silly tarball no local data for emoji-regex@https://registry.npmjs.org/emoji-regex/-/emoji-regex-8.0.0.tgz. Extracting by manifest.
1045 silly tarball no local data for ansi-styles@https://registry.npmjs.org/ansi-styles/-/ansi-styles-6.2.3.tgz. Extracting by manifest.
1046 silly tarball no local data for ansi-regex@https://registry.npmjs.org/ansi-regex/-/ansi-regex-6.2.2.tgz. Extracting by manifest.
1047 silly tarball no local data for strip-ansi@https://registry.npmjs.org/strip-ansi/-/strip-ansi-7.2.0.tgz. Extracting by manifest.
1048 silly tarball no local data for ansi-regex@https://registry.npmjs.org/ansi-regex/-/ansi-regex-6.2.2.tgz. Extracting by manifest.
1049 silly tarball no local data for strip-ansi@https://registry.npmjs.org/strip-ansi/-/strip-ansi-7.2.0.tgz. Extracting by manifest.
1050 silly tarball no local data for glob@https://registry.npmjs.org/glob/-/glob-7.2.3.tgz. Extracting by manifest.
1051 silly tarball no local data for brace-expansion@https://registry.npmjs.org/brace-expansion/-/brace-expansion-2.1.1.tgz. Extracting by manifest.
1052 silly tarball no local data for minimatch@https://registry.npmjs.org/minimatch/-/minimatch-9.0.9.tgz. Extracting by manifest.
1053 silly tarball no local data for semver@https://registry.npmjs.org/semver/-/semver-7.8.4.tgz. Extracting by manifest.
1054 silly tarball no local data for doctrine@https://registry.npmjs.org/doctrine/-/doctrine-3.0.0.tgz. Extracting by manifest.
1055 http fetch POST 200 https://registry.npmjs.org/-/npm/v1/security/advisories/bulk 1001ms
1056 silly audit report {
1056 silly audit report   esbuild: [
1056 silly audit report     {
1056 silly audit report       id: 1120680,
1056 silly audit report       url: 'https://github.com/advisories/GHSA-g7r4-m6w7-qqqr',
1056 silly audit report       title: 'esbuild allows arbitrary file read when running the development server on Windows',
1056 silly audit report       severity: 'low',
1056 silly audit report       vulnerable_versions: '>=0.27.3 <0.28.1',
1056 silly audit report       cwe: [Array],
1056 silly audit report       cvss: [Object]
1056 silly audit report     }
1056 silly audit report   ],
1056 silly audit report   postcss: [
1056 silly audit report     {
1056 silly audit report       id: 1117015,
1056 silly audit report       url: 'https://github.com/advisories/GHSA-qx2v-qp2m-jg93',
1056 silly audit report       title: 'PostCSS has XSS via Unescaped </style> in its CSS Stringify Output',
1056 silly audit report       severity: 'moderate',
1056 silly audit report       vulnerable_versions: '<8.5.10',
1056 silly audit report       cwe: [Array],
1056 silly audit report       cvss: [Object]
1056 silly audit report     }
1056 silly audit report   ],
1056 silly audit report   uuid: [
1056 silly audit report     {
1056 silly audit report       id: 1119441,
1056 silly audit report       url: 'https://github.com/advisories/GHSA-w5hq-g745-h8pq',
1056 silly audit report       title: 'uuid: Missing buffer bounds check in v3/v5/v6 when buf is provided',
1056 silly audit report       severity: 'moderate',
1056 silly audit report       vulnerable_versions: '<11.1.1',
1056 silly audit report       cwe: [Array],
1056 silly audit report       cvss: [Object]
1056 silly audit report     }
1056 silly audit report   ],
1056 silly audit report   next: [
1056 silly audit report     {
1056 silly audit report       id: 1117931,
1056 silly audit report       url: 'https://github.com/advisories/GHSA-8h8q-6873-q5fj',
1056 silly audit report       title: 'Next.js Vulnerable to Denial of Service with Server Components',
1056 silly audit report       severity: 'high',
1056 silly audit report       vulnerable_versions: '>=13.0.0 <15.5.16',
1056 silly audit report       cwe: [Array],
1056 silly audit report       cvss: [Object]
1056 silly audit report     },
1056 silly audit report     {
1056 silly audit report       id: 1118942,
1056 silly audit report       url: 'https://github.com/advisories/GHSA-3g8h-86w9-wvmq',
1056 silly audit report       title: "Next.js's Middleware / Proxy redirects can be cache-poisoned",
1056 silly audit report       severity: 'low',
1056 silly audit report       vulnerable_versions: '>=12.2.0 <15.5.16',
1056 silly audit report       cwe: [Array],
1056 silly audit report       cvss: [Object]
1056 silly audit report     },
1056 silly audit report     {
1056 silly audit report       id: 1118944,
1056 silly audit report       url: 'https://github.com/advisories/GHSA-ffhc-5mcf-pf4q',
1056 silly audit report       title: 'Next.js vulnerable to cross-site scripting in App Router applications using CSP nonces',
1056 silly audit report       severity: 'moderate',
1056 silly audit report       vulnerable_versions: '>=13.4.0 <15.5.16',
1056 silly audit report       cwe: [Array],
1056 silly audit report       cvss: [Object]
1056 silly audit report     },
1056 silly audit report     {
1056 silly audit report       id: 1118946,
1056 silly audit report       url: 'https://github.com/advisories/GHSA-vfv6-92ff-j949',
1056 silly audit report       title: 'Next.js vulnerable to cache poisoning via collisions in React Server Component cache-busting',
1056 silly audit report       severity: 'low',
1056 silly audit report       vulnerable_versions: '>=13.4.6 <15.5.16',
1056 silly audit report       cwe: [Array],
1056 silly audit report       cvss: [Object]
1056 silly audit report     },
1056 silly audit report     {
1056 silly audit report       id: 1118948,
1056 silly audit report       url: 'https://github.com/advisories/GHSA-gx5p-jg67-6x7h',
1056 silly audit report       title: 'Next.js has cross-site scripting in beforeInteractive scripts with untrusted input',
1056 silly audit report       severity: 'moderate',
1056 silly audit report       vulnerable_versions: '>=13.0.0 <15.5.16',
1056 silly audit report       cwe: [Array],
1056 silly audit report       cvss: [Object]
1056 silly audit report     },
1056 silly audit report     {
1056 silly audit report       id: 1118952,
1056 silly audit report       url: 'https://github.com/advisories/GHSA-h64f-5h5j-jqjh',
1056 silly audit report       title: 'Next.js has a Denial of Service in the Image Optimization API',
1056 silly audit report       severity: 'moderate',
1056 silly audit report       vulnerable_versions: '>=10.0.0 <15.5.16',
1056 silly audit report       cwe: [Array],
1056 silly audit report       cvss: [Object]
1056 silly audit report     },
1056 silly audit report     {
1056 silly audit report       id: 1118954,
1056 silly audit report       url: 'https://github.com/advisories/GHSA-c4j6-fc7j-m34r',
1056 silly audit report       title: 'Next.js vulnerable to server-side request forgery in applications using WebSocket upgrades',
1056 silly audit report       severity: 'high',
1056 silly audit report       vulnerable_versions: '>=13.4.13 <15.5.16',
1056 silly audit report       cwe: [Array],
1056 silly audit report       cvss: [Object]
1056 silly audit report     },
1056 silly audit report     {
1056 silly audit report       id: 1118958,
1056 silly audit report       url: 'https://github.com/advisories/GHSA-wfc6-r584-vfw7',
1056 silly audit report       title: 'Next.js vulnerable to cache poisoning in React Server Component responses',
1056 silly audit report       severity: 'moderate',
1056 silly audit report       vulnerable_versions: '>=14.2.0 <15.5.16',
1056 silly audit report       cwe: [Array],
1056 silly audit report       cvss: [Object]
1056 silly audit report     },
1056 silly audit report     {
1056 silly audit report       id: 1118962,
1056 silly audit report       url: 'https://github.com/advisories/GHSA-36qx-fr4f-26g5',
1056 silly audit report       title: 'Next.js has a Middleware / Proxy bypass in Pages Router applications using i18n',
1056 silly audit report       severity: 'high',
1056 silly audit report       vulnerable_versions: '>=12.2.0 <15.5.16',
1056 silly audit report       cwe: [Array],
1056 silly audit report       cvss: [Object]
1056 silly audit report     },
1056 silly audit report     {
1056 silly audit report       id: 1112593,
1056 silly audit report       url: 'https://github.com/advisories/GHSA-9g9p-9gw9-jx7f',
1056 silly audit report       title: 'Next.js self-hosted applications vulnerable to DoS via Image Optimizer remotePatterns configuration',
1056 silly audit report       severity: 'moderate',
1056 silly audit report       vulnerable_versions: '>=10.0.0 <15.5.10',
1056 silly audit report       cwe: [Array],
1056 silly audit report       cvss: [Object]
1056 silly audit report     },
1056 silly audit report     {
1056 silly audit report       id: 1112653,
1056 silly audit report       url: 'https://github.com/advisories/GHSA-h25m-26qc-wcjf',
1056 silly audit report       title: 'Next.js HTTP request deserialization can lead to DoS when using insecure React Server Components',
1056 silly audit report       severity: 'high',
1056 silly audit report       vulnerable_versions: '>=13.0.0 <15.0.8',
1056 silly audit report       cwe: [Array],
1056 silly audit report       cvss: [Object]
1056 silly audit report     },
1056 silly audit report     {
1056 silly audit report       id: 1114897,
1056 silly audit report       url: 'https://github.com/advisories/GHSA-ggv3-7p47-pfv8',
1056 silly audit report       title: 'Next.js: HTTP request smuggling in rewrites',
1056 silly audit report       severity: 'moderate',
1056 silly audit report       vulnerable_versions: '>=9.5.0 <15.5.13',
1056 silly audit report       cwe: [Array],
1056 silly audit report       cvss: [Object]
1056 silly audit report     },
1056 silly audit report     {
1056 silly audit report       id: 1114940,
1056 silly audit report       url: 'https://github.com/advisories/GHSA-3x4c-7xq6-9pq8',
1056 silly audit report       title: 'Next.js: Unbounded next/image disk cache growth can exhaust storage',
1056 silly audit report       severity: 'moderate',
1056 silly audit report       vulnerable_versions: '>=10.0.0 <15.5.14',
1056 silly audit report       cwe: [Array],
1056 silly audit report       cvss: [Object]
1056 silly audit report     },
1056 silly audit report     {
1056 silly audit report       id: 1116376,
1056 silly audit report       url: 'https://github.com/advisories/GHSA-q4gf-8mx6-v5v3',
1056 silly audit report       title: 'Next.js has a Denial of Service with Server Components',
1056 silly audit report       severity: 'high',
1056 silly audit report       vulnerable_versions: '>=13.0.0 <15.5.15',
1056 silly audit report       cwe: [Array],
1056 silly audit report       cvss: [Object]
1056 silly audit report     }
1056 silly audit report   ],
1056 silly audit report   glob: [
1056 silly audit report     {
1056 silly audit report       id: 1109842,
1056 silly audit report       url: 'https://github.com/advisories/GHSA-5j98-mcp5-4vw2',
1056 silly audit report       title: 'glob CLI: Command injection via -c/--cmd executes matches with shell:true',
1056 silly audit report       severity: 'high',
1056 silly audit report       vulnerable_versions: '>=10.2.0 <10.5.0',
1056 silly audit report       cwe: [Array],
1056 silly audit report       cvss: [Object]
1056 silly audit report     }
1056 silly audit report   ]
1056 silly audit report }
1057 silly packumentCache corgi:https://registry.npmjs.org/esbuild cache-miss
1058 silly packumentCache corgi:https://registry.npmjs.org/postcss cache-miss
1059 silly packumentCache corgi:https://registry.npmjs.org/uuid cache-miss
1060 silly packumentCache corgi:https://registry.npmjs.org/next cache-miss
1061 silly packumentCache corgi:https://registry.npmjs.org/glob cache-miss
1062 http fetch GET 200 https://registry.npmjs.org/wrappy/-/wrappy-1.0.2.tgz 955ms (cache miss)
1063 http fetch GET 200 https://registry.npmjs.org/eslint-config-next/-/eslint-config-next-14.2.35.tgz 979ms (cache miss)
1064 http fetch GET 200 https://registry.npmjs.org/once/-/once-1.4.0.tgz 965ms (cache miss)
1065 http fetch GET 200 https://registry.npmjs.org/inherits/-/inherits-2.0.4.tgz 966ms (cache miss)
1066 http fetch GET 200 https://registry.npmjs.org/path-is-absolute/-/path-is-absolute-1.0.1.tgz 974ms (cache miss)
1067 http fetch GET 200 https://registry.npmjs.org/inflight/-/inflight-1.0.6.tgz 971ms (cache miss)
1068 warn deprecated inflight@1.0.6: This module is not supported, and leaks memory. Do not use it. Check out lru-cache if you want a good and tested way to coalesce async requests by a key value, which is much more comprehensive and powerful.
1069 http fetch GET 200 https://registry.npmjs.org/string-width/-/string-width-4.2.3.tgz 1054ms (cache miss)
1070 http fetch GET 200 https://registry.npmjs.org/@isaacs/cliui/-/cliui-8.0.2.tgz 1073ms (cache miss)
1071 http fetch GET 200 https://registry.npmjs.org/minipass/-/minipass-7.1.3.tgz 1295ms (cache miss)
1072 http fetch GET 200 https://registry.npmjs.org/string-width/-/string-width-5.1.2.tgz 1332ms (cache miss)
1073 http fetch GET 200 https://registry.npmjs.org/rimraf/-/rimraf-3.0.2.tgz 1461ms (cache miss)
1074 warn deprecated rimraf@3.0.2: Rimraf versions prior to v4 are no longer supported
1075 http fetch GET 200 https://registry.npmjs.org/foreground-child/-/foreground-child-3.3.1.tgz 1979ms (cache miss)
1076 http fetch GET 200 https://registry.npmjs.org/path-scurry/-/path-scurry-1.11.1.tgz 2099ms (cache miss)
1077 http fetch GET 200 https://registry.npmjs.org/@humanwhocodes/object-schema/-/object-schema-2.0.3.tgz 2278ms (cache miss)
1078 http fetch GET 200 https://registry.npmjs.org/eastasianwidth/-/eastasianwidth-0.2.0.tgz 2545ms (cache miss)
1079 http fetch GET 200 https://registry.npmjs.org/text-table/-/text-table-0.2.0.tgz 2510ms (cache miss)
1080 http fetch GET 200 https://registry.npmjs.org/strip-ansi/-/strip-ansi-6.0.1.tgz 2652ms (cache miss)
1081 http fetch GET 200 https://registry.npmjs.org/is-fullwidth-code-point/-/is-fullwidth-code-point-3.0.0.tgz 2671ms (cache miss)
1082 http fetch GET 200 https://registry.npmjs.org/strip-ansi/-/strip-ansi-6.0.1.tgz 2814ms (cache miss)
1083 http fetch GET 200 https://registry.npmjs.org/ansi-regex/-/ansi-regex-5.0.1.tgz 2850ms (cache miss)
1084 http fetch GET 200 https://registry.npmjs.org/fs.realpath/-/fs.realpath-1.0.0.tgz 2866ms (cache miss)
1085 http fetch GET 200 https://registry.npmjs.org/is-path-inside/-/is-path-inside-3.0.3.tgz 2900ms (cache miss)
1086 http fetch GET 200 https://registry.npmjs.org/wrap-ansi/-/wrap-ansi-7.0.0.tgz 2941ms (cache miss)
1087 http fetch GET 200 https://registry.npmjs.org/wrap-ansi/-/wrap-ansi-8.1.0.tgz 2970ms (cache miss)
1088 http fetch GET 200 https://registry.npmjs.org/@types/prop-types/-/prop-types-15.7.15.tgz 2983ms (cache miss)
1089 http fetch GET 200 https://registry.npmjs.org/@typescript-eslint/project-service/-/project-service-8.61.1.tgz 3305ms (cache miss)
1090 http fetch GET 200 https://registry.npmjs.org/@typescript-eslint/tsconfig-utils/-/tsconfig-utils-8.61.1.tgz 3316ms (cache miss)
1091 warn deprecated @humanwhocodes/object-schema@2.0.3: Use @eslint/object-schema instead
1092 http fetch GET 200 https://registry.npmjs.org/@ungap/structured-clone/-/structured-clone-1.3.1.tgz 3417ms (cache miss)
1093 http fetch GET 200 https://registry.npmjs.org/@next/env/-/env-14.2.35.tgz 3658ms (cache miss)
1094 http fetch GET 200 https://registry.npmjs.org/@eslint/js/-/js-8.57.1.tgz 3666ms (cache miss)
1095 http fetch GET 200 https://registry.npmjs.org/@typescript-eslint/parser/-/parser-8.61.1.tgz 4111ms (cache miss)
1096 http fetch GET 200 https://registry.npmjs.org/@typescript-eslint/visitor-keys/-/visitor-keys-8.61.1.tgz 4875ms (cache miss)
1097 http fetch GET 200 https://registry.npmjs.org/@next/eslint-plugin-next/-/eslint-plugin-next-14.2.35.tgz 5307ms (cache miss)
1098 http fetch GET 200 https://registry.npmjs.org/@types/react-dom/-/react-dom-18.3.7.tgz 5645ms (cache miss)
1099 http fetch GET 200 https://registry.npmjs.org/@humanwhocodes/config-array/-/config-array-0.13.0.tgz 5712ms (cache miss)
1100 warn deprecated @humanwhocodes/config-array@0.13.0: Use @eslint/config-array instead
1101 http fetch GET 200 https://registry.npmjs.org/flat-cache/-/flat-cache-3.2.0.tgz 6013ms (cache miss)
1102 http fetch GET 200 https://registry.npmjs.org/file-entry-cache/-/file-entry-cache-6.0.1.tgz 6019ms (cache miss)
1103 http fetch GET 200 https://registry.npmjs.org/string-width/-/string-width-4.2.3.tgz 6254ms (cache miss)
1104 http fetch GET 200 https://registry.npmjs.org/globals/-/globals-13.24.0.tgz 6273ms (cache miss)
1105 http fetch GET 200 https://registry.npmjs.org/ansi-regex/-/ansi-regex-6.2.2.tgz 6262ms (cache miss)
1106 http fetch GET 200 https://registry.npmjs.org/strip-ansi/-/strip-ansi-7.2.0.tgz 6376ms (cache miss)
1107 http fetch GET 200 https://registry.npmjs.org/ansi-regex/-/ansi-regex-6.2.2.tgz 6388ms (cache miss)
1108 http fetch GET 200 https://registry.npmjs.org/ansi-styles/-/ansi-styles-6.2.3.tgz 6411ms (cache miss)
1109 http fetch GET 200 https://registry.npmjs.org/ansi-regex/-/ansi-regex-6.2.2.tgz 6460ms (cache miss)
1110 http fetch GET 200 https://registry.npmjs.org/emoji-regex/-/emoji-regex-8.0.0.tgz 6490ms (cache miss)
1111 http fetch GET 200 https://registry.npmjs.org/strip-ansi/-/strip-ansi-7.2.0.tgz 6492ms (cache miss)
1112 http fetch GET 200 https://registry.npmjs.org/strip-ansi/-/strip-ansi-7.2.0.tgz 6493ms (cache miss)
1113 http fetch GET 200 https://registry.npmjs.org/brace-expansion/-/brace-expansion-2.1.1.tgz 6568ms (cache miss)
1114 http fetch GET 200 https://registry.npmjs.org/@typescript-eslint/types/-/types-8.61.1.tgz 6795ms (cache miss)
1115 http fetch GET 200 https://registry.npmjs.org/eslint-visitor-keys/-/eslint-visitor-keys-3.4.3.tgz 6728ms (cache miss)
1116 http fetch GET 200 https://registry.npmjs.org/glob/-/glob-7.2.3.tgz 6752ms (cache miss)
1117 http fetch GET 200 https://registry.npmjs.org/emoji-regex/-/emoji-regex-8.0.0.tgz 6841ms (cache miss)
1118 warn deprecated glob@7.2.3: Old versions of glob are not supported, and contain widely publicized security vulnerabilities, which have been fixed in the current version. Please update. Support for old versions may be purchased (at exorbitant rates) by contacting i@izs.me
1119 http fetch GET 200 https://registry.npmjs.org/jackspeak/-/jackspeak-2.3.6.tgz 7063ms (cache miss)
1120 http fetch GET 200 https://registry.npmjs.org/espree/-/espree-9.6.1.tgz 6990ms (cache miss)
1121 http fetch GET 200 https://registry.npmjs.org/uuid 6480ms (cache miss)
1122 silly packumentCache corgi:https://registry.npmjs.org/uuid set size:undefined disposed:false
1123 http fetch GET 200 https://registry.npmjs.org/scheduler/-/scheduler-0.23.2.tgz 7265ms (cache miss)
1124 http fetch GET 200 https://registry.npmjs.org/postcss 6792ms (cache miss)
1125 silly packumentCache corgi:https://registry.npmjs.org/postcss set size:undefined disposed:false
1126 http fetch GET 200 https://registry.npmjs.org/eslint-scope/-/eslint-scope-7.2.2.tgz 7562ms (cache miss)
1127 http fetch GET 200 https://registry.npmjs.org/@pkgjs/parseargs/-/parseargs-0.11.0.tgz 7866ms (cache miss)
1128 http fetch GET 200 https://registry.npmjs.org/@types/react/-/react-18.3.31.tgz 8110ms (cache miss)
1129 http fetch GET 200 https://registry.npmjs.org/doctrine/-/doctrine-3.0.0.tgz 8286ms (cache miss)
1130 http fetch GET 200 https://registry.npmjs.org/react/-/react-18.2.0.tgz 8493ms (cache miss)
1131 http fetch GET 200 https://registry.npmjs.org/eslint-plugin-react-hooks/-/eslint-plugin-react-hooks-5.0.0-canary-7118f5dd7-20230705.tgz 8616ms (cache miss)
1132 http fetch GET 200 https://registry.npmjs.org/type-fest/-/type-fest-0.20.2.tgz 8781ms (cache miss)
1133 http fetch GET 200 https://registry.npmjs.org/graphemer/-/graphemer-1.4.0.tgz 8769ms (cache miss)
1134 http fetch GET 200 https://registry.npmjs.org/esbuild 8165ms (cache miss)
1135 silly packumentCache corgi:https://registry.npmjs.org/esbuild set size:undefined disposed:false
1136 http fetch GET 200 https://registry.npmjs.org/signal-exit/-/signal-exit-4.1.0.tgz 9066ms (cache miss)
1137 http fetch GET 200 https://registry.npmjs.org/styled-jsx/-/styled-jsx-5.1.1.tgz 9350ms (cache miss)
1138 http fetch GET 200 https://registry.npmjs.org/@eslint/eslintrc/-/eslintrc-2.1.4.tgz 9447ms (cache miss)
1139 http fetch GET 200 https://registry.npmjs.org/lru-cache/-/lru-cache-10.4.3.tgz 9432ms (cache miss)
1140 http fetch GET 200 https://registry.npmjs.org/@typescript-eslint/type-utils/-/type-utils-8.61.1.tgz 9911ms (cache miss)
1141 http fetch GET 200 https://registry.npmjs.org/glob 9298ms (cache miss)
1142 silly packumentCache corgi:https://registry.npmjs.org/glob set size:undefined disposed:false
1143 http fetch GET 200 https://registry.npmjs.org/js-yaml/-/js-yaml-4.2.0.tgz 10491ms (cache miss)
1144 http fetch GET 200 https://registry.npmjs.org/semver/-/semver-7.8.4.tgz 10613ms (cache miss)
1145 http fetch GET 200 https://registry.npmjs.org/glob/-/glob-10.3.10.tgz 10983ms (cache miss)
1146 http fetch GET 200 https://registry.npmjs.org/acorn/-/acorn-8.17.0.tgz 10851ms (cache miss)
1147 warn deprecated glob@10.3.10: Old versions of glob are not supported, and contain widely publicized security vulnerabilities, which have been fixed in the current version. Please update. Support for old versions may be purchased (at exorbitant rates) by contacting i@izs.me
1148 http fetch GET 200 https://registry.npmjs.org/minimatch/-/minimatch-9.0.9.tgz 11470ms (cache miss)
1149 http fetch GET 200 https://registry.npmjs.org/@typescript-eslint/utils/-/utils-8.61.1.tgz 11717ms (cache miss)
1150 http fetch GET 200 https://registry.npmjs.org/@typescript-eslint/typescript-estree/-/typescript-estree-8.61.1.tgz 11803ms (cache miss)
1151 http fetch GET 200 https://registry.npmjs.org/react-dom/-/react-dom-18.2.0.tgz 12350ms (cache miss)
1152 http fetch GET 200 https://registry.npmjs.org/@rushstack/eslint-patch/-/eslint-patch-1.16.1.tgz 12614ms (cache miss)
1153 http fetch GET 200 https://registry.npmjs.org/next 15831ms (cache miss)
1154 silly packumentCache corgi:https://registry.npmjs.org/next set size:undefined disposed:false
1155 silly packumentCache corgi:https://registry.npmjs.org/tsx cache-miss
1156 http fetch GET 200 https://registry.npmjs.org/tsx 679ms (cache miss)
1157 silly packumentCache corgi:https://registry.npmjs.org/tsx set size:undefined disposed:false
1158 http fetch GET 200 https://registry.npmjs.org/@typescript-eslint/scope-manager/-/scope-manager-8.61.1.tgz 30817ms (cache miss)
1159 silly packumentCache corgi:https://registry.npmjs.org/next-auth cache-miss
1160 http fetch GET 200 https://registry.npmjs.org/next-auth 1095ms (cache miss)
1161 silly packumentCache corgi:https://registry.npmjs.org/next-auth set size:undefined disposed:false
1162 http fetch GET 200 https://registry.npmjs.org/@swc/helpers/-/helpers-0.5.5.tgz 33451ms (cache miss)
1163 silly packumentCache corgi:https://registry.npmjs.org/@next%2feslint-plugin-next cache-miss
1164 http fetch GET 200 https://registry.npmjs.org/eslint/-/eslint-8.57.1.tgz 36145ms (cache miss)
1165 warn deprecated eslint@8.57.1: This version is no longer supported. Please see https://eslint.org/version-support for other options.
1166 http fetch GET 200 https://registry.npmjs.org/@typescript-eslint/eslint-plugin/-/eslint-plugin-8.61.1.tgz 38010ms (cache miss)
1167 http fetch GET 200 https://registry.npmjs.org/@next%2feslint-plugin-next 3307ms (cache miss)
1168 silly packumentCache corgi:https://registry.npmjs.org/@next%2feslint-plugin-next set size:undefined disposed:false
1169 silly packumentCache corgi:https://registry.npmjs.org/eslint-config-next cache-miss
1170 http fetch GET 200 https://registry.npmjs.org/eslint-config-next 4998ms (cache miss)
1171 silly packumentCache corgi:https://registry.npmjs.org/eslint-config-next set size:undefined disposed:false
1172 warn tar TAR_ENTRY_ERROR ENOENT: no such file or directory, open 'C:\Users\Hp 1030 X360\Documents\Mercy-fx\mercy-dev-studio\node_modules\next\dist\server\future\route-modules\app-page\vendored\rsc\react-dom.js'
1173 silly tar TAR_ENTRY_ERROR ENOENT: no such file or directory, open 'C:\Users\Hp 1030 X360\Documents\Mercy-fx\mercy-dev-studio\node_modules\next\dist\server\future\route-modules\app-page\vendored\rsc\react-dom.js' [Error: ENOENT: no such file or directory, open 'C:\Users\Hp 1030 X360\Documents\Mercy-fx\mercy-dev-studio\node_modules\next\dist\server\future\route-modules\app-page\vendored\rsc\react-dom.js'] {
1173 silly tar   errno: -4058,
1173 silly tar   code: 'ENOENT',
1173 silly tar   syscall: 'open',
1173 silly tar   path: 'C:\\Users\\Hp 1030 X360\\Documents\\Mercy-fx\\mercy-dev-studio\\node_modules\\next\\dist\\server\\future\\route-modules\\app-page\\vendored\\rsc\\react-dom.js',
1173 silly tar   entry: ReadEntry {
1173 silly tar     _events: [Object: null prototype] {},
1173 silly tar     _eventsCount: 0,
1173 silly tar     _maxListeners: undefined,
1173 silly tar     writable: false,
1173 silly tar     readable: false,
1173 silly tar     extended: null,
1173 silly tar     globalExtended: null,
1173 silly tar     header: Header {
1173 silly tar       cksumValid: true,
1173 silly tar       needPax: false,
1173 silly tar       nullBlock: false,
1173 silly tar       block: null,
1173 silly tar       path: 'package/dist/server/future/route-modules/app-page/vendored/rsc/react-dom.js',
1173 silly tar       mode: 420,
1173 silly tar       uid: null,
1173 silly tar       gid: null,
1173 silly tar       size: 134,
1173 silly tar       mtime: 1985-10-26T08:15:00.000Z,
1173 silly tar       cksum: 10341,
1173 silly tar       linkpath: '',
1173 silly tar       uname: '',
1173 silly tar       gname: '',
1173 silly tar       devmaj: 0,
1173 silly tar       devmin: 0,
1173 silly tar       atime: null,
1173 silly tar       ctime: null,
1173 silly tar       [Symbol(type)]: '0'
1173 silly tar     },
1173 silly tar     startBlockSize: 512,
1173 silly tar     blockRemain: 0,
1173 silly tar     remain: 0,
1173 silly tar     type: 'File',
1173 silly tar     meta: false,
1173 silly tar     ignore: false,
1173 silly tar     path: 'dist/server/future/route-modules/app-page/vendored/rsc/react-dom.js',
1173 silly tar     mode: 438,
1173 silly tar     uid: null,
1173 silly tar     gid: null,
1173 silly tar     uname: '',
1173 silly tar     gname: '',
1173 silly tar     size: 134,
1173 silly tar     mtime: 1985-10-26T08:15:00.000Z,
1173 silly tar     atime: null,
1173 silly tar     ctime: null,
1173 silly tar     linkpath: '',
1173 silly tar     absolute: 'C:/Users/Hp 1030 X360/Documents/Mercy-fx/mercy-dev-studio/node_modules/next/dist/server/future/route-modules/app-page/vendored/rsc/react-dom.js',
1173 silly tar     [Symbol(shapeMode)]: false,
1173 silly tar     [Symbol(kCapture)]: false,
1173 silly tar     [Symbol(flowing)]: false,
1173 silly tar     [Symbol(paused)]: true,
1173 silly tar     [Symbol(pipes)]: [ [Pipe] ],
1173 silly tar     [Symbol(buffer)]: [],
1173 silly tar     [Symbol(objectMode)]: false,
1173 silly tar     [Symbol(encoding)]: null,
1173 silly tar     [Symbol(async)]: false,
1173 silly tar     [Symbol(decoder)]: null,
1173 silly tar     [Symbol(EOF)]: true,
1173 silly tar     [Symbol(emittedEnd)]: true,
1173 silly tar     [Symbol(emittingEnd)]: false,
1173 silly tar     [Symbol(closed)]: false,
1173 silly tar     [Symbol(emittedError)]: null,
1173 silly tar     [Symbol(bufferLength)]: 0,
1173 silly tar     [Symbol(destroyed)]: false,
1173 silly tar     [Symbol(signal)]: undefined,
1173 silly tar     [Symbol(aborted)]: false
1173 silly tar   },
1173 silly tar   cwd: 'C:/Users/Hp 1030 X360/Documents/Mercy-fx/mercy-dev-studio/node_modules/next',
1173 silly tar   tarCode: 'TAR_ENTRY_ERROR'
1173 silly tar }
1174 warn tar TAR_ENTRY_ERROR ENOENT: no such file or directory, open 'C:\Users\Hp 1030 X360\Documents\Mercy-fx\mercy-dev-studio\node_modules\next\dist\server\future\route-modules\app-page\vendored\ssr\react-dom.js'
1175 silly tar TAR_ENTRY_ERROR ENOENT: no such file or directory, open 'C:\Users\Hp 1030 X360\Documents\Mercy-fx\mercy-dev-studio\node_modules\next\dist\server\future\route-modules\app-page\vendored\ssr\react-dom.js' [Error: ENOENT: no such file or directory, open 'C:\Users\Hp 1030 X360\Documents\Mercy-fx\mercy-dev-studio\node_modules\next\dist\server\future\route-modules\app-page\vendored\ssr\react-dom.js'] {
1175 silly tar   errno: -4058,
1175 silly tar   code: 'ENOENT',
1175 silly tar   syscall: 'open',
1175 silly tar   path: 'C:\\Users\\Hp 1030 X360\\Documents\\Mercy-fx\\mercy-dev-studio\\node_modules\\next\\dist\\server\\future\\route-modules\\app-page\\vendored\\ssr\\react-dom.js',
1175 silly tar   entry: ReadEntry {
1175 silly tar     _events: [Object: null prototype] {},
1175 silly tar     _eventsCount: 0,
1175 silly tar     _maxListeners: undefined,
1175 silly tar     writable: false,
1175 silly tar     readable: false,
1175 silly tar     extended: null,
1175 silly tar     globalExtended: null,
1175 silly tar     header: Header {
1175 silly tar       cksumValid: true,
1175 silly tar       needPax: false,
1175 silly tar       nullBlock: false,
1175 silly tar       block: null,
1175 silly tar       path: 'package/dist/server/future/route-modules/app-page/vendored/ssr/react-dom.js',
1175 silly tar       mode: 420,
1175 silly tar       uid: null,
1175 silly tar       gid: null,
1175 silly tar       size: 134,
1175 silly tar       mtime: 1985-10-26T08:15:00.000Z,
1175 silly tar       cksum: 10357,
1175 silly tar       linkpath: '',
1175 silly tar       uname: '',
1175 silly tar       gname: '',
1175 silly tar       devmaj: 0,
1175 silly tar       devmin: 0,
1175 silly tar       atime: null,
1175 silly tar       ctime: null,
1175 silly tar       [Symbol(type)]: '0'
1175 silly tar     },
1175 silly tar     startBlockSize: 512,
1175 silly tar     blockRemain: 0,
1175 silly tar     remain: 0,
1175 silly tar     type: 'File',
1175 silly tar     meta: false,
1175 silly tar     ignore: false,
1175 silly tar     path: 'dist/server/future/route-modules/app-page/vendored/ssr/react-dom.js',
1175 silly tar     mode: 438,
1175 silly tar     uid: null,
1175 silly tar     gid: null,
1175 silly tar     uname: '',
1175 silly tar     gname: '',
1175 silly tar     size: 134,
1175 silly tar     mtime: 1985-10-26T08:15:00.000Z,
1175 silly tar     atime: null,
1175 silly tar     ctime: null,
1175 silly tar     linkpath: '',
1175 silly tar     absolute: 'C:/Users/Hp 1030 X360/Documents/Mercy-fx/mercy-dev-studio/node_modules/next/dist/server/future/route-modules/app-page/vendored/ssr/react-dom.js',
1175 silly tar     [Symbol(shapeMode)]: false,
1175 silly tar     [Symbol(kCapture)]: false,
1175 silly tar     [Symbol(flowing)]: false,
1175 silly tar     [Symbol(paused)]: true,
1175 silly tar     [Symbol(pipes)]: [ [Pipe] ],
1175 silly tar     [Symbol(buffer)]: [],
1175 silly tar     [Symbol(objectMode)]: false,
1175 silly tar     [Symbol(encoding)]: null,
1175 silly tar     [Symbol(async)]: false,
1175 silly tar     [Symbol(decoder)]: null,
1175 silly tar     [Symbol(EOF)]: true,
1175 silly tar     [Symbol(emittedEnd)]: true,
1175 silly tar     [Symbol(emittingEnd)]: false,
1175 silly tar     [Symbol(closed)]: false,
1175 silly tar     [Symbol(emittedError)]: null,
1175 silly tar     [Symbol(bufferLength)]: 0,
1175 silly tar     [Symbol(destroyed)]: false,
1175 silly tar     [Symbol(signal)]: undefined,
1175 silly tar     [Symbol(aborted)]: false
1175 silly tar   },
1175 silly tar   cwd: 'C:/Users/Hp 1030 X360/Documents/Mercy-fx/mercy-dev-studio/node_modules/next',
1175 silly tar   tarCode: 'TAR_ENTRY_ERROR'
1175 silly tar }
1176 verbose cwd C:\Users\Hp 1030 X360\Documents\Mercy-fx\mercy-dev-studio
1177 verbose os Windows_NT 10.0.22621
1178 verbose node v22.19.0
1179 verbose npm  v10.9.3
1180 verbose exit 1
1181 verbose code 1
1182 error A complete log of this run can be found in: C:\Users\Hp 1030 X360\Documents\Mercy-fx\mercy-dev-studio\.npm-cache\_logs\2026-06-18T13_29_22_962Z-debug-0.log
