0 verbose cli C:\Program Files\nodejs\node.exe C:\Program Files\nodejs\node_modules\npm\bin\npm-cli.js
1 info using npm@10.9.3
2 info using node@v22.19.0
3 silly config load:file:C:\Program Files\nodejs\node_modules\npm\npmrc
4 silly config load:file:C:\Users\Hp 1030 X360\Documents\Mercy-fx\mercy-dev-studio\.npmrc
5 silly config load:file:C:\Users\Hp 1030 X360\.npmrc
6 silly config load:file:C:\Users\Hp 1030 X360\AppData\Roaming\npm\etc\npmrc
7 verbose title npm install
8 verbose argv "install" "--ignore-scripts" "--cache" ".npm-cache"
9 verbose logfile logs-max:10 dir:C:\Users\Hp 1030 X360\Documents\Mercy-fx\mercy-dev-studio\.npm-cache\_logs\2026-06-18T13_32_40_005Z-
10 verbose logfile C:\Users\Hp 1030 X360\Documents\Mercy-fx\mercy-dev-studio\.npm-cache\_logs\2026-06-18T13_32_40_005Z-debug-0.log
11 silly logfile done cleaning log files
12 silly packumentCache heap:4345298944 maxSize:1086324736 maxEntrySize:543162368
13 silly idealTree buildDeps
14 silly fetch manifest next@^14.2.35
15 silly packumentCache full:https://registry.npmjs.org/next cache-miss
16 verbose shrinkwrap failed to load node_modules/.package-lock.json out of date, updated: node_modules
17 http cache https://registry.npmjs.org/next 268ms (cache hit)
18 silly packumentCache full:https://registry.npmjs.org/next set size:30822776 disposed:false
19 silly fetch manifest @opentelemetry/api@^1.1.0
20 silly packumentCache full:https://registry.npmjs.org/@opentelemetry%2fapi cache-miss
21 http cache https://registry.npmjs.org/@opentelemetry%2fapi 669ms (cache hit)
22 silly packumentCache full:https://registry.npmjs.org/@opentelemetry%2fapi set size:272967 disposed:false
23 silly fetch manifest @playwright/test@^1.41.2
24 silly packumentCache full:https://registry.npmjs.org/@playwright%2ftest cache-miss
25 http cache https://registry.npmjs.org/@playwright%2ftest 56ms (cache hit)
26 silly packumentCache full:https://registry.npmjs.org/@playwright%2ftest set size:9236398 disposed:false
27 silly fetch manifest react@18.2.0
28 silly packumentCache full:https://registry.npmjs.org/react cache-miss
29 http cache https://registry.npmjs.org/react 55ms (cache hit)
30 silly packumentCache full:https://registry.npmjs.org/react set size:6715585 disposed:false
31 silly fetch manifest react-dom@18.2.0
32 silly packumentCache full:https://registry.npmjs.org/react-dom cache-miss
33 http cache https://registry.npmjs.org/react-dom 216ms (cache hit)
34 silly packumentCache full:https://registry.npmjs.org/react-dom set size:8974303 disposed:false
35 silly fetch manifest sass@^1.3.0
36 silly packumentCache full:https://registry.npmjs.org/sass cache-miss
37 http cache https://registry.npmjs.org/sass 378ms (cache hit)
38 silly packumentCache full:https://registry.npmjs.org/sass set size:730445 disposed:false
39 silly fetch manifest @types/react@^18.2.79
40 silly packumentCache full:https://registry.npmjs.org/@types%2freact cache-miss
41 http cache https://registry.npmjs.org/@types%2freact 348ms (cache hit)
42 silly packumentCache full:https://registry.npmjs.org/@types%2freact set size:2632776 disposed:false
43 silly fetch manifest @types/react-dom@^18.2.25
44 silly packumentCache full:https://registry.npmjs.org/@types%2freact-dom cache-miss
45 http cache https://registry.npmjs.org/@types%2freact-dom 464ms (cache hit)
46 silly packumentCache full:https://registry.npmjs.org/@types%2freact-dom set size:429026 disposed:false
47 silly fetch manifest eslint@^8.57.1
48 silly packumentCache full:https://registry.npmjs.org/eslint cache-miss
49 http cache https://registry.npmjs.org/eslint 304ms (cache hit)
50 silly packumentCache full:https://registry.npmjs.org/eslint set size:2011545 disposed:false
51 silly fetch manifest eslint-config-next@14.2.35
52 silly packumentCache full:https://registry.npmjs.org/eslint-config-next cache-miss
53 http cache https://registry.npmjs.org/eslint-config-next 399ms (cache hit)
54 silly packumentCache full:https://registry.npmjs.org/eslint-config-next set size:6798338 disposed:false
55 silly fetch manifest typescript@^5.9.3
56 silly packumentCache full:https://registry.npmjs.org/typescript cache-miss
57 http cache https://registry.npmjs.org/typescript 351ms (cache hit)
58 silly packumentCache full:https://registry.npmjs.org/typescript set size:15410026 disposed:false
59 silly placeDep ROOT @types/react@18.3.31 REPLACE for: mercy-dev-studio@0.1.0 want: ^18.2.79
60 silly placeDep ROOT @types/react-dom@18.3.7 REPLACE for: mercy-dev-studio@0.1.0 want: ^18.2.25
61 silly placeDep ROOT eslint@8.57.1 REPLACE for: mercy-dev-studio@0.1.0 want: ^8.57.1
62 silly placeDep ROOT eslint-config-next@14.2.35 REPLACE for: mercy-dev-studio@0.1.0 want: 14.2.35
63 silly placeDep ROOT next@14.2.35 REPLACE for: mercy-dev-studio@0.1.0 want: ^14.2.35
64 silly placeDep ROOT react@18.2.0 REPLACE for: next@14.2.35 want: ^18.2.0
65 warn ERESOLVE overriding peer dependency {
65 warn ERESOLVE   code: 'ERESOLVE',
65 warn ERESOLVE   edge: {
65 warn ERESOLVE     type: 'peer',
65 warn ERESOLVE     name: 'react',
65 warn ERESOLVE     spec: '^19.2.4',
65 warn ERESOLVE     from: {
65 warn ERESOLVE       name: 'react-dom',
65 warn ERESOLVE       version: '19.2.4',
65 warn ERESOLVE       location: 'node_modules/react-dom',
65 warn ERESOLVE       isWorkspace: false,
65 warn ERESOLVE       dependents: [Array]
65 warn ERESOLVE     }
65 warn ERESOLVE   },
65 warn ERESOLVE   dep: {
65 warn ERESOLVE     name: 'react',
65 warn ERESOLVE     version: '18.2.0',
65 warn ERESOLVE     whileInstalling: {
65 warn ERESOLVE       name: 'mercy-dev-studio',
65 warn ERESOLVE       version: '0.1.0',
65 warn ERESOLVE       path: 'C:\\Users\\Hp 1030 X360\\Documents\\Mercy-fx\\mercy-dev-studio'
65 warn ERESOLVE     },
65 warn ERESOLVE     location: 'node_modules/react',
65 warn ERESOLVE     isWorkspace: false,
65 warn ERESOLVE     dependents: [ [Object] ]
65 warn ERESOLVE   },
65 warn ERESOLVE   force: false,
65 warn ERESOLVE   isMine: true,
65 warn ERESOLVE   strictPeerDeps: false,
65 warn ERESOLVE   current: {
65 warn ERESOLVE     name: 'react',
65 warn ERESOLVE     version: '19.2.4',
65 warn ERESOLVE     location: 'node_modules/react',
65 warn ERESOLVE     isWorkspace: false,
65 warn ERESOLVE     dependents: [ [Object] ]
65 warn ERESOLVE   },
65 warn ERESOLVE   peerConflict: {
65 warn ERESOLVE     name: 'react',
65 warn ERESOLVE     version: '19.2.4',
65 warn ERESOLVE     location: 'node_modules/react',
65 warn ERESOLVE     isWorkspace: false,
65 warn ERESOLVE     dependents: [ [Object] ]
65 warn ERESOLVE   }
65 warn ERESOLVE }
66 silly placeDep ROOT react-dom@18.2.0 REPLACE for: next@14.2.35 want: ^18.2.0
67 silly fetch manifest @types/prop-types@*
68 silly packumentCache full:https://registry.npmjs.org/@types%2fprop-types cache-miss
69 silly fetch manifest ajv@^6.12.4
70 silly packumentCache full:https://registry.npmjs.org/ajv cache-miss
71 silly fetch manifest espree@^9.6.1
72 silly packumentCache full:https://registry.npmjs.org/espree cache-miss
73 silly fetch manifest ignore@^5.2.0
74 silly packumentCache full:https://registry.npmjs.org/ignore cache-miss
75 silly fetch manifest globals@^13.19.0
76 silly packumentCache full:https://registry.npmjs.org/globals cache-miss
77 silly fetch manifest js-yaml@^4.1.0
78 silly packumentCache full:https://registry.npmjs.org/js-yaml cache-miss
79 silly fetch manifest doctrine@^3.0.0
80 silly packumentCache full:https://registry.npmjs.org/doctrine cache-miss
81 http cache https://registry.npmjs.org/@types%2fprop-types 53ms (cache hit)
82 silly packumentCache full:https://registry.npmjs.org/@types%2fprop-types set size:53942 disposed:false
83 silly fetch manifest graphemer@^1.4.0
84 silly packumentCache full:https://registry.npmjs.org/graphemer cache-miss
85 http cache https://registry.npmjs.org/espree 60ms (cache hit)
86 silly packumentCache full:https://registry.npmjs.org/espree set size:326080 disposed:false
87 silly fetch manifest @eslint/js@8.57.1
88 silly packumentCache full:https://registry.npmjs.org/@eslint%2fjs cache-miss
89 http cache https://registry.npmjs.org/globals 111ms (cache hit)
90 silly packumentCache full:https://registry.npmjs.org/globals set size:315985 disposed:false
91 silly fetch manifest strip-ansi@^6.0.1
92 silly packumentCache full:https://registry.npmjs.org/strip-ansi cache-miss
93 http cache https://registry.npmjs.org/ignore 139ms (cache hit)
94 silly packumentCache full:https://registry.npmjs.org/ignore set size:237380 disposed:false
95 silly fetch manifest text-table@^0.2.0
96 silly packumentCache full:https://registry.npmjs.org/text-table cache-miss
97 http cache https://registry.npmjs.org/ajv 163ms (cache hit)
98 silly packumentCache full:https://registry.npmjs.org/ajv set size:1142658 disposed:false
99 silly fetch manifest eslint-scope@^7.2.2
100 silly packumentCache full:https://registry.npmjs.org/eslint-scope cache-miss
101 http cache https://registry.npmjs.org/doctrine 215ms (cache hit)
102 silly packumentCache full:https://registry.npmjs.org/doctrine set size:64052 disposed:false
103 silly fetch manifest is-path-inside@^3.0.3
104 silly packumentCache full:https://registry.npmjs.org/is-path-inside cache-miss
105 http cache https://registry.npmjs.org/js-yaml 231ms (cache hit)
106 silly packumentCache full:https://registry.npmjs.org/js-yaml set size:152841 disposed:false
107 silly fetch manifest fast-deep-equal@^3.1.3
108 silly packumentCache full:https://registry.npmjs.org/fast-deep-equal cache-miss
109 http cache https://registry.npmjs.org/graphemer 302ms (cache hit)
110 silly packumentCache full:https://registry.npmjs.org/graphemer set size:25853 disposed:false
111 silly fetch manifest @eslint/eslintrc@^2.1.4
112 silly packumentCache full:https://registry.npmjs.org/@eslint%2feslintrc cache-miss
113 http cache https://registry.npmjs.org/strip-ansi 230ms (cache hit)
114 silly packumentCache full:https://registry.npmjs.org/strip-ansi set size:44998 disposed:false
115 silly fetch manifest file-entry-cache@^6.0.1
116 silly packumentCache full:https://registry.npmjs.org/file-entry-cache cache-miss
117 http cache https://registry.npmjs.org/@eslint%2fjs 266ms (cache hit)
118 silly packumentCache full:https://registry.npmjs.org/@eslint%2fjs set size:140022 disposed:false
119 silly fetch manifest eslint-visitor-keys@^3.4.3
120 silly packumentCache full:https://registry.npmjs.org/eslint-visitor-keys cache-miss
121 http cache https://registry.npmjs.org/text-table 235ms (cache hit)
122 silly packumentCache full:https://registry.npmjs.org/text-table set size:20701 disposed:false
123 silly fetch manifest @ungap/structured-clone@^1.2.0
124 silly packumentCache full:https://registry.npmjs.org/@ungap%2fstructured-clone cache-miss
125 http cache https://registry.npmjs.org/eslint-scope 177ms (cache hit)
126 silly packumentCache full:https://registry.npmjs.org/eslint-scope set size:98867 disposed:false
127 silly fetch manifest @humanwhocodes/config-array@^0.13.0
128 silly packumentCache full:https://registry.npmjs.org/@humanwhocodes%2fconfig-array cache-miss
129 http cache https://registry.npmjs.org/is-path-inside 172ms (cache hit)
130 silly packumentCache full:https://registry.npmjs.org/is-path-inside set size:23585 disposed:false
131 silly fetch manifest @rushstack/eslint-patch@^1.3.3
132 silly packumentCache full:https://registry.npmjs.org/@rushstack%2feslint-patch cache-miss
133 http cache https://registry.npmjs.org/fast-deep-equal 156ms (cache hit)
134 silly packumentCache full:https://registry.npmjs.org/fast-deep-equal set size:48634 disposed:false
135 silly fetch manifest @next/eslint-plugin-next@14.2.35
136 silly packumentCache full:https://registry.npmjs.org/@next%2feslint-plugin-next cache-miss
137 http cache https://registry.npmjs.org/@eslint%2feslintrc 140ms (cache hit)
138 silly packumentCache full:https://registry.npmjs.org/@eslint%2feslintrc set size:168674 disposed:false
139 silly fetch manifest @typescript-eslint/parser@^5.4.2 || ^6.0.0 || ^7.0.0 || ^8.0.0
140 silly packumentCache full:https://registry.npmjs.org/@typescript-eslint%2fparser cache-miss
141 http cache https://registry.npmjs.org/file-entry-cache 144ms (cache hit)
142 silly packumentCache full:https://registry.npmjs.org/file-entry-cache set size:154007 disposed:false
143 silly fetch manifest eslint-plugin-react-hooks@^4.5.0 || 5.0.0-canary-7118f5dd7-20230705
144 silly packumentCache full:https://registry.npmjs.org/eslint-plugin-react-hooks cache-miss
145 http cache https://registry.npmjs.org/eslint-visitor-keys 141ms (cache hit)
146 silly packumentCache full:https://registry.npmjs.org/eslint-visitor-keys set size:69949 disposed:false
147 silly fetch manifest @typescript-eslint/eslint-plugin@^5.4.2 || ^6.0.0 || ^7.0.0 || ^8.0.0
148 silly packumentCache full:https://registry.npmjs.org/@typescript-eslint%2feslint-plugin cache-miss
149 http cache https://registry.npmjs.org/@humanwhocodes%2fconfig-array 142ms (cache hit)
150 silly packumentCache full:https://registry.npmjs.org/@humanwhocodes%2fconfig-array set size:139493 disposed:false
151 silly fetch manifest @next/env@14.2.35
152 silly packumentCache full:https://registry.npmjs.org/@next%2fenv cache-miss
153 http cache https://registry.npmjs.org/@ungap%2fstructured-clone 161ms (cache hit)
154 silly packumentCache full:https://registry.npmjs.org/@ungap%2fstructured-clone set size:59405 disposed:false
155 silly fetch manifest styled-jsx@5.1.1
156 silly packumentCache full:https://registry.npmjs.org/styled-jsx cache-miss
157 http cache https://registry.npmjs.org/@rushstack%2feslint-patch 189ms (cache hit)
158 silly packumentCache full:https://registry.npmjs.org/@rushstack%2feslint-patch set size:114289 disposed:false
159 silly fetch manifest @swc/helpers@0.5.5
160 silly packumentCache full:https://registry.npmjs.org/@swc%2fhelpers cache-miss
161 http cache https://registry.npmjs.org/@next%2feslint-plugin-next 239ms (cache hit)
162 silly packumentCache full:https://registry.npmjs.org/@next%2feslint-plugin-next set size:6861229 disposed:false
163 silly fetch manifest @next/swc-darwin-x64@14.2.33
164 silly packumentCache full:https://registry.npmjs.org/@next%2fswc-darwin-x64 cache-miss
165 http cache https://registry.npmjs.org/eslint-plugin-react-hooks 512ms (cache hit)
166 silly packumentCache full:https://registry.npmjs.org/eslint-plugin-react-hooks set size:7453643 disposed:false
167 silly fetch manifest @next/swc-darwin-arm64@14.2.33
168 silly packumentCache full:https://registry.npmjs.org/@next%2fswc-darwin-arm64 cache-miss
169 http cache https://registry.npmjs.org/styled-jsx 881ms (cache hit)
170 silly packumentCache full:https://registry.npmjs.org/styled-jsx set size:436113 disposed:false
171 silly fetch manifest @next/swc-linux-x64-gnu@14.2.33
172 silly packumentCache full:https://registry.npmjs.org/@next%2fswc-linux-x64-gnu cache-miss
173 http cache https://registry.npmjs.org/@swc%2fhelpers 909ms (cache hit)
174 silly packumentCache full:https://registry.npmjs.org/@swc%2fhelpers set size:775458 disposed:false
175 silly fetch manifest @next/swc-linux-x64-musl@14.2.33
176 silly packumentCache full:https://registry.npmjs.org/@next%2fswc-linux-x64-musl cache-miss
177 http cache https://registry.npmjs.org/@typescript-eslint%2fparser 1166ms (cache hit)
178 silly packumentCache full:https://registry.npmjs.org/@typescript-eslint%2fparser set size:15310259 disposed:false
179 silly fetch manifest @next/swc-win32-x64-msvc@14.2.33
180 silly packumentCache full:https://registry.npmjs.org/@next%2fswc-win32-x64-msvc cache-miss
181 http cache https://registry.npmjs.org/@next%2fenv 1655ms (cache hit)
182 silly packumentCache full:https://registry.npmjs.org/@next%2fenv set size:7345656 disposed:false
183 silly fetch manifest @next/swc-linux-arm64-gnu@14.2.33
184 silly packumentCache full:https://registry.npmjs.org/@next%2fswc-linux-arm64-gnu cache-miss
185 http cache https://registry.npmjs.org/@typescript-eslint%2feslint-plugin 2035ms (cache hit)
186 silly packumentCache full:https://registry.npmjs.org/@typescript-eslint%2feslint-plugin set size:18092876 disposed:false
187 silly fetch manifest @next/swc-win32-ia32-msvc@14.2.33
188 silly packumentCache full:https://registry.npmjs.org/@next%2fswc-win32-ia32-msvc cache-miss
189 http cache https://registry.npmjs.org/@next%2fswc-darwin-x64 2307ms (cache hit)
190 silly packumentCache full:https://registry.npmjs.org/@next%2fswc-darwin-x64 set size:5277306 disposed:false
191 silly fetch manifest @next/swc-linux-arm64-musl@14.2.33
192 silly packumentCache full:https://registry.npmjs.org/@next%2fswc-linux-arm64-musl cache-miss
193 http cache https://registry.npmjs.org/@next%2fswc-darwin-arm64 2159ms (cache hit)
194 silly packumentCache full:https://registry.npmjs.org/@next%2fswc-darwin-arm64 set size:5334871 disposed:false
195 silly fetch manifest @next/swc-win32-arm64-msvc@14.2.33
196 silly packumentCache full:https://registry.npmjs.org/@next%2fswc-win32-arm64-msvc cache-miss
197 http cache https://registry.npmjs.org/@next%2fswc-linux-x64-musl 2298ms (cache hit)
198 silly packumentCache full:https://registry.npmjs.org/@next%2fswc-linux-x64-musl set size:5141048 disposed:false
199 silly fetch manifest scheduler@^0.23.0
200 silly packumentCache full:https://registry.npmjs.org/scheduler cache-miss
201 http cache https://registry.npmjs.org/@next%2fswc-linux-x64-gnu 2572ms (cache hit)
202 silly packumentCache full:https://registry.npmjs.org/@next%2fswc-linux-x64-gnu set size:5385108 disposed:false
203 http cache https://registry.npmjs.org/@next%2fswc-win32-ia32-msvc 1070ms (cache hit)
204 silly packumentCache full:https://registry.npmjs.org/@next%2fswc-win32-ia32-msvc set size:3201329 disposed:false
205 http cache https://registry.npmjs.org/@next%2fswc-linux-arm64-gnu 1969ms (cache hit)
206 silly packumentCache full:https://registry.npmjs.org/@next%2fswc-linux-arm64-gnu set size:5188665 disposed:false
207 http cache https://registry.npmjs.org/@next%2fswc-win32-x64-msvc 2460ms (cache hit)
208 silly packumentCache full:https://registry.npmjs.org/@next%2fswc-win32-x64-msvc set size:5356677 disposed:false
209 http cache https://registry.npmjs.org/@next%2fswc-linux-arm64-musl 1273ms (cache hit)
210 silly packumentCache full:https://registry.npmjs.org/@next%2fswc-linux-arm64-musl set size:5206849 disposed:false
211 http cache https://registry.npmjs.org/@next%2fswc-win32-arm64-msvc 1400ms (cache hit)
212 silly packumentCache full:https://registry.npmjs.org/@next%2fswc-win32-arm64-msvc set size:5170344 disposed:false
213 http cache https://registry.npmjs.org/scheduler 1540ms (cache hit)
214 silly packumentCache full:https://registry.npmjs.org/scheduler set size:5552695 disposed:false
215 silly placeDep ROOT @types/prop-types@15.7.15 OK for: @types/react@18.3.31 want: *
216 silly placeDep ROOT @eslint/eslintrc@2.1.4 OK for: eslint@8.57.1 want: ^2.1.4
217 silly placeDep ROOT @eslint/js@8.57.1 OK for: eslint@8.57.1 want: 8.57.1
218 silly placeDep ROOT @humanwhocodes/config-array@0.13.0 OK for: eslint@8.57.1 want: ^0.13.0
219 silly placeDep ROOT @ungap/structured-clone@1.3.1 OK for: eslint@8.57.1 want: ^1.2.0
220 silly placeDep ROOT ajv@6.15.0 OK for: eslint@8.57.1 want: ^6.12.4
221 silly placeDep node_modules/eslint doctrine@3.0.0 OK for: eslint@8.57.1 want: ^3.0.0
222 silly placeDep ROOT eslint-scope@7.2.2 OK for: eslint@8.57.1 want: ^7.2.2
223 silly placeDep ROOT eslint-visitor-keys@3.4.3 OK for: eslint@8.57.1 want: ^3.4.3
224 silly placeDep ROOT espree@9.6.1 OK for: eslint@8.57.1 want: ^9.6.1
225 silly placeDep ROOT fast-deep-equal@3.1.3 OK for: eslint@8.57.1 want: ^3.1.3
226 silly placeDep ROOT file-entry-cache@6.0.1 OK for: eslint@8.57.1 want: ^6.0.1
227 silly placeDep ROOT globals@13.24.0 OK for: eslint@8.57.1 want: ^13.19.0
228 silly placeDep ROOT graphemer@1.4.0 OK for: eslint@8.57.1 want: ^1.4.0
229 silly placeDep ROOT ignore@5.3.2 OK for: eslint@8.57.1 want: ^5.2.0
230 silly placeDep ROOT is-path-inside@3.0.3 OK for: eslint@8.57.1 want: ^3.0.3
231 silly placeDep ROOT js-yaml@4.2.0 OK for: eslint@8.57.1 want: ^4.1.0
232 silly placeDep ROOT strip-ansi@6.0.1 OK for: eslint@8.57.1 want: ^6.0.1
233 silly placeDep ROOT text-table@0.2.0 OK for: eslint@8.57.1 want: ^0.2.0
234 silly fetch manifest espree@^9.6.0
235 silly packumentCache full:https://registry.npmjs.org/espree cache-hit
236 silly fetch manifest import-fresh@^3.2.1
237 silly packumentCache full:https://registry.npmjs.org/import-fresh cache-miss
238 silly fetch manifest strip-json-comments@^3.1.1
239 silly packumentCache full:https://registry.npmjs.org/strip-json-comments cache-miss
240 silly fetch manifest @humanwhocodes/object-schema@^2.0.3
241 silly packumentCache full:https://registry.npmjs.org/@humanwhocodes%2fobject-schema cache-miss
242 silly fetch manifest uri-js@^4.2.2
243 silly packumentCache full:https://registry.npmjs.org/uri-js cache-miss
244 silly fetch manifest fast-deep-equal@^3.1.1
245 silly packumentCache full:https://registry.npmjs.org/fast-deep-equal cache-hit
246 silly fetch manifest json-schema-traverse@^0.4.1
247 silly packumentCache full:https://registry.npmjs.org/json-schema-traverse cache-miss
248 silly fetch manifest fast-json-stable-stringify@^2.0.0
249 silly packumentCache full:https://registry.npmjs.org/fast-json-stable-stringify cache-miss
250 silly fetch manifest esrecurse@^4.3.0
251 silly packumentCache full:https://registry.npmjs.org/esrecurse cache-miss
252 http cache https://registry.npmjs.org/import-fresh 134ms (cache hit)
253 silly packumentCache full:https://registry.npmjs.org/import-fresh set size:24604 disposed:false
254 silly fetch manifest acorn@^8.9.0
255 silly packumentCache full:https://registry.npmjs.org/acorn cache-miss
256 http cache https://registry.npmjs.org/strip-json-comments 141ms (cache hit)
257 silly packumentCache full:https://registry.npmjs.org/strip-json-comments set size:43569 disposed:false
258 silly fetch manifest acorn-jsx@^5.3.2
259 silly packumentCache full:https://registry.npmjs.org/acorn-jsx cache-miss
260 http cache https://registry.npmjs.org/@humanwhocodes%2fobject-schema 106ms (cache hit)
261 silly packumentCache full:https://registry.npmjs.org/@humanwhocodes%2fobject-schema set size:30629 disposed:false
262 silly fetch manifest flat-cache@^3.0.4
263 silly packumentCache full:https://registry.npmjs.org/flat-cache cache-miss
264 http cache https://registry.npmjs.org/uri-js 111ms (cache hit)
265 silly packumentCache full:https://registry.npmjs.org/uri-js set size:42559 disposed:false
266 silly fetch manifest type-fest@^0.20.2
267 silly packumentCache full:https://registry.npmjs.org/type-fest cache-miss
268 http cache https://registry.npmjs.org/fast-json-stable-stringify 109ms (cache hit)
269 silly packumentCache full:https://registry.npmjs.org/fast-json-stable-stringify set size:11337 disposed:false
270 silly fetch manifest argparse@^2.0.1
271 silly packumentCache full:https://registry.npmjs.org/argparse cache-miss
272 http cache https://registry.npmjs.org/json-schema-traverse 124ms (cache hit)
273 silly packumentCache full:https://registry.npmjs.org/json-schema-traverse set size:23537 disposed:false
274 silly fetch manifest ansi-regex@^5.0.1
275 silly packumentCache full:https://registry.npmjs.org/ansi-regex cache-miss
276 http cache https://registry.npmjs.org/esrecurse 125ms (cache hit)
277 silly packumentCache full:https://registry.npmjs.org/esrecurse set size:29005 disposed:false
278 http cache https://registry.npmjs.org/flat-cache 122ms (cache hit)
279 silly packumentCache full:https://registry.npmjs.org/flat-cache set size:169582 disposed:false
280 http cache https://registry.npmjs.org/argparse 141ms (cache hit)
281 silly packumentCache full:https://registry.npmjs.org/argparse set size:49266 disposed:false
282 http cache https://registry.npmjs.org/ansi-regex 140ms (cache hit)
283 silly packumentCache full:https://registry.npmjs.org/ansi-regex set size:43572 disposed:false
284 http cache https://registry.npmjs.org/acorn-jsx 176ms (cache hit)
285 silly packumentCache full:https://registry.npmjs.org/acorn-jsx set size:71068 disposed:false
286 http cache https://registry.npmjs.org/acorn 196ms (cache hit)
287 silly packumentCache full:https://registry.npmjs.org/acorn set size:381366 disposed:false
288 http cache https://registry.npmjs.org/type-fest 211ms (cache hit)
289 silly packumentCache full:https://registry.npmjs.org/type-fest set size:563278 disposed:false
290 silly placeDep ROOT import-fresh@3.3.1 OK for: @eslint/eslintrc@2.1.4 want: ^3.2.1
291 silly placeDep ROOT strip-json-comments@3.1.1 OK for: @eslint/eslintrc@2.1.4 want: ^3.1.1
292 silly fetch manifest resolve-from@^4.0.0
293 silly packumentCache full:https://registry.npmjs.org/resolve-from cache-miss
294 silly fetch manifest parent-module@^1.0.0
295 silly packumentCache full:https://registry.npmjs.org/parent-module cache-miss
296 http cache https://registry.npmjs.org/parent-module 30ms (cache hit)
297 silly packumentCache full:https://registry.npmjs.org/parent-module set size:18255 disposed:false
298 http cache https://registry.npmjs.org/resolve-from 82ms (cache hit)
299 silly packumentCache full:https://registry.npmjs.org/resolve-from set size:12911 disposed:false
300 silly placeDep ROOT @humanwhocodes/object-schema@2.0.3 OK for: @humanwhocodes/config-array@0.13.0 want: ^2.0.3
301 silly placeDep ROOT fast-json-stable-stringify@2.1.0 OK for: ajv@6.15.0 want: ^2.0.0
302 silly placeDep ROOT json-schema-traverse@0.4.1 OK for: ajv@6.15.0 want: ^0.4.1
303 silly placeDep ROOT uri-js@4.4.1 OK for: ajv@6.15.0 want: ^4.2.2
304 silly fetch manifest punycode@^2.1.0
305 silly packumentCache full:https://registry.npmjs.org/punycode cache-miss
306 http cache https://registry.npmjs.org/punycode 359ms (cache hit)
307 silly packumentCache full:https://registry.npmjs.org/punycode set size:61278 disposed:false
308 silly fetch manifest eslint@^7.23.0 || ^8.0.0
309 silly packumentCache full:https://registry.npmjs.org/eslint cache-miss
310 http cache https://registry.npmjs.org/eslint 345ms (cache hit)
311 silly packumentCache full:https://registry.npmjs.org/eslint set size:2011545 disposed:false
312 silly fetch manifest typescript@>=3.3.1
313 silly packumentCache full:https://registry.npmjs.org/typescript cache-miss
314 http cache https://registry.npmjs.org/typescript 830ms (cache hit)
315 silly packumentCache full:https://registry.npmjs.org/typescript set size:15410026 disposed:false
316 silly placeDep ROOT @next/eslint-plugin-next@14.2.35 OK for: eslint-config-next@14.2.35 want: 14.2.35
317 silly placeDep ROOT @rushstack/eslint-patch@1.16.1 OK for: eslint-config-next@14.2.35 want: ^1.3.3
318 silly placeDep ROOT @typescript-eslint/eslint-plugin@8.61.1 OK for: eslint-config-next@14.2.35 want: ^5.4.2 || ^6.0.0 || ^7.0.0 || ^8.0.0
319 silly placeDep ROOT @typescript-eslint/parser@8.61.1 OK for: @typescript-eslint/eslint-plugin@8.61.1 want: ^8.61.1
320 silly placeDep ROOT eslint-plugin-react-hooks@5.0.0-canary-7118f5dd7-20230705 OK for: eslint-config-next@14.2.35 want: ^4.5.0 || 5.0.0-canary-7118f5dd7-20230705
321 silly fetch manifest glob@10.3.10
322 silly packumentCache full:https://registry.npmjs.org/glob cache-miss
323 silly fetch manifest ignore@^7.0.5
324 silly packumentCache full:https://registry.npmjs.org/ignore cache-hit
325 silly fetch manifest ts-api-utils@^2.5.0
326 silly packumentCache full:https://registry.npmjs.org/ts-api-utils cache-miss
327 silly fetch manifest @typescript-eslint/utils@8.61.1
328 silly packumentCache full:https://registry.npmjs.org/@typescript-eslint%2futils cache-miss
329 silly fetch manifest @typescript-eslint/type-utils@8.61.1
330 silly packumentCache full:https://registry.npmjs.org/@typescript-eslint%2ftype-utils cache-miss
331 silly fetch manifest @typescript-eslint/visitor-keys@8.61.1
332 silly packumentCache full:https://registry.npmjs.org/@typescript-eslint%2fvisitor-keys cache-miss
333 silly fetch manifest @typescript-eslint/scope-manager@8.61.1
334 silly packumentCache full:https://registry.npmjs.org/@typescript-eslint%2fscope-manager cache-miss
335 silly fetch manifest @typescript-eslint/types@8.61.1
336 silly packumentCache full:https://registry.npmjs.org/@typescript-eslint%2ftypes cache-miss
337 http cache https://registry.npmjs.org/@typescript-eslint%2futils 224ms (cache hit)
338 silly packumentCache full:https://registry.npmjs.org/@typescript-eslint%2futils set size:10285455 disposed:false
339 silly fetch manifest @typescript-eslint/visitor-keys@8.61.1
340 silly packumentCache full:https://registry.npmjs.org/@typescript-eslint%2fvisitor-keys cache-miss
341 http cache https://registry.npmjs.org/ts-api-utils 755ms (cache hit)
342 silly packumentCache full:https://registry.npmjs.org/ts-api-utils set size:226785 disposed:false
343 silly fetch manifest @typescript-eslint/scope-manager@8.61.1
344 silly packumentCache full:https://registry.npmjs.org/@typescript-eslint%2fscope-manager cache-miss
345 http cache https://registry.npmjs.org/glob 775ms (cache hit)
346 silly packumentCache full:https://registry.npmjs.org/glob set size:469465 disposed:false
347 silly fetch manifest @typescript-eslint/typescript-estree@8.61.1
348 silly packumentCache full:https://registry.npmjs.org/@typescript-eslint%2ftypescript-estree cache-miss
349 http cache https://registry.npmjs.org/@typescript-eslint%2fvisitor-keys 881ms (cache hit)
350 silly packumentCache full:https://registry.npmjs.org/@typescript-eslint%2fvisitor-keys set size:11951277 disposed:false
351 http cache https://registry.npmjs.org/@typescript-eslint%2fscope-manager 1432ms (cache hit)
352 silly packumentCache full:https://registry.npmjs.org/@typescript-eslint%2fscope-manager set size:12558919 disposed:false
353 http cache https://registry.npmjs.org/@typescript-eslint%2ftypes 1951ms (cache hit)
354 silly packumentCache full:https://registry.npmjs.org/@typescript-eslint%2ftypes set size:12373784 disposed:false
355 http cache https://registry.npmjs.org/@typescript-eslint%2ftype-utils 2575ms (cache hit)
356 silly packumentCache full:https://registry.npmjs.org/@typescript-eslint%2ftype-utils set size:9433940 disposed:false
357 http cache https://registry.npmjs.org/@typescript-eslint%2fvisitor-keys 2300ms (cache hit)
358 silly packumentCache full:https://registry.npmjs.org/@typescript-eslint%2fvisitor-keys set size:11951277 disposed:false
359 http cache https://registry.npmjs.org/@typescript-eslint%2ftypescript-estree 2691ms (cache hit)
360 silly packumentCache full:https://registry.npmjs.org/@typescript-eslint%2ftypescript-estree set size:16524542 disposed:false
361 http cache https://registry.npmjs.org/@typescript-eslint%2fscope-manager 3669ms (cache hit)
362 silly packumentCache full:https://registry.npmjs.org/@typescript-eslint%2fscope-manager set size:12558919 disposed:false
363 silly placeDep ROOT glob@10.3.10 OK for: @next/eslint-plugin-next@14.2.35 want: 10.3.10
364 silly fetch manifest minipass@^5.0.0 || ^6.0.2 || ^7.0.0
365 silly packumentCache full:https://registry.npmjs.org/minipass cache-miss
366 silly fetch manifest jackspeak@^2.3.5
367 silly packumentCache full:https://registry.npmjs.org/jackspeak cache-miss
368 silly fetch manifest minimatch@^9.0.1
369 silly packumentCache full:https://registry.npmjs.org/minimatch cache-miss
370 silly fetch manifest path-scurry@^1.10.1
371 silly packumentCache full:https://registry.npmjs.org/path-scurry cache-miss
372 silly fetch manifest foreground-child@^3.1.0
373 silly packumentCache full:https://registry.npmjs.org/foreground-child cache-miss
374 http cache https://registry.npmjs.org/minipass 95ms (cache hit)
375 silly packumentCache full:https://registry.npmjs.org/minipass set size:276925 disposed:false
376 http cache https://registry.npmjs.org/foreground-child 69ms (cache hit)
377 silly packumentCache full:https://registry.npmjs.org/foreground-child set size:71503 disposed:false
378 http cache https://registry.npmjs.org/jackspeak 118ms (cache hit)
379 silly packumentCache full:https://registry.npmjs.org/jackspeak set size:204267 disposed:false
380 http cache https://registry.npmjs.org/path-scurry 91ms (cache hit)
381 silly packumentCache full:https://registry.npmjs.org/path-scurry set size:117612 disposed:false
382 http cache https://registry.npmjs.org/minimatch 138ms (cache hit)
383 silly packumentCache full:https://registry.npmjs.org/minimatch set size:375282 disposed:false
384 silly fetch manifest typescript@>=4.8.4 <6.1.0
385 silly packumentCache full:https://registry.npmjs.org/typescript cache-miss
386 http cache https://registry.npmjs.org/typescript 324ms (cache hit)
387 silly packumentCache full:https://registry.npmjs.org/typescript set size:15410026 disposed:false
388 silly fetch manifest eslint@^8.57.0 || ^9.0.0 || ^10.0.0
389 silly packumentCache full:https://registry.npmjs.org/eslint cache-miss
390 http cache https://registry.npmjs.org/eslint 439ms (cache hit)
391 silly packumentCache full:https://registry.npmjs.org/eslint set size:2011545 disposed:false
392 silly fetch manifest jiti@*
393 silly packumentCache full:https://registry.npmjs.org/jiti cache-miss
394 http cache https://registry.npmjs.org/jiti 501ms (cache hit)
395 silly packumentCache full:https://registry.npmjs.org/jiti set size:387989 disposed:false
396 silly placeDep ROOT @typescript-eslint/scope-manager@8.61.1 OK for: @typescript-eslint/eslint-plugin@8.61.1 want: 8.61.1
397 silly placeDep ROOT @typescript-eslint/type-utils@8.61.1 OK for: @typescript-eslint/eslint-plugin@8.61.1 want: 8.61.1
398 silly placeDep ROOT @typescript-eslint/utils@8.61.1 OK for: @typescript-eslint/eslint-plugin@8.61.1 want: 8.61.1
399 silly placeDep ROOT @typescript-eslint/visitor-keys@8.61.1 OK for: @typescript-eslint/eslint-plugin@8.61.1 want: 8.61.1
400 silly placeDep node_modules/@typescript-eslint/eslint-plugin ignore@7.0.5 OK for: @typescript-eslint/eslint-plugin@8.61.1 want: ^7.0.5
401 silly placeDep ROOT ts-api-utils@2.5.0 OK for: @typescript-eslint/eslint-plugin@8.61.1 want: ^2.5.0
402 silly fetch manifest eslint-visitor-keys@^5.0.0
403 silly packumentCache full:https://registry.npmjs.org/eslint-visitor-keys cache-hit
404 silly placeDep ROOT @typescript-eslint/types@8.61.1 OK for: @typescript-eslint/parser@8.61.1 want: 8.61.1
405 silly placeDep ROOT @typescript-eslint/typescript-estree@8.61.1 OK for: @typescript-eslint/parser@8.61.1 want: 8.61.1
406 silly fetch manifest semver@^7.7.3
407 silly packumentCache full:https://registry.npmjs.org/semver cache-miss
408 silly fetch manifest minimatch@^10.2.2
409 silly packumentCache full:https://registry.npmjs.org/minimatch cache-hit
410 silly fetch manifest @typescript-eslint/tsconfig-utils@8.61.1
411 silly packumentCache full:https://registry.npmjs.org/@typescript-eslint%2ftsconfig-utils cache-miss
412 silly fetch manifest @typescript-eslint/project-service@8.61.1
413 silly packumentCache full:https://registry.npmjs.org/@typescript-eslint%2fproject-service cache-miss
414 http cache https://registry.npmjs.org/semver 138ms (cache hit)
415 silly packumentCache full:https://registry.npmjs.org/semver set size:243512 disposed:false
416 http cache https://registry.npmjs.org/@typescript-eslint%2ftsconfig-utils 160ms (cache hit)
417 silly packumentCache full:https://registry.npmjs.org/@typescript-eslint%2ftsconfig-utils set size:1363905 disposed:false
418 http cache https://registry.npmjs.org/@typescript-eslint%2fproject-service 222ms (cache hit)
419 silly packumentCache full:https://registry.npmjs.org/@typescript-eslint%2fproject-service set size:1449100 disposed:false
420 silly placeDep ROOT @typescript-eslint/project-service@8.61.1 OK for: @typescript-eslint/typescript-estree@8.61.1 want: 8.61.1
421 silly placeDep ROOT @typescript-eslint/tsconfig-utils@8.61.1 OK for: @typescript-eslint/typescript-estree@8.61.1 want: 8.61.1
422 silly placeDep node_modules/@typescript-eslint/typescript-estree minimatch@10.2.5 OK for: @typescript-eslint/typescript-estree@8.61.1 want: ^10.2.2
423 silly placeDep node_modules/@typescript-eslint/typescript-estree semver@7.8.4 OK for: @typescript-eslint/typescript-estree@8.61.1 want: ^7.7.3
424 silly fetch manifest @typescript-eslint/tsconfig-utils@^8.61.1
425 silly packumentCache full:https://registry.npmjs.org/@typescript-eslint%2ftsconfig-utils cache-miss
426 silly fetch manifest brace-expansion@^5.0.5
427 silly packumentCache full:https://registry.npmjs.org/brace-expansion cache-miss
428 http cache https://registry.npmjs.org/@typescript-eslint%2ftsconfig-utils 196ms (cache hit)
429 silly packumentCache full:https://registry.npmjs.org/@typescript-eslint%2ftsconfig-utils set size:1363905 disposed:false
430 http cache https://registry.npmjs.org/brace-expansion 274ms (cache hit)
431 silly packumentCache full:https://registry.npmjs.org/brace-expansion set size:72152 disposed:false
432 silly placeDep node_modules/@typescript-eslint/visitor-keys eslint-visitor-keys@5.0.1 OK for: @typescript-eslint/visitor-keys@8.61.1 want: ^5.0.0
433 silly placeDep ROOT esrecurse@4.3.0 OK for: eslint-scope@7.2.2 want: ^4.3.0
434 silly placeDep ROOT acorn@8.17.0 OK for: espree@9.6.1 want: ^8.9.0
435 silly placeDep ROOT acorn-jsx@5.3.2 OK for: espree@9.6.1 want: ^5.3.2
436 silly placeDep ROOT flat-cache@3.2.0 OK for: file-entry-cache@6.0.1 want: ^3.0.4
437 silly fetch manifest keyv@^4.5.3
438 silly packumentCache full:https://registry.npmjs.org/keyv cache-miss
439 silly fetch manifest rimraf@^3.0.2
440 silly packumentCache full:https://registry.npmjs.org/rimraf cache-miss
441 silly fetch manifest flatted@^3.2.9
442 silly packumentCache full:https://registry.npmjs.org/flatted cache-miss
443 http cache https://registry.npmjs.org/keyv 166ms (cache hit)
444 silly packumentCache full:https://registry.npmjs.org/keyv set size:221368 disposed:false
445 http cache https://registry.npmjs.org/rimraf 145ms (cache hit)
446 silly packumentCache full:https://registry.npmjs.org/rimraf set size:212626 disposed:false
447 http cache https://registry.npmjs.org/flatted 193ms (cache hit)
448 silly packumentCache full:https://registry.npmjs.org/flatted set size:137347 disposed:false
449 silly placeDep ROOT flatted@3.4.2 OK for: flat-cache@3.2.0 want: ^3.2.9
450 silly placeDep ROOT keyv@4.5.4 OK for: flat-cache@3.2.0 want: ^4.5.3
451 silly placeDep ROOT rimraf@3.0.2 OK for: flat-cache@3.2.0 want: ^3.0.2
452 silly fetch manifest json-buffer@3.0.1
453 silly packumentCache full:https://registry.npmjs.org/json-buffer cache-miss
454 silly fetch manifest glob@^7.1.3
455 silly packumentCache full:https://registry.npmjs.org/glob cache-hit
456 http cache https://registry.npmjs.org/json-buffer 276ms (cache hit)
457 silly packumentCache full:https://registry.npmjs.org/json-buffer set size:23474 disposed:false
458 silly placeDep ROOT foreground-child@3.3.1 OK for: glob@10.3.10 want: ^3.1.0
459 silly placeDep ROOT jackspeak@2.3.6 OK for: glob@10.3.10 want: ^2.3.5
460 silly placeDep node_modules/glob minimatch@9.0.9 OK for: glob@10.3.10 want: ^9.0.1
461 silly placeDep ROOT minipass@7.1.3 OK for: glob@10.3.10 want: ^5.0.0 || ^6.0.2 || ^7.0.0
462 silly placeDep ROOT path-scurry@1.11.1 OK for: glob@10.3.10 want: ^1.10.1
463 silly fetch manifest signal-exit@^4.0.1
464 silly packumentCache full:https://registry.npmjs.org/signal-exit cache-miss
465 silly fetch manifest @isaacs/cliui@^8.0.2
466 silly packumentCache full:https://registry.npmjs.org/@isaacs%2fcliui cache-miss
467 silly fetch manifest @pkgjs/parseargs@^0.11.0
468 silly packumentCache full:https://registry.npmjs.org/@pkgjs%2fparseargs cache-miss
469 silly fetch manifest brace-expansion@^2.0.2
470 silly packumentCache full:https://registry.npmjs.org/brace-expansion cache-hit
471 silly fetch manifest lru-cache@^10.2.0
472 silly packumentCache full:https://registry.npmjs.org/lru-cache cache-miss
473 http cache https://registry.npmjs.org/@isaacs%2fcliui 112ms (cache hit)
474 silly packumentCache full:https://registry.npmjs.org/@isaacs%2fcliui set size:12263 disposed:false
475 http cache https://registry.npmjs.org/signal-exit 119ms (cache hit)
476 silly packumentCache full:https://registry.npmjs.org/signal-exit set size:53489 disposed:false
477 http cache https://registry.npmjs.org/@pkgjs%2fparseargs 139ms (cache hit)
478 silly packumentCache full:https://registry.npmjs.org/@pkgjs%2fparseargs set size:51085 disposed:false
479 http cache https://registry.npmjs.org/lru-cache 142ms (cache hit)
480 silly packumentCache full:https://registry.npmjs.org/lru-cache set size:456196 disposed:false
481 silly placeDep ROOT signal-exit@4.1.0 OK for: foreground-child@3.3.1 want: ^4.0.1
482 silly placeDep ROOT type-fest@0.20.2 OK for: globals@13.24.0 want: ^0.20.2
483 silly placeDep ROOT parent-module@1.0.1 OK for: import-fresh@3.3.1 want: ^1.0.0
484 silly placeDep ROOT resolve-from@4.0.0 OK for: import-fresh@3.3.1 want: ^4.0.0
485 silly fetch manifest callsites@^3.0.0
486 silly packumentCache full:https://registry.npmjs.org/callsites cache-miss
487 http cache https://registry.npmjs.org/callsites 345ms (cache hit)
488 silly packumentCache full:https://registry.npmjs.org/callsites set size:21349 disposed:false
489 silly placeDep ROOT @isaacs/cliui@8.0.2 OK for: jackspeak@2.3.6 want: ^8.0.2
490 silly placeDep ROOT @pkgjs/parseargs@0.11.0 OK for: jackspeak@2.3.6 want: ^0.11.0
491 silly fetch manifest wrap-ansi@^8.1.0
492 silly packumentCache full:https://registry.npmjs.org/wrap-ansi cache-miss
493 silly fetch manifest strip-ansi@^7.0.1
494 silly packumentCache full:https://registry.npmjs.org/strip-ansi cache-hit
495 silly fetch manifest string-width@^5.1.2
496 silly packumentCache full:https://registry.npmjs.org/string-width cache-miss
497 silly fetch manifest wrap-ansi-cjs@npm:wrap-ansi@^7.0.0
498 silly packumentCache full:https://registry.npmjs.org/wrap-ansi cache-miss
499 silly fetch manifest strip-ansi-cjs@npm:strip-ansi@^6.0.1
500 silly packumentCache full:https://registry.npmjs.org/strip-ansi cache-hit
501 silly fetch manifest string-width-cjs@npm:string-width@^4.2.0
502 silly packumentCache full:https://registry.npmjs.org/string-width cache-miss
503 http cache https://registry.npmjs.org/string-width 105ms (cache hit)
504 silly packumentCache full:https://registry.npmjs.org/string-width set size:70381 disposed:false
505 http cache https://registry.npmjs.org/wrap-ansi 121ms (cache hit)
506 silly packumentCache full:https://registry.npmjs.org/wrap-ansi set size:55299 disposed:false
507 http cache https://registry.npmjs.org/string-width 160ms (cache hit)
508 silly packumentCache full:https://registry.npmjs.org/string-width set size:70381 disposed:false
509 silly packumentCache full:https://registry.npmjs.org/string-width dispose
510 http cache https://registry.npmjs.org/wrap-ansi 169ms (cache hit)
511 silly packumentCache full:https://registry.npmjs.org/wrap-ansi set size:55299 disposed:false
512 silly packumentCache full:https://registry.npmjs.org/wrap-ansi dispose
513 silly placeDep ROOT string-width@5.1.2 OK for: @isaacs/cliui@8.0.2 want: ^5.1.2
514 silly placeDep ROOT string-width-cjs@4.2.3 OK for: @isaacs/cliui@8.0.2 want: npm:string-width@^4.2.0
515 silly placeDep node_modules/@isaacs/cliui strip-ansi@7.2.0 OK for: @isaacs/cliui@8.0.2 want: ^7.0.1
516 silly placeDep ROOT strip-ansi-cjs@6.0.1 OK for: @isaacs/cliui@8.0.2 want: npm:strip-ansi@^6.0.1
517 silly placeDep ROOT wrap-ansi@8.1.0 OK for: @isaacs/cliui@8.0.2 want: ^8.1.0
518 silly placeDep ROOT wrap-ansi-cjs@7.0.0 OK for: @isaacs/cliui@8.0.2 want: npm:wrap-ansi@^7.0.0
519 silly fetch manifest eastasianwidth@^0.2.0
520 silly packumentCache full:https://registry.npmjs.org/eastasianwidth cache-miss
521 silly fetch manifest emoji-regex@^8.0.0
522 silly packumentCache full:https://registry.npmjs.org/emoji-regex cache-miss
523 silly fetch manifest is-fullwidth-code-point@^3.0.0
524 silly packumentCache full:https://registry.npmjs.org/is-fullwidth-code-point cache-miss
525 silly fetch manifest ansi-regex@^6.2.2
526 silly packumentCache full:https://registry.npmjs.org/ansi-regex cache-hit
527 silly fetch manifest ansi-styles@^6.1.0
528 silly packumentCache full:https://registry.npmjs.org/ansi-styles cache-miss
529 silly fetch manifest string-width@^4.1.0
530 silly packumentCache full:https://registry.npmjs.org/string-width cache-hit
531 http cache https://registry.npmjs.org/is-fullwidth-code-point 94ms (cache hit)
532 silly packumentCache full:https://registry.npmjs.org/is-fullwidth-code-point set size:14578 disposed:false
533 http cache https://registry.npmjs.org/emoji-regex 98ms (cache hit)
534 silly packumentCache full:https://registry.npmjs.org/emoji-regex set size:89064 disposed:false
535 http cache https://registry.npmjs.org/eastasianwidth 105ms (cache hit)
536 silly packumentCache full:https://registry.npmjs.org/eastasianwidth set size:7890 disposed:false
537 http cache https://registry.npmjs.org/ansi-styles 101ms (cache hit)
538 silly packumentCache full:https://registry.npmjs.org/ansi-styles set size:63233 disposed:false
539 silly placeDep ROOT argparse@2.0.1 OK for: js-yaml@4.2.0 want: ^2.0.1
540 silly placeDep ROOT json-buffer@3.0.1 OK for: keyv@4.5.4 want: 3.0.1
541 silly fetch manifest react@^18.2.0
542 silly packumentCache full:https://registry.npmjs.org/react cache-miss
543 http cache https://registry.npmjs.org/react 329ms (cache hit)
544 silly packumentCache full:https://registry.npmjs.org/react set size:6715585 disposed:false
545 silly placeDep ROOT @next/env@14.2.35 OK for: next@14.2.35 want: 14.2.35
546 silly placeDep ROOT @next/swc-darwin-arm64@14.2.33 OK for: next@14.2.35 want: 14.2.33
547 silly placeDep ROOT @next/swc-darwin-x64@14.2.33 OK for: next@14.2.35 want: 14.2.33
548 silly placeDep ROOT @next/swc-linux-arm64-gnu@14.2.33 OK for: next@14.2.35 want: 14.2.33
549 silly placeDep ROOT @next/swc-linux-arm64-musl@14.2.33 OK for: next@14.2.35 want: 14.2.33
550 silly placeDep ROOT @next/swc-linux-x64-gnu@14.2.33 OK for: next@14.2.35 want: 14.2.33
551 silly placeDep ROOT @next/swc-linux-x64-musl@14.2.33 OK for: next@14.2.35 want: 14.2.33
552 silly placeDep ROOT @next/swc-win32-arm64-msvc@14.2.33 OK for: next@14.2.35 want: 14.2.33
553 silly placeDep ROOT @next/swc-win32-ia32-msvc@14.2.33 OK for: next@14.2.35 want: 14.2.33
554 silly placeDep ROOT @next/swc-win32-x64-msvc@14.2.33 OK for: next@14.2.35 want: 14.2.33
555 silly placeDep ROOT @swc/helpers@0.5.5 OK for: next@14.2.35 want: 0.5.5
556 silly placeDep ROOT styled-jsx@5.1.1 OK for: next@14.2.35 want: 5.1.1
557 silly fetch manifest @swc/counter@^0.1.3
558 silly packumentCache full:https://registry.npmjs.org/@swc%2fcounter cache-miss
559 silly fetch manifest client-only@0.0.1
560 silly packumentCache full:https://registry.npmjs.org/client-only cache-miss
561 http cache https://registry.npmjs.org/client-only 184ms (cache hit)
562 silly packumentCache full:https://registry.npmjs.org/client-only set size:2750 disposed:false
563 http cache https://registry.npmjs.org/@swc%2fcounter 188ms (cache hit)
564 silly packumentCache full:https://registry.npmjs.org/@swc%2fcounter set size:7199 disposed:false
565 silly placeDep ROOT @swc/counter@0.1.3 OK for: @swc/helpers@0.5.5 want: ^0.1.3
566 silly placeDep ROOT callsites@3.1.0 OK for: parent-module@1.0.1 want: ^3.0.0
567 silly placeDep ROOT lru-cache@10.4.3 OK for: path-scurry@1.11.1 want: ^10.2.0
568 silly placeDep ROOT scheduler@0.23.2 OK for: react-dom@18.2.0 want: ^0.23.0
569 silly placeDep node_modules/rimraf glob@7.2.3 OK for: rimraf@3.0.2 want: ^7.1.3
570 silly fetch manifest once@^1.3.0
571 silly packumentCache full:https://registry.npmjs.org/once cache-miss
572 silly fetch manifest inflight@^1.0.4
573 silly packumentCache full:https://registry.npmjs.org/inflight cache-miss
574 silly fetch manifest inherits@2
575 silly packumentCache full:https://registry.npmjs.org/inherits cache-miss
576 silly fetch manifest fs.realpath@^1.0.0
577 silly packumentCache full:https://registry.npmjs.org/fs.realpath cache-miss
578 silly fetch manifest path-is-absolute@^1.0.0
579 silly packumentCache full:https://registry.npmjs.org/path-is-absolute cache-miss
580 http cache https://registry.npmjs.org/once 104ms (cache hit)
581 silly packumentCache full:https://registry.npmjs.org/once set size:11752 disposed:false
582 http cache https://registry.npmjs.org/inherits 105ms (cache hit)
583 silly packumentCache full:https://registry.npmjs.org/inherits set size:12925 disposed:false
584 http cache https://registry.npmjs.org/inflight 108ms (cache hit)
585 silly packumentCache full:https://registry.npmjs.org/inflight set size:13140 disposed:false
586 http cache https://registry.npmjs.org/path-is-absolute 109ms (cache hit)
587 silly packumentCache full:https://registry.npmjs.org/path-is-absolute set size:8253 disposed:false
588 http cache https://registry.npmjs.org/fs.realpath 113ms (cache hit)
589 silly packumentCache full:https://registry.npmjs.org/fs.realpath set size:4806 disposed:false
590 silly placeDep ROOT eastasianwidth@0.2.0 OK for: string-width@5.1.2 want: ^0.2.0
591 silly placeDep node_modules/string-width strip-ansi@7.2.0 OK for: string-width@5.1.2 want: ^7.0.1
592 silly placeDep node_modules/string-width-cjs emoji-regex@8.0.0 OK for: string-width@4.2.3 want: ^8.0.0
593 silly placeDep ROOT is-fullwidth-code-point@3.0.0 OK for: string-width@4.2.3 want: ^3.0.0
594 silly placeDep ROOT ansi-regex@5.0.1 OK for: strip-ansi@6.0.1 want: ^5.0.1
595 silly placeDep ROOT client-only@0.0.1 OK for: styled-jsx@5.1.1 want: 0.0.1
596 silly placeDep ROOT punycode@2.3.1 OK for: uri-js@4.4.1 want: ^2.1.0
597 silly placeDep node_modules/wrap-ansi ansi-styles@6.2.3 OK for: wrap-ansi@8.1.0 want: ^6.1.0
598 silly placeDep node_modules/wrap-ansi strip-ansi@7.2.0 OK for: wrap-ansi@8.1.0 want: ^7.0.1
599 silly placeDep node_modules/wrap-ansi-cjs string-width@4.2.3 OK for: wrap-ansi@7.0.0 want: ^4.1.0
600 silly placeDep node_modules/@isaacs/cliui ansi-regex@6.2.2 OK for: strip-ansi@7.2.0 want: ^6.2.2
601 silly placeDep node_modules/@typescript-eslint/typescript-estree brace-expansion@5.0.6 OK for: minimatch@10.2.5 want: ^5.0.5
602 silly fetch manifest balanced-match@^4.0.2
603 silly packumentCache full:https://registry.npmjs.org/balanced-match cache-miss
604 http cache https://registry.npmjs.org/balanced-match 342ms (cache hit)
605 silly packumentCache full:https://registry.npmjs.org/balanced-match set size:39082 disposed:false
606 silly placeDep node_modules/@typescript-eslint/typescript-estree balanced-match@4.0.4 OK for: brace-expansion@5.0.6 want: ^4.0.2
607 silly placeDep node_modules/glob brace-expansion@2.1.1 OK for: minimatch@9.0.9 want: ^2.0.2
608 silly placeDep ROOT fs.realpath@1.0.0 OK for: glob@7.2.3 want: ^1.0.0
609 silly placeDep ROOT inflight@1.0.6 OK for: glob@7.2.3 want: ^1.0.4
610 silly placeDep ROOT inherits@2.0.4 OK for: glob@7.2.3 want: 2
611 silly placeDep ROOT once@1.4.0 OK for: glob@7.2.3 want: ^1.3.0
612 silly placeDep ROOT path-is-absolute@1.0.1 OK for: glob@7.2.3 want: ^1.0.0
613 silly fetch manifest wrappy@1
614 silly packumentCache full:https://registry.npmjs.org/wrappy cache-miss
615 silly fetch manifest wrappy@1
616 silly packumentCache full:https://registry.npmjs.org/wrappy cache-miss
617 http cache https://registry.npmjs.org/wrappy 99ms (cache hit)
618 silly packumentCache full:https://registry.npmjs.org/wrappy set size:7682 disposed:false
619 http cache https://registry.npmjs.org/wrappy 132ms (cache hit)
620 silly packumentCache full:https://registry.npmjs.org/wrappy set size:7682 disposed:false
621 silly packumentCache full:https://registry.npmjs.org/wrappy dispose
622 silly placeDep ROOT wrappy@1.0.2 OK for: inflight@1.0.6 want: 1
623 silly placeDep node_modules/string-width ansi-regex@6.2.2 OK for: strip-ansi@7.2.0 want: ^6.2.2
624 silly placeDep node_modules/wrap-ansi-cjs emoji-regex@8.0.0 OK for: string-width@4.2.3 want: ^8.0.0
625 silly placeDep node_modules/wrap-ansi ansi-regex@6.2.2 OK for: strip-ansi@7.2.0 want: ^6.2.2
626 silly reify mark retired [
626 silly reify   'C:\\Users\\Hp 1030 X360\\Documents\\Mercy-fx\\mercy-dev-studio\\node_modules\\fsevents'
626 silly reify ]
627 silly reify mark retired [
627 silly reify   'C:\\Users\\Hp 1030 X360\\Documents\\Mercy-fx\\mercy-dev-studio\\node_modules\\lightningcss-android-arm64'
627 silly reify ]
628 silly reify mark retired [
628 silly reify   'C:\\Users\\Hp 1030 X360\\Documents\\Mercy-fx\\mercy-dev-studio\\node_modules\\lightningcss-darwin-arm64'
628 silly reify ]
629 silly reify mark retired [
629 silly reify   'C:\\Users\\Hp 1030 X360\\Documents\\Mercy-fx\\mercy-dev-studio\\node_modules\\lightningcss-darwin-x64'
629 silly reify ]
630 silly reify mark retired [
630 silly reify   'C:\\Users\\Hp 1030 X360\\Documents\\Mercy-fx\\mercy-dev-studio\\node_modules\\lightningcss-freebsd-x64'
630 silly reify ]
631 silly reify mark retired [
631 silly reify   'C:\\Users\\Hp 1030 X360\\Documents\\Mercy-fx\\mercy-dev-studio\\node_modules\\lightningcss-linux-arm-gnueabihf'
631 silly reify ]
632 silly reify mark retired [
632 silly reify   'C:\\Users\\Hp 1030 X360\\Documents\\Mercy-fx\\mercy-dev-studio\\node_modules\\lightningcss-linux-arm64-gnu'
632 silly reify ]
633 silly reify mark retired [
633 silly reify   'C:\\Users\\Hp 1030 X360\\Documents\\Mercy-fx\\mercy-dev-studio\\node_modules\\lightningcss-linux-arm64-musl'
633 silly reify ]
634 silly reify mark retired [
634 silly reify   'C:\\Users\\Hp 1030 X360\\Documents\\Mercy-fx\\mercy-dev-studio\\node_modules\\lightningcss-linux-x64-gnu'
634 silly reify ]
635 silly reify mark retired [
635 silly reify   'C:\\Users\\Hp 1030 X360\\Documents\\Mercy-fx\\mercy-dev-studio\\node_modules\\lightningcss-linux-x64-musl'
635 silly reify ]
636 silly reify mark retired [
636 silly reify   'C:\\Users\\Hp 1030 X360\\Documents\\Mercy-fx\\mercy-dev-studio\\node_modules\\lightningcss-win32-arm64-msvc'
636 silly reify ]
637 silly reify mark retired [
637 silly reify   'C:\\Users\\Hp 1030 X360\\Documents\\Mercy-fx\\mercy-dev-studio\\node_modules\\next'
637 silly reify ]
638 silly reify mark retired [
638 silly reify   'C:\\Users\\Hp 1030 X360\\Documents\\Mercy-fx\\mercy-dev-studio\\node_modules\\@esbuild\\aix-ppc64'
638 silly reify ]
639 silly reify mark retired [
639 silly reify   'C:\\Users\\Hp 1030 X360\\Documents\\Mercy-fx\\mercy-dev-studio\\node_modules\\@esbuild\\android-arm'
639 silly reify ]
640 silly reify mark retired [
640 silly reify   'C:\\Users\\Hp 1030 X360\\Documents\\Mercy-fx\\mercy-dev-studio\\node_modules\\@esbuild\\android-arm64'
640 silly reify ]
641 silly reify mark retired [
641 silly reify   'C:\\Users\\Hp 1030 X360\\Documents\\Mercy-fx\\mercy-dev-studio\\node_modules\\@esbuild\\android-x64'
641 silly reify ]
642 silly reify mark retired [
642 silly reify   'C:\\Users\\Hp 1030 X360\\Documents\\Mercy-fx\\mercy-dev-studio\\node_modules\\@esbuild\\darwin-arm64'
642 silly reify ]
643 silly reify mark retired [
643 silly reify   'C:\\Users\\Hp 1030 X360\\Documents\\Mercy-fx\\mercy-dev-studio\\node_modules\\@esbuild\\darwin-x64'
643 silly reify ]
644 silly reify mark retired [
644 silly reify   'C:\\Users\\Hp 1030 X360\\Documents\\Mercy-fx\\mercy-dev-studio\\node_modules\\@esbuild\\freebsd-arm64'
644 silly reify ]
645 silly reify mark retired [
645 silly reify   'C:\\Users\\Hp 1030 X360\\Documents\\Mercy-fx\\mercy-dev-studio\\node_modules\\@esbuild\\freebsd-x64'
645 silly reify ]
646 silly reify mark retired [
646 silly reify   'C:\\Users\\Hp 1030 X360\\Documents\\Mercy-fx\\mercy-dev-studio\\node_modules\\@esbuild\\linux-arm'
646 silly reify ]
647 silly reify mark retired [
647 silly reify   'C:\\Users\\Hp 1030 X360\\Documents\\Mercy-fx\\mercy-dev-studio\\node_modules\\@esbuild\\linux-arm64'
647 silly reify ]
648 silly reify mark retired [
648 silly reify   'C:\\Users\\Hp 1030 X360\\Documents\\Mercy-fx\\mercy-dev-studio\\node_modules\\@esbuild\\linux-ia32'
648 silly reify ]
649 silly reify mark retired [
649 silly reify   'C:\\Users\\Hp 1030 X360\\Documents\\Mercy-fx\\mercy-dev-studio\\node_modules\\@esbuild\\linux-loong64'
649 silly reify ]
650 silly reify mark retired [
650 silly reify   'C:\\Users\\Hp 1030 X360\\Documents\\Mercy-fx\\mercy-dev-studio\\node_modules\\@esbuild\\linux-mips64el'
650 silly reify ]
651 silly reify mark retired [
651 silly reify   'C:\\Users\\Hp 1030 X360\\Documents\\Mercy-fx\\mercy-dev-studio\\node_modules\\@esbuild\\linux-ppc64'
651 silly reify ]
652 silly reify mark retired [
652 silly reify   'C:\\Users\\Hp 1030 X360\\Documents\\Mercy-fx\\mercy-dev-studio\\node_modules\\@esbuild\\linux-riscv64'
652 silly reify ]
653 silly reify mark retired [
653 silly reify   'C:\\Users\\Hp 1030 X360\\Documents\\Mercy-fx\\mercy-dev-studio\\node_modules\\@esbuild\\linux-x64'
653 silly reify ]
654 silly reify mark retired [
654 silly reify   'C:\\Users\\Hp 1030 X360\\Documents\\Mercy-fx\\mercy-dev-studio\\node_modules\\@esbuild\\linux-s390x'
654 silly reify ]
655 silly reify mark retired [
655 silly reify   'C:\\Users\\Hp 1030 X360\\Documents\\Mercy-fx\\mercy-dev-studio\\node_modules\\@esbuild\\netbsd-arm64'
655 silly reify ]
656 silly reify mark retired [
656 silly reify   'C:\\Users\\Hp 1030 X360\\Documents\\Mercy-fx\\mercy-dev-studio\\node_modules\\@esbuild\\netbsd-x64'
656 silly reify ]
657 silly reify mark retired [
657 silly reify   'C:\\Users\\Hp 1030 X360\\Documents\\Mercy-fx\\mercy-dev-studio\\node_modules\\@esbuild\\openbsd-x64'
657 silly reify ]
658 silly reify mark retired [
658 silly reify   'C:\\Users\\Hp 1030 X360\\Documents\\Mercy-fx\\mercy-dev-studio\\node_modules\\@esbuild\\openbsd-arm64'
658 silly reify ]
659 silly reify mark retired [
659 silly reify   'C:\\Users\\Hp 1030 X360\\Documents\\Mercy-fx\\mercy-dev-studio\\node_modules\\@esbuild\\openharmony-arm64'
659 silly reify ]
660 silly reify mark retired [
660 silly reify   'C:\\Users\\Hp 1030 X360\\Documents\\Mercy-fx\\mercy-dev-studio\\node_modules\\@esbuild\\sunos-x64'
660 silly reify ]
661 silly reify mark retired [
661 silly reify   'C:\\Users\\Hp 1030 X360\\Documents\\Mercy-fx\\mercy-dev-studio\\node_modules\\@esbuild\\win32-arm64'
661 silly reify ]
662 silly reify mark retired [
662 silly reify   'C:\\Users\\Hp 1030 X360\\Documents\\Mercy-fx\\mercy-dev-studio\\node_modules\\@esbuild\\win32-ia32'
662 silly reify ]
663 silly reify mark retired [
663 silly reify   'C:\\Users\\Hp 1030 X360\\Documents\\Mercy-fx\\mercy-dev-studio\\node_modules\\@next\\swc-darwin-arm64'
663 silly reify ]
664 silly reify mark retired [
664 silly reify   'C:\\Users\\Hp 1030 X360\\Documents\\Mercy-fx\\mercy-dev-studio\\node_modules\\@next\\swc-darwin-x64'
664 silly reify ]
665 silly reify mark retired [
665 silly reify   'C:\\Users\\Hp 1030 X360\\Documents\\Mercy-fx\\mercy-dev-studio\\node_modules\\@next\\swc-linux-arm64-gnu'
665 silly reify ]
666 silly reify mark retired [
666 silly reify   'C:\\Users\\Hp 1030 X360\\Documents\\Mercy-fx\\mercy-dev-studio\\node_modules\\@next\\swc-linux-arm64-musl'
666 silly reify ]
667 silly reify mark retired [
667 silly reify   'C:\\Users\\Hp 1030 X360\\Documents\\Mercy-fx\\mercy-dev-studio\\node_modules\\@next\\swc-linux-x64-gnu'
667 silly reify ]
668 silly reify mark retired [
668 silly reify   'C:\\Users\\Hp 1030 X360\\Documents\\Mercy-fx\\mercy-dev-studio\\node_modules\\@next\\swc-linux-x64-musl'
668 silly reify ]
669 silly reify mark retired [
669 silly reify   'C:\\Users\\Hp 1030 X360\\Documents\\Mercy-fx\\mercy-dev-studio\\node_modules\\@next\\swc-win32-arm64-msvc'
669 silly reify ]
670 silly reify mark retired [
670 silly reify   'C:\\Users\\Hp 1030 X360\\Documents\\Mercy-fx\\mercy-dev-studio\\node_modules\\@next\\swc-win32-ia32-msvc'
670 silly reify ]
671 silly reify mark retired [
671 silly reify   'C:\\Users\\Hp 1030 X360\\Documents\\Mercy-fx\\mercy-dev-studio\\node_modules\\@tailwindcss\\oxide-android-arm64'
671 silly reify ]
672 silly reify mark retired [
672 silly reify   'C:\\Users\\Hp 1030 X360\\Documents\\Mercy-fx\\mercy-dev-studio\\node_modules\\@tailwindcss\\oxide-darwin-arm64'
672 silly reify ]
673 silly reify mark retired [
673 silly reify   'C:\\Users\\Hp 1030 X360\\Documents\\Mercy-fx\\mercy-dev-studio\\node_modules\\@tailwindcss\\oxide-darwin-x64'
673 silly reify ]
674 silly reify mark retired [
674 silly reify   'C:\\Users\\Hp 1030 X360\\Documents\\Mercy-fx\\mercy-dev-studio\\node_modules\\@tailwindcss\\oxide-freebsd-x64'
674 silly reify ]
675 silly reify mark retired [
675 silly reify   'C:\\Users\\Hp 1030 X360\\Documents\\Mercy-fx\\mercy-dev-studio\\node_modules\\@tailwindcss\\oxide-linux-arm-gnueabihf'
675 silly reify ]
676 silly reify mark retired [
676 silly reify   'C:\\Users\\Hp 1030 X360\\Documents\\Mercy-fx\\mercy-dev-studio\\node_modules\\@tailwindcss\\oxide-linux-arm64-gnu'
676 silly reify ]
677 silly reify mark retired [
677 silly reify   'C:\\Users\\Hp 1030 X360\\Documents\\Mercy-fx\\mercy-dev-studio\\node_modules\\@tailwindcss\\oxide-linux-arm64-musl'
677 silly reify ]
678 silly reify mark retired [
678 silly reify   'C:\\Users\\Hp 1030 X360\\Documents\\Mercy-fx\\mercy-dev-studio\\node_modules\\@tailwindcss\\oxide-linux-x64-gnu'
678 silly reify ]
679 silly reify mark retired [
679 silly reify   'C:\\Users\\Hp 1030 X360\\Documents\\Mercy-fx\\mercy-dev-studio\\node_modules\\@tailwindcss\\oxide-linux-x64-musl'
679 silly reify ]
680 silly reify mark retired [
680 silly reify   'C:\\Users\\Hp 1030 X360\\Documents\\Mercy-fx\\mercy-dev-studio\\node_modules\\@tailwindcss\\oxide-wasm32-wasi'
680 silly reify ]
681 silly reify mark retired [
681 silly reify   'C:\\Users\\Hp 1030 X360\\Documents\\Mercy-fx\\mercy-dev-studio\\node_modules\\@tailwindcss\\oxide-win32-arm64-msvc'
681 silly reify ]
682 silly reify mark retired [
682 silly reify   'C:\\Users\\Hp 1030 X360\\Documents\\Mercy-fx\\mercy-dev-studio\\node_modules\\@unrs\\resolver-binding-android-arm-eabi'
682 silly reify ]
683 silly reify mark retired [
683 silly reify   'C:\\Users\\Hp 1030 X360\\Documents\\Mercy-fx\\mercy-dev-studio\\node_modules\\@unrs\\resolver-binding-android-arm64'
683 silly reify ]
684 silly reify mark retired [
684 silly reify   'C:\\Users\\Hp 1030 X360\\Documents\\Mercy-fx\\mercy-dev-studio\\node_modules\\@unrs\\resolver-binding-darwin-arm64'
684 silly reify ]
685 silly reify mark retired [
685 silly reify   'C:\\Users\\Hp 1030 X360\\Documents\\Mercy-fx\\mercy-dev-studio\\node_modules\\@unrs\\resolver-binding-darwin-x64'
685 silly reify ]
686 silly reify mark retired [
686 silly reify   'C:\\Users\\Hp 1030 X360\\Documents\\Mercy-fx\\mercy-dev-studio\\node_modules\\@unrs\\resolver-binding-freebsd-x64'
686 silly reify ]
687 silly reify mark retired [
687 silly reify   'C:\\Users\\Hp 1030 X360\\Documents\\Mercy-fx\\mercy-dev-studio\\node_modules\\@unrs\\resolver-binding-linux-arm-gnueabihf'
687 silly reify ]
688 silly reify mark retired [
688 silly reify   'C:\\Users\\Hp 1030 X360\\Documents\\Mercy-fx\\mercy-dev-studio\\node_modules\\@unrs\\resolver-binding-linux-arm-musleabihf'
688 silly reify ]
689 silly reify mark retired [
689 silly reify   'C:\\Users\\Hp 1030 X360\\Documents\\Mercy-fx\\mercy-dev-studio\\node_modules\\@unrs\\resolver-binding-linux-arm64-gnu'
689 silly reify ]
690 silly reify mark retired [
690 silly reify   'C:\\Users\\Hp 1030 X360\\Documents\\Mercy-fx\\mercy-dev-studio\\node_modules\\@unrs\\resolver-binding-linux-arm64-musl'
690 silly reify ]
691 silly reify mark retired [
691 silly reify   'C:\\Users\\Hp 1030 X360\\Documents\\Mercy-fx\\mercy-dev-studio\\node_modules\\@unrs\\resolver-binding-linux-loong64-gnu'
691 silly reify ]
692 silly reify mark retired [
692 silly reify   'C:\\Users\\Hp 1030 X360\\Documents\\Mercy-fx\\mercy-dev-studio\\node_modules\\@unrs\\resolver-binding-linux-loong64-musl'
692 silly reify ]
693 silly reify mark retired [
693 silly reify   'C:\\Users\\Hp 1030 X360\\Documents\\Mercy-fx\\mercy-dev-studio\\node_modules\\@unrs\\resolver-binding-linux-ppc64-gnu'
693 silly reify ]
694 silly reify mark retired [
694 silly reify   'C:\\Users\\Hp 1030 X360\\Documents\\Mercy-fx\\mercy-dev-studio\\node_modules\\@unrs\\resolver-binding-linux-riscv64-gnu'
694 silly reify ]
695 silly reify mark retired [
695 silly reify   'C:\\Users\\Hp 1030 X360\\Documents\\Mercy-fx\\mercy-dev-studio\\node_modules\\@unrs\\resolver-binding-linux-riscv64-musl'
695 silly reify ]
696 silly reify mark retired [
696 silly reify   'C:\\Users\\Hp 1030 X360\\Documents\\Mercy-fx\\mercy-dev-studio\\node_modules\\@unrs\\resolver-binding-linux-s390x-gnu'
696 silly reify ]
697 silly reify mark retired [
697 silly reify   'C:\\Users\\Hp 1030 X360\\Documents\\Mercy-fx\\mercy-dev-studio\\node_modules\\@unrs\\resolver-binding-linux-x64-gnu'
697 silly reify ]
698 silly reify mark retired [
698 silly reify   'C:\\Users\\Hp 1030 X360\\Documents\\Mercy-fx\\mercy-dev-studio\\node_modules\\@unrs\\resolver-binding-linux-x64-musl'
698 silly reify ]
699 silly reify mark retired [
699 silly reify   'C:\\Users\\Hp 1030 X360\\Documents\\Mercy-fx\\mercy-dev-studio\\node_modules\\@unrs\\resolver-binding-openharmony-arm64'
699 silly reify ]
700 silly reify mark retired [
700 silly reify   'C:\\Users\\Hp 1030 X360\\Documents\\Mercy-fx\\mercy-dev-studio\\node_modules\\@unrs\\resolver-binding-wasm32-wasi'
700 silly reify ]
701 silly reify mark retired [
701 silly reify   'C:\\Users\\Hp 1030 X360\\Documents\\Mercy-fx\\mercy-dev-studio\\node_modules\\@unrs\\resolver-binding-win32-arm64-msvc'
701 silly reify ]
702 silly reify mark retired [
702 silly reify   'C:\\Users\\Hp 1030 X360\\Documents\\Mercy-fx\\mercy-dev-studio\\node_modules\\@unrs\\resolver-binding-win32-ia32-msvc'
702 silly reify ]
703 silly reify mark retired [
703 silly reify   'C:\\Users\\Hp 1030 X360\\Documents\\Mercy-fx\\mercy-dev-studio\\node_modules\\acorn',
703 silly reify   'C:\\Users\\Hp 1030 X360\\Documents\\Mercy-fx\\mercy-dev-studio\\node_modules\\.bin\\acorn',
703 silly reify   'C:\\Users\\Hp 1030 X360\\Documents\\Mercy-fx\\mercy-dev-studio\\node_modules\\.bin\\acorn.cmd',
703 silly reify   'C:\\Users\\Hp 1030 X360\\Documents\\Mercy-fx\\mercy-dev-studio\\node_modules\\.bin\\acorn.ps1'
703 silly reify ]
704 silly reify mark retired [
704 silly reify   'C:\\Users\\Hp 1030 X360\\Documents\\Mercy-fx\\mercy-dev-studio\\node_modules\\ansi-regex'
704 silly reify ]
705 silly reify mark retired [
705 silly reify   'C:\\Users\\Hp 1030 X360\\Documents\\Mercy-fx\\mercy-dev-studio\\node_modules\\eastasianwidth'
705 silly reify ]
706 silly reify mark retired [
706 silly reify   'C:\\Users\\Hp 1030 X360\\Documents\\Mercy-fx\\mercy-dev-studio\\node_modules\\eslint',
706 silly reify   'C:\\Users\\Hp 1030 X360\\Documents\\Mercy-fx\\mercy-dev-studio\\node_modules\\.bin\\eslint',
706 silly reify   'C:\\Users\\Hp 1030 X360\\Documents\\Mercy-fx\\mercy-dev-studio\\node_modules\\.bin\\eslint.cmd',
706 silly reify   'C:\\Users\\Hp 1030 X360\\Documents\\Mercy-fx\\mercy-dev-studio\\node_modules\\.bin\\eslint.ps1'
706 silly reify ]
707 silly reify mark retired [
707 silly reify   'C:\\Users\\Hp 1030 X360\\Documents\\Mercy-fx\\mercy-dev-studio\\node_modules\\eslint-config-next'
707 silly reify ]
708 silly reify mark retired [
708 silly reify   'C:\\Users\\Hp 1030 X360\\Documents\\Mercy-fx\\mercy-dev-studio\\node_modules\\eslint-plugin-react-hooks'
708 silly reify ]
709 silly reify mark retired [
709 silly reify   'C:\\Users\\Hp 1030 X360\\Documents\\Mercy-fx\\mercy-dev-studio\\node_modules\\eslint-scope'
709 silly reify ]
710 silly reify mark retired [
710 silly reify   'C:\\Users\\Hp 1030 X360\\Documents\\Mercy-fx\\mercy-dev-studio\\node_modules\\eslint-visitor-keys'
710 silly reify ]
711 silly reify mark retired [
711 silly reify   'C:\\Users\\Hp 1030 X360\\Documents\\Mercy-fx\\mercy-dev-studio\\node_modules\\espree'
711 silly reify ]
712 silly reify mark retired [
712 silly reify   'C:\\Users\\Hp 1030 X360\\Documents\\Mercy-fx\\mercy-dev-studio\\node_modules\\file-entry-cache'
712 silly reify ]
713 silly reify mark retired [
713 silly reify   'C:\\Users\\Hp 1030 X360\\Documents\\Mercy-fx\\mercy-dev-studio\\node_modules\\flat-cache'
713 silly reify ]
714 silly reify mark retired [
714 silly reify   'C:\\Users\\Hp 1030 X360\\Documents\\Mercy-fx\\mercy-dev-studio\\node_modules\\foreground-child'
714 silly reify ]
715 silly reify mark retired [
715 silly reify   'C:\\Users\\Hp 1030 X360\\Documents\\Mercy-fx\\mercy-dev-studio\\node_modules\\fs.realpath'
715 silly reify ]
716 silly reify mark retired [
716 silly reify   'C:\\Users\\Hp 1030 X360\\Documents\\Mercy-fx\\mercy-dev-studio\\node_modules\\glob',
716 silly reify   'C:\\Users\\Hp 1030 X360\\Documents\\Mercy-fx\\mercy-dev-studio\\node_modules\\.bin\\glob',
716 silly reify   'C:\\Users\\Hp 1030 X360\\Documents\\Mercy-fx\\mercy-dev-studio\\node_modules\\.bin\\glob.cmd',
716 silly reify   'C:\\Users\\Hp 1030 X360\\Documents\\Mercy-fx\\mercy-dev-studio\\node_modules\\.bin\\glob.ps1'
716 silly reify ]
717 silly reify mark retired [
717 silly reify   'C:\\Users\\Hp 1030 X360\\Documents\\Mercy-fx\\mercy-dev-studio\\node_modules\\globals'
717 silly reify ]
718 silly reify mark retired [
718 silly reify   'C:\\Users\\Hp 1030 X360\\Documents\\Mercy-fx\\mercy-dev-studio\\node_modules\\graphemer'
718 silly reify ]
719 silly reify mark retired [
719 silly reify   'C:\\Users\\Hp 1030 X360\\Documents\\Mercy-fx\\mercy-dev-studio\\node_modules\\inflight'
719 silly reify ]
720 silly reify mark retired [
720 silly reify   'C:\\Users\\Hp 1030 X360\\Documents\\Mercy-fx\\mercy-dev-studio\\node_modules\\inherits'
720 silly reify ]
721 silly reify mark retired [
721 silly reify   'C:\\Users\\Hp 1030 X360\\Documents\\Mercy-fx\\mercy-dev-studio\\node_modules\\is-fullwidth-code-point'
721 silly reify ]
722 silly reify mark retired [
722 silly reify   'C:\\Users\\Hp 1030 X360\\Documents\\Mercy-fx\\mercy-dev-studio\\node_modules\\is-path-inside'
722 silly reify ]
723 silly reify mark retired [
723 silly reify   'C:\\Users\\Hp 1030 X360\\Documents\\Mercy-fx\\mercy-dev-studio\\node_modules\\jackspeak'
723 silly reify ]
724 silly reify mark retired [
724 silly reify   'C:\\Users\\Hp 1030 X360\\Documents\\Mercy-fx\\mercy-dev-studio\\node_modules\\js-yaml',
724 silly reify   'C:\\Users\\Hp 1030 X360\\Documents\\Mercy-fx\\mercy-dev-studio\\node_modules\\.bin\\js-yaml',
724 silly reify   'C:\\Users\\Hp 1030 X360\\Documents\\Mercy-fx\\mercy-dev-studio\\node_modules\\.bin\\js-yaml.cmd',
724 silly reify   'C:\\Users\\Hp 1030 X360\\Documents\\Mercy-fx\\mercy-dev-studio\\node_modules\\.bin\\js-yaml.ps1'
724 silly reify ]
725 silly reify mark retired [
725 silly reify   'C:\\Users\\Hp 1030 X360\\Documents\\Mercy-fx\\mercy-dev-studio\\node_modules\\lru-cache'
725 silly reify ]
726 silly reify mark retired [
726 silly reify   'C:\\Users\\Hp 1030 X360\\Documents\\Mercy-fx\\mercy-dev-studio\\node_modules\\minipass'
726 silly reify ]
727 silly reify mark retired [
727 silly reify   'C:\\Users\\Hp 1030 X360\\Documents\\Mercy-fx\\mercy-dev-studio\\node_modules\\once'
727 silly reify ]
728 silly reify mark retired [
728 silly reify   'C:\\Users\\Hp 1030 X360\\Documents\\Mercy-fx\\mercy-dev-studio\\node_modules\\path-is-absolute'
728 silly reify ]
729 silly reify mark retired [
729 silly reify   'C:\\Users\\Hp 1030 X360\\Documents\\Mercy-fx\\mercy-dev-studio\\node_modules\\path-scurry'
729 silly reify ]
730 silly reify mark retired [
730 silly reify   'C:\\Users\\Hp 1030 X360\\Documents\\Mercy-fx\\mercy-dev-studio\\node_modules\\react'
730 silly reify ]
731 silly reify mark retired [
731 silly reify   'C:\\Users\\Hp 1030 X360\\Documents\\Mercy-fx\\mercy-dev-studio\\node_modules\\react-dom'
731 silly reify ]
732 silly reify mark retired [
732 silly reify   'C:\\Users\\Hp 1030 X360\\Documents\\Mercy-fx\\mercy-dev-studio\\node_modules\\rimraf',
732 silly reify   'C:\\Users\\Hp 1030 X360\\Documents\\Mercy-fx\\mercy-dev-studio\\node_modules\\.bin\\rimraf',
732 silly reify   'C:\\Users\\Hp 1030 X360\\Documents\\Mercy-fx\\mercy-dev-studio\\node_modules\\.bin\\rimraf.cmd',
732 silly reify   'C:\\Users\\Hp 1030 X360\\Documents\\Mercy-fx\\mercy-dev-studio\\node_modules\\.bin\\rimraf.ps1'
732 silly reify ]
733 silly reify mark retired [
733 silly reify   'C:\\Users\\Hp 1030 X360\\Documents\\Mercy-fx\\mercy-dev-studio\\node_modules\\scheduler'
733 silly reify ]
734 silly reify mark retired [
734 silly reify   'C:\\Users\\Hp 1030 X360\\Documents\\Mercy-fx\\mercy-dev-studio\\node_modules\\signal-exit'
734 silly reify ]
735 silly reify mark retired [
735 silly reify   'C:\\Users\\Hp 1030 X360\\Documents\\Mercy-fx\\mercy-dev-studio\\node_modules\\string-width'
735 silly reify ]
736 silly reify mark retired [
736 silly reify   'C:\\Users\\Hp 1030 X360\\Documents\\Mercy-fx\\mercy-dev-studio\\node_modules\\string-width-cjs'
736 silly reify ]
737 silly reify mark retired [
737 silly reify   'C:\\Users\\Hp 1030 X360\\Documents\\Mercy-fx\\mercy-dev-studio\\node_modules\\strip-ansi'
737 silly reify ]
738 silly reify mark retired [
738 silly reify   'C:\\Users\\Hp 1030 X360\\Documents\\Mercy-fx\\mercy-dev-studio\\node_modules\\strip-ansi-cjs'
738 silly reify ]
739 silly reify mark retired [
739 silly reify   'C:\\Users\\Hp 1030 X360\\Documents\\Mercy-fx\\mercy-dev-studio\\node_modules\\styled-jsx'
739 silly reify ]
740 silly reify mark retired [
740 silly reify   'C:\\Users\\Hp 1030 X360\\Documents\\Mercy-fx\\mercy-dev-studio\\node_modules\\text-table'
740 silly reify ]
741 silly reify mark retired [
741 silly reify   'C:\\Users\\Hp 1030 X360\\Documents\\Mercy-fx\\mercy-dev-studio\\node_modules\\type-fest'
741 silly reify ]
742 silly reify mark retired [
742 silly reify   'C:\\Users\\Hp 1030 X360\\Documents\\Mercy-fx\\mercy-dev-studio\\node_modules\\wrap-ansi'
742 silly reify ]
743 silly reify mark retired [
743 silly reify   'C:\\Users\\Hp 1030 X360\\Documents\\Mercy-fx\\mercy-dev-studio\\node_modules\\wrap-ansi-cjs'
743 silly reify ]
744 silly reify mark retired [
744 silly reify   'C:\\Users\\Hp 1030 X360\\Documents\\Mercy-fx\\mercy-dev-studio\\node_modules\\wrappy'
744 silly reify ]
745 silly reify mark retired [
745 silly reify   'C:\\Users\\Hp 1030 X360\\Documents\\Mercy-fx\\mercy-dev-studio\\node_modules\\@eslint\\eslintrc'
745 silly reify ]
746 silly reify mark retired [
746 silly reify   'C:\\Users\\Hp 1030 X360\\Documents\\Mercy-fx\\mercy-dev-studio\\node_modules\\@eslint\\js'
746 silly reify ]
747 silly reify mark retired [
747 silly reify   'C:\\Users\\Hp 1030 X360\\Documents\\Mercy-fx\\mercy-dev-studio\\node_modules\\@humanwhocodes\\config-array'
747 silly reify ]
748 silly reify mark retired [
748 silly reify   'C:\\Users\\Hp 1030 X360\\Documents\\Mercy-fx\\mercy-dev-studio\\node_modules\\@humanwhocodes\\object-schema'
748 silly reify ]
749 silly reify mark retired [
749 silly reify   'C:\\Users\\Hp 1030 X360\\Documents\\Mercy-fx\\mercy-dev-studio\\node_modules\\@isaacs\\cliui'
749 silly reify ]
750 silly reify mark retired [
750 silly reify   'C:\\Users\\Hp 1030 X360\\Documents\\Mercy-fx\\mercy-dev-studio\\node_modules\\@next\\env'
750 silly reify ]
751 silly reify mark retired [
751 silly reify   'C:\\Users\\Hp 1030 X360\\Documents\\Mercy-fx\\mercy-dev-studio\\node_modules\\@next\\eslint-plugin-next'
751 silly reify ]
752 silly reify mark retired [
752 silly reify   'C:\\Users\\Hp 1030 X360\\Documents\\Mercy-fx\\mercy-dev-studio\\node_modules\\@next\\swc-win32-x64-msvc'
752 silly reify ]
753 silly reify mark retired [
753 silly reify   'C:\\Users\\Hp 1030 X360\\Documents\\Mercy-fx\\mercy-dev-studio\\node_modules\\@pkgjs\\parseargs'
753 silly reify ]
754 silly reify mark retired [
754 silly reify   'C:\\Users\\Hp 1030 X360\\Documents\\Mercy-fx\\mercy-dev-studio\\node_modules\\@rushstack\\eslint-patch'
754 silly reify ]
755 silly reify mark retired [
755 silly reify   'C:\\Users\\Hp 1030 X360\\Documents\\Mercy-fx\\mercy-dev-studio\\node_modules\\@swc\\helpers'
755 silly reify ]
756 silly reify mark retired [
756 silly reify   'C:\\Users\\Hp 1030 X360\\Documents\\Mercy-fx\\mercy-dev-studio\\node_modules\\@types\\prop-types'
756 silly reify ]
757 silly reify mark retired [
757 silly reify   'C:\\Users\\Hp 1030 X360\\Documents\\Mercy-fx\\mercy-dev-studio\\node_modules\\@types\\react'
757 silly reify ]
758 silly reify mark retired [
758 silly reify   'C:\\Users\\Hp 1030 X360\\Documents\\Mercy-fx\\mercy-dev-studio\\node_modules\\@types\\react-dom'
758 silly reify ]
759 silly reify mark retired [
759 silly reify   'C:\\Users\\Hp 1030 X360\\Documents\\Mercy-fx\\mercy-dev-studio\\node_modules\\@typescript-eslint\\parser'
759 silly reify ]
760 silly reify mark retired [
760 silly reify   'C:\\Users\\Hp 1030 X360\\Documents\\Mercy-fx\\mercy-dev-studio\\node_modules\\@typescript-eslint\\eslint-plugin'
760 silly reify ]
761 silly reify mark retired [
761 silly reify   'C:\\Users\\Hp 1030 X360\\Documents\\Mercy-fx\\mercy-dev-studio\\node_modules\\@typescript-eslint\\project-service'
761 silly reify ]
762 silly reify mark retired [
762 silly reify   'C:\\Users\\Hp 1030 X360\\Documents\\Mercy-fx\\mercy-dev-studio\\node_modules\\@typescript-eslint\\scope-manager'
762 silly reify ]
763 silly reify mark retired [
763 silly reify   'C:\\Users\\Hp 1030 X360\\Documents\\Mercy-fx\\mercy-dev-studio\\node_modules\\@typescript-eslint\\tsconfig-utils'
763 silly reify ]
764 silly reify mark retired [
764 silly reify   'C:\\Users\\Hp 1030 X360\\Documents\\Mercy-fx\\mercy-dev-studio\\node_modules\\@typescript-eslint\\type-utils'
764 silly reify ]
765 silly reify mark retired [
765 silly reify   'C:\\Users\\Hp 1030 X360\\Documents\\Mercy-fx\\mercy-dev-studio\\node_modules\\@typescript-eslint\\types'
765 silly reify ]
766 silly reify mark retired [
766 silly reify   'C:\\Users\\Hp 1030 X360\\Documents\\Mercy-fx\\mercy-dev-studio\\node_modules\\@typescript-eslint\\typescript-estree'
766 silly reify ]
767 silly reify mark retired [
767 silly reify   'C:\\Users\\Hp 1030 X360\\Documents\\Mercy-fx\\mercy-dev-studio\\node_modules\\@typescript-eslint\\utils'
767 silly reify ]
768 silly reify mark retired [
768 silly reify   'C:\\Users\\Hp 1030 X360\\Documents\\Mercy-fx\\mercy-dev-studio\\node_modules\\@ungap\\structured-clone'
768 silly reify ]
769 silly reify mark retired [
769 silly reify   'C:\\Users\\Hp 1030 X360\\Documents\\Mercy-fx\\mercy-dev-studio\\node_modules\\@typescript-eslint\\visitor-keys'
769 silly reify ]
770 silly reify moves {
770 silly reify   'C:\\Users\\Hp 1030 X360\\Documents\\Mercy-fx\\mercy-dev-studio\\node_modules\\fsevents': 'C:\\Users\\Hp 1030 X360\\Documents\\Mercy-fx\\mercy-dev-studio\\node_modules\\.fsevents-GlznQZZ1',
770 silly reify   'C:\\Users\\Hp 1030 X360\\Documents\\Mercy-fx\\mercy-dev-studio\\node_modules\\lightningcss-android-arm64': 'C:\\Users\\Hp 1030 X360\\Documents\\Mercy-fx\\mercy-dev-studio\\node_modules\\.lightningcss-android-arm64-DZYbn4mQ',
770 silly reify   'C:\\Users\\Hp 1030 X360\\Documents\\Mercy-fx\\mercy-dev-studio\\node_modules\\lightningcss-darwin-arm64': 'C:\\Users\\Hp 1030 X360\\Documents\\Mercy-fx\\mercy-dev-studio\\node_modules\\.lightningcss-darwin-arm64-IpFjNDWL',
770 silly reify   'C:\\Users\\Hp 1030 X360\\Documents\\Mercy-fx\\mercy-dev-studio\\node_modules\\lightningcss-darwin-x64': 'C:\\Users\\Hp 1030 X360\\Documents\\Mercy-fx\\mercy-dev-studio\\node_modules\\.lightningcss-darwin-x64-iuLOfMUA',
770 silly reify   'C:\\Users\\Hp 1030 X360\\Documents\\Mercy-fx\\mercy-dev-studio\\node_modules\\lightningcss-freebsd-x64': 'C:\\Users\\Hp 1030 X360\\Documents\\Mercy-fx\\mercy-dev-studio\\node_modules\\.lightningcss-freebsd-x64-4wiW2iJL',
770 silly reify   'C:\\Users\\Hp 1030 X360\\Documents\\Mercy-fx\\mercy-dev-studio\\node_modules\\lightningcss-linux-arm-gnueabihf': 'C:\\Users\\Hp 1030 X360\\Documents\\Mercy-fx\\mercy-dev-studio\\node_modules\\.lightningcss-linux-arm-gnueabihf-OMOcU3Co',
770 silly reify   'C:\\Users\\Hp 1030 X360\\Documents\\Mercy-fx\\mercy-dev-studio\\node_modules\\lightningcss-linux-arm64-gnu': 'C:\\Users\\Hp 1030 X360\\Documents\\Mercy-fx\\mercy-dev-studio\\node_modules\\.lightningcss-linux-arm64-gnu-6YbtTD0J',
770 silly reify   'C:\\Users\\Hp 1030 X360\\Documents\\Mercy-fx\\mercy-dev-studio\\node_modules\\lightningcss-linux-arm64-musl': 'C:\\Users\\Hp 1030 X360\\Documents\\Mercy-fx\\mercy-dev-studio\\node_modules\\.lightningcss-linux-arm64-musl-ZEGWctL4',
770 silly reify   'C:\\Users\\Hp 1030 X360\\Documents\\Mercy-fx\\mercy-dev-studio\\node_modules\\lightningcss-linux-x64-gnu': 'C:\\Users\\Hp 1030 X360\\Documents\\Mercy-fx\\mercy-dev-studio\\node_modules\\.lightningcss-linux-x64-gnu-PKCH7cTW',
770 silly reify   'C:\\Users\\Hp 1030 X360\\Documents\\Mercy-fx\\mercy-dev-studio\\node_modules\\lightningcss-linux-x64-musl': 'C:\\Users\\Hp 1030 X360\\Documents\\Mercy-fx\\mercy-dev-studio\\node_modules\\.lightningcss-linux-x64-musl-jEYbkcHX',
770 silly reify   'C:\\Users\\Hp 1030 X360\\Documents\\Mercy-fx\\mercy-dev-studio\\node_modules\\lightningcss-win32-arm64-msvc': 'C:\\Users\\Hp 1030 X360\\Documents\\Mercy-fx\\mercy-dev-studio\\node_modules\\.lightningcss-win32-arm64-msvc-j77LVVIP',
770 silly reify   'C:\\Users\\Hp 1030 X360\\Documents\\Mercy-fx\\mercy-dev-studio\\node_modules\\next': 'C:\\Users\\Hp 1030 X360\\Documents\\Mercy-fx\\mercy-dev-studio\\node_modules\\.next-CEFlceV3',
770 silly reify   'C:\\Users\\Hp 1030 X360\\Documents\\Mercy-fx\\mercy-dev-studio\\node_modules\\@esbuild\\aix-ppc64': 'C:\\Users\\Hp 1030 X360\\Documents\\Mercy-fx\\mercy-dev-studio\\node_modules\\@esbuild\\.aix-ppc64-iV9ruu63',
770 silly reify   'C:\\Users\\Hp 1030 X360\\Documents\\Mercy-fx\\mercy-dev-studio\\node_modules\\@esbuild\\android-arm': 'C:\\Users\\Hp 1030 X360\\Documents\\Mercy-fx\\mercy-dev-studio\\node_modules\\@esbuild\\.android-arm-rSS0e31V',
770 silly reify   'C:\\Users\\Hp 1030 X360\\Documents\\Mercy-fx\\mercy-dev-studio\\node_modules\\@esbuild\\android-arm64': 'C:\\Users\\Hp 1030 X360\\Documents\\Mercy-fx\\mercy-dev-studio\\node_modules\\@esbuild\\.android-arm64-1FlJclfg',
770 silly reify   'C:\\Users\\Hp 1030 X360\\Documents\\Mercy-fx\\mercy-dev-studio\\node_modules\\@esbuild\\android-x64': 'C:\\Users\\Hp 1030 X360\\Documents\\Mercy-fx\\mercy-dev-studio\\node_modules\\@esbuild\\.android-x64-85y8OKC4',
770 silly reify   'C:\\Users\\Hp 1030 X360\\Documents\\Mercy-fx\\mercy-dev-studio\\node_modules\\@esbuild\\darwin-arm64': 'C:\\Users\\Hp 1030 X360\\Documents\\Mercy-fx\\mercy-dev-studio\\node_modules\\@esbuild\\.darwin-arm64-VcdH4dqo',
770 silly reify   'C:\\Users\\Hp 1030 X360\\Documents\\Mercy-fx\\mercy-dev-studio\\node_modules\\@esbuild\\darwin-x64': 'C:\\Users\\Hp 1030 X360\\Documents\\Mercy-fx\\mercy-dev-studio\\node_modules\\@esbuild\\.darwin-x64-87TrtzeJ',
770 silly reify   'C:\\Users\\Hp 1030 X360\\Documents\\Mercy-fx\\mercy-dev-studio\\node_modules\\@esbuild\\freebsd-arm64': 'C:\\Users\\Hp 1030 X360\\Documents\\Mercy-fx\\mercy-dev-studio\\node_modules\\@esbuild\\.freebsd-arm64-eFwwwLBw',
770 silly reify   'C:\\Users\\Hp 1030 X360\\Documents\\Mercy-fx\\mercy-dev-studio\\node_modules\\@esbuild\\freebsd-x64': 'C:\\Users\\Hp 1030 X360\\Documents\\Mercy-fx\\mercy-dev-studio\\node_modules\\@esbuild\\.freebsd-x64-HECArz0E',
770 silly reify   'C:\\Users\\Hp 1030 X360\\Documents\\Mercy-fx\\mercy-dev-studio\\node_modules\\@esbuild\\linux-arm': 'C:\\Users\\Hp 1030 X360\\Documents\\Mercy-fx\\mercy-dev-studio\\node_modules\\@esbuild\\.linux-arm-lHyoZPCC',
770 silly reify   'C:\\Users\\Hp 1030 X360\\Documents\\Mercy-fx\\mercy-dev-studio\\node_modules\\@esbuild\\linux-arm64': 'C:\\Users\\Hp 1030 X360\\Documents\\Mercy-fx\\mercy-dev-studio\\node_modules\\@esbuild\\.linux-arm64-4tu0TS4f',
770 silly reify   'C:\\Users\\Hp 1030 X360\\Documents\\Mercy-fx\\mercy-dev-studio\\node_modules\\@esbuild\\linux-ia32': 'C:\\Users\\Hp 1030 X360\\Documents\\Mercy-fx\\mercy-dev-studio\\node_modules\\@esbuild\\.linux-ia32-adVubh0j',
770 silly reify   'C:\\Users\\Hp 1030 X360\\Documents\\Mercy-fx\\mercy-dev-studio\\node_modules\\@esbuild\\linux-loong64': 'C:\\Users\\Hp 1030 X360\\Documents\\Mercy-fx\\mercy-dev-studio\\node_modules\\@esbuild\\.linux-loong64-tIv0JtkJ',
770 silly reify   'C:\\Users\\Hp 1030 X360\\Documents\\Mercy-fx\\mercy-dev-studio\\node_modules\\@esbuild\\linux-mips64el': 'C:\\Users\\Hp 1030 X360\\Documents\\Mercy-fx\\mercy-dev-studio\\node_modules\\@esbuild\\.linux-mips64el-h6Jh9g5C',
770 silly reify   'C:\\Users\\Hp 1030 X360\\Documents\\Mercy-fx\\mercy-dev-studio\\node_modules\\@esbuild\\linux-ppc64': 'C:\\Users\\Hp 1030 X360\\Documents\\Mercy-fx\\mercy-dev-studio\\node_modules\\@esbuild\\.linux-ppc64-2xwEFsFn',
770 silly reify   'C:\\Users\\Hp 1030 X360\\Documents\\Mercy-fx\\mercy-dev-studio\\node_modules\\@esbuild\\linux-riscv64': 'C:\\Users\\Hp 1030 X360\\Documents\\Mercy-fx\\mercy-dev-studio\\node_modules\\@esbuild\\.linux-riscv64-bc2tE9c4',
770 silly reify   'C:\\Users\\Hp 1030 X360\\Documents\\Mercy-fx\\mercy-dev-studio\\node_modules\\@esbuild\\linux-x64': 'C:\\Users\\Hp 1030 X360\\Documents\\Mercy-fx\\mercy-dev-studio\\node_modules\\@esbuild\\.linux-x64-9J0ZTZj2',
770 silly reify   'C:\\Users\\Hp 1030 X360\\Documents\\Mercy-fx\\mercy-dev-studio\\node_modules\\@esbuild\\linux-s390x': 'C:\\Users\\Hp 1030 X360\\Documents\\Mercy-fx\\mercy-dev-studio\\node_modules\\@esbuild\\.linux-s390x-ICjj1hsP',
770 silly reify   'C:\\Users\\Hp 1030 X360\\Documents\\Mercy-fx\\mercy-dev-studio\\node_modules\\@esbuild\\netbsd-arm64': 'C:\\Users\\Hp 1030 X360\\Documents\\Mercy-fx\\mercy-dev-studio\\node_modules\\@esbuild\\.netbsd-arm64-sijgZsJm',
770 silly reify   'C:\\Users\\Hp 1030 X360\\Documents\\Mercy-fx\\mercy-dev-studio\\node_modules\\@esbuild\\netbsd-x64': 'C:\\Users\\Hp 1030 X360\\Documents\\Mercy-fx\\mercy-dev-studio\\node_modules\\@esbuild\\.netbsd-x64-LO2Kc5rn',
770 silly reify   'C:\\Users\\Hp 1030 X360\\Documents\\Mercy-fx\\mercy-dev-studio\\node_modules\\@esbuild\\openbsd-x64': 'C:\\Users\\Hp 1030 X360\\Documents\\Mercy-fx\\mercy-dev-studio\\node_modules\\@esbuild\\.openbsd-x64-sOYssvRX',
770 silly reify   'C:\\Users\\Hp 1030 X360\\Documents\\Mercy-fx\\mercy-dev-studio\\node_modules\\@esbuild\\openbsd-arm64': 'C:\\Users\\Hp 1030 X360\\Documents\\Mercy-fx\\mercy-dev-studio\\node_modules\\@esbuild\\.openbsd-arm64-79JdH7h9',
770 silly reify   'C:\\Users\\Hp 1030 X360\\Documents\\Mercy-fx\\mercy-dev-studio\\node_modules\\@esbuild\\openharmony-arm64': 'C:\\Users\\Hp 1030 X360\\Documents\\Mercy-fx\\mercy-dev-studio\\node_modules\\@esbuild\\.openharmony-arm64-HVrBEIlq',
770 silly reify   'C:\\Users\\Hp 1030 X360\\Documents\\Mercy-fx\\mercy-dev-studio\\node_modules\\@esbuild\\sunos-x64': 'C:\\Users\\Hp 1030 X360\\Documents\\Mercy-fx\\mercy-dev-studio\\node_modules\\@esbuild\\.sunos-x64-CloLk9jV',
770 silly reify   'C:\\Users\\Hp 1030 X360\\Documents\\Mercy-fx\\mercy-dev-studio\\node_modules\\@esbuild\\win32-arm64': 'C:\\Users\\Hp 1030 X360\\Documents\\Mercy-fx\\mercy-dev-studio\\node_modules\\@esbuild\\.win32-arm64-EHZTKK5h',
770 silly reify   'C:\\Users\\Hp 1030 X360\\Documents\\Mercy-fx\\mercy-dev-studio\\node_modules\\@esbuild\\win32-ia32': 'C:\\Users\\Hp 1030 X360\\Documents\\Mercy-fx\\mercy-dev-studio\\node_modules\\@esbuild\\.win32-ia32-NadzEyk8',
770 silly reify   'C:\\Users\\Hp 1030 X360\\Documents\\Mercy-fx\\mercy-dev-studio\\node_modules\\@next\\swc-darwin-arm64': 'C:\\Users\\Hp 1030 X360\\Documents\\Mercy-fx\\mercy-dev-studio\\node_modules\\@next\\.swc-darwin-arm64-EXmBKZiZ',
770 silly reify   'C:\\Users\\Hp 1030 X360\\Documents\\Mercy-fx\\mercy-dev-studio\\node_modules\\@next\\swc-darwin-x64': 'C:\\Users\\Hp 1030 X360\\Documents\\Mercy-fx\\mercy-dev-studio\\node_modules\\@next\\.swc-darwin-x64-L3a98SQZ',
770 silly reify   'C:\\Users\\Hp 1030 X360\\Documents\\Mercy-fx\\mercy-dev-studio\\node_modules\\@next\\swc-linux-arm64-gnu': 'C:\\Users\\Hp 1030 X360\\Documents\\Mercy-fx\\mercy-dev-studio\\node_modules\\@next\\.swc-linux-arm64-gnu-kU9UnUnC',
770 silly reify   'C:\\Users\\Hp 1030 X360\\Documents\\Mercy-fx\\mercy-dev-studio\\node_modules\\@next\\swc-linux-arm64-musl': 'C:\\Users\\Hp 1030 X360\\Documents\\Mercy-fx\\mercy-dev-studio\\node_modules\\@next\\.swc-linux-arm64-musl-jbuUxr0Q',
770 silly reify   'C:\\Users\\Hp 1030 X360\\Documents\\Mercy-fx\\mercy-dev-studio\\node_modules\\@next\\swc-linux-x64-gnu': 'C:\\Users\\Hp 1030 X360\\Documents\\Mercy-fx\\mercy-dev-studio\\node_modules\\@next\\.swc-linux-x64-gnu-mbT5zwVo',
770 silly reify   'C:\\Users\\Hp 1030 X360\\Documents\\Mercy-fx\\mercy-dev-studio\\node_modules\\@next\\swc-linux-x64-musl': 'C:\\Users\\Hp 1030 X360\\Documents\\Mercy-fx\\mercy-dev-studio\\node_modules\\@next\\.swc-linux-x64-musl-arIL8kMK',
770 silly reify   'C:\\Users\\Hp 1030 X360\\Documents\\Mercy-fx\\mercy-dev-studio\\node_modules\\@next\\swc-win32-arm64-msvc': 'C:\\Users\\Hp 1030 X360\\Documents\\Mercy-fx\\mercy-dev-studio\\node_modules\\@next\\.swc-win32-arm64-msvc-LIGG48WK',
770 silly reify   'C:\\Users\\Hp 1030 X360\\Documents\\Mercy-fx\\mercy-dev-studio\\node_modules\\@next\\swc-win32-ia32-msvc': 'C:\\Users\\Hp 1030 X360\\Documents\\Mercy-fx\\mercy-dev-studio\\node_modules\\@next\\.swc-win32-ia32-msvc-vmxR8lUx',
770 silly reify   'C:\\Users\\Hp 1030 X360\\Documents\\Mercy-fx\\mercy-dev-studio\\node_modules\\@tailwindcss\\oxide-android-arm64': 'C:\\Users\\Hp 1030 X360\\Documents\\Mercy-fx\\mercy-dev-studio\\node_modules\\@tailwindcss\\.oxide-android-arm64-Kkz6yFsY',
770 silly reify   'C:\\Users\\Hp 1030 X360\\Documents\\Mercy-fx\\mercy-dev-studio\\node_modules\\@tailwindcss\\oxide-darwin-arm64': 'C:\\Users\\Hp 1030 X360\\Documents\\Mercy-fx\\mercy-dev-studio\\node_modules\\@tailwindcss\\.oxide-darwin-arm64-nwPioc0K',
770 silly reify   'C:\\Users\\Hp 1030 X360\\Documents\\Mercy-fx\\mercy-dev-studio\\node_modules\\@tailwindcss\\oxide-darwin-x64': 'C:\\Users\\Hp 1030 X360\\Documents\\Mercy-fx\\mercy-dev-studio\\node_modules\\@tailwindcss\\.oxide-darwin-x64-QepUsMGY',
770 silly reify   'C:\\Users\\Hp 1030 X360\\Documents\\Mercy-fx\\mercy-dev-studio\\node_modules\\@tailwindcss\\oxide-freebsd-x64': 'C:\\Users\\Hp 1030 X360\\Documents\\Mercy-fx\\mercy-dev-studio\\node_modules\\@tailwindcss\\.oxide-freebsd-x64-GGd8KuID',
770 silly reify   'C:\\Users\\Hp 1030 X360\\Documents\\Mercy-fx\\mercy-dev-studio\\node_modules\\@tailwindcss\\oxide-linux-arm-gnueabihf': 'C:\\Users\\Hp 1030 X360\\Documents\\Mercy-fx\\mercy-dev-studio\\node_modules\\@tailwindcss\\.oxide-linux-arm-gnueabihf-IdoIlrgo',
770 silly reify   'C:\\Users\\Hp 1030 X360\\Documents\\Mercy-fx\\mercy-dev-studio\\node_modules\\@tailwindcss\\oxide-linux-arm64-gnu': 'C:\\Users\\Hp 1030 X360\\Documents\\Mercy-fx\\mercy-dev-studio\\node_modules\\@tailwindcss\\.oxide-linux-arm64-gnu-nFZDlcLR',
770 silly reify   'C:\\Users\\Hp 1030 X360\\Documents\\Mercy-fx\\mercy-dev-studio\\node_modules\\@tailwindcss\\oxide-linux-arm64-musl': 'C:\\Users\\Hp 1030 X360\\Documents\\Mercy-fx\\mercy-dev-studio\\node_modules\\@tailwindcss\\.oxide-linux-arm64-musl-0doaJF6C',
770 silly reify   'C:\\Users\\Hp 1030 X360\\Documents\\Mercy-fx\\mercy-dev-studio\\node_modules\\@tailwindcss\\oxide-linux-x64-gnu': 'C:\\Users\\Hp 1030 X360\\Documents\\Mercy-fx\\mercy-dev-studio\\node_modules\\@tailwindcss\\.oxide-linux-x64-gnu-Zk6RrsfV',
770 silly reify   'C:\\Users\\Hp 1030 X360\\Documents\\Mercy-fx\\mercy-dev-studio\\node_modules\\@tailwindcss\\oxide-linux-x64-musl': 'C:\\Users\\Hp 1030 X360\\Documents\\Mercy-fx\\mercy-dev-studio\\node_modules\\@tailwindcss\\.oxide-linux-x64-musl-tKsyas7w',
770 silly reify   'C:\\Users\\Hp 1030 X360\\Documents\\Mercy-fx\\mercy-dev-studio\\node_modules\\@tailwindcss\\oxide-wasm32-wasi': 'C:\\Users\\Hp 1030 X360\\Documents\\Mercy-fx\\mercy-dev-studio\\node_modules\\@tailwindcss\\.oxide-wasm32-wasi-Srj8fDS0',
770 silly reify   'C:\\Users\\Hp 1030 X360\\Documents\\Mercy-fx\\mercy-dev-studio\\node_modules\\@tailwindcss\\oxide-win32-arm64-msvc': 'C:\\Users\\Hp 1030 X360\\Documents\\Mercy-fx\\mercy-dev-studio\\node_modules\\@tailwindcss\\.oxide-win32-arm64-msvc-sU6JfLs6',
770 silly reify   'C:\\Users\\Hp 1030 X360\\Documents\\Mercy-fx\\mercy-dev-studio\\node_modules\\@unrs\\resolver-binding-android-arm-eabi': 'C:\\Users\\Hp 1030 X360\\Documents\\Mercy-fx\\mercy-dev-studio\\node_modules\\@unrs\\.resolver-binding-android-arm-eabi-zDHXm7fd',
770 silly reify   'C:\\Users\\Hp 1030 X360\\Documents\\Mercy-fx\\mercy-dev-studio\\node_modules\\@unrs\\resolver-binding-android-arm64': 'C:\\Users\\Hp 1030 X360\\Documents\\Mercy-fx\\mercy-dev-studio\\node_modules\\@unrs\\.resolver-binding-android-arm64-PuqOMUYg',
770 silly reify   'C:\\Users\\Hp 1030 X360\\Documents\\Mercy-fx\\mercy-dev-studio\\node_modules\\@unrs\\resolver-binding-darwin-arm64': 'C:\\Users\\Hp 1030 X360\\Documents\\Mercy-fx\\mercy-dev-studio\\node_modules\\@unrs\\.resolver-binding-darwin-arm64-DaSdJqaS',
770 silly reify   'C:\\Users\\Hp 1030 X360\\Documents\\Mercy-fx\\mercy-dev-studio\\node_modules\\@unrs\\resolver-binding-darwin-x64': 'C:\\Users\\Hp 1030 X360\\Documents\\Mercy-fx\\mercy-dev-studio\\node_modules\\@unrs\\.resolver-binding-darwin-x64-60qyX2DN',
770 silly reify   'C:\\Users\\Hp 1030 X360\\Documents\\Mercy-fx\\mercy-dev-studio\\node_modules\\@unrs\\resolver-binding-freebsd-x64': 'C:\\Users\\Hp 1030 X360\\Documents\\Mercy-fx\\mercy-dev-studio\\node_modules\\@unrs\\.resolver-binding-freebsd-x64-4fTsarBW',
770 silly reify   'C:\\Users\\Hp 1030 X360\\Documents\\Mercy-fx\\mercy-dev-studio\\node_modules\\@unrs\\resolver-binding-linux-arm-gnueabihf': 'C:\\Users\\Hp 1030 X360\\Documents\\Mercy-fx\\mercy-dev-studio\\node_modules\\@unrs\\.resolver-binding-linux-arm-gnueabihf-5MsgMNmp',
770 silly reify   'C:\\Users\\Hp 1030 X360\\Documents\\Mercy-fx\\mercy-dev-studio\\node_modules\\@unrs\\resolver-binding-linux-arm-musleabihf': 'C:\\Users\\Hp 1030 X360\\Documents\\Mercy-fx\\mercy-dev-studio\\node_modules\\@unrs\\.resolver-binding-linux-arm-musleabihf-RJqznIcj',
770 silly reify   'C:\\Users\\Hp 1030 X360\\Documents\\Mercy-fx\\mercy-dev-studio\\node_modules\\@unrs\\resolver-binding-linux-arm64-gnu': 'C:\\Users\\Hp 1030 X360\\Documents\\Mercy-fx\\mercy-dev-studio\\node_modules\\@unrs\\.resolver-binding-linux-arm64-gnu-oKtTlgwl',
770 silly reify   'C:\\Users\\Hp 1030 X360\\Documents\\Mercy-fx\\mercy-dev-studio\\node_modules\\@unrs\\resolver-binding-linux-arm64-musl': 'C:\\Users\\Hp 1030 X360\\Documents\\Mercy-fx\\mercy-dev-studio\\node_modules\\@unrs\\.resolver-binding-linux-arm64-musl-WFLOaGUH',
770 silly reify   'C:\\Users\\Hp 1030 X360\\Documents\\Mercy-fx\\mercy-dev-studio\\node_modules\\@unrs\\resolver-binding-linux-loong64-gnu': 'C:\\Users\\Hp 1030 X360\\Documents\\Mercy-fx\\mercy-dev-studio\\node_modules\\@unrs\\.resolver-binding-linux-loong64-gnu-2FviaQsi',
770 silly reify   'C:\\Users\\Hp 1030 X360\\Documents\\Mercy-fx\\mercy-dev-studio\\node_modules\\@unrs\\resolver-binding-linux-loong64-musl': 'C:\\Users\\Hp 1030 X360\\Documents\\Mercy-fx\\mercy-dev-studio\\node_modules\\@unrs\\.resolver-binding-linux-loong64-musl-3NCf1oLO',
770 silly reify   'C:\\Users\\Hp 1030 X360\\Documents\\Mercy-fx\\mercy-dev-studio\\node_modules\\@unrs\\resolver-binding-linux-ppc64-gnu': 'C:\\Users\\Hp 1030 X360\\Documents\\Mercy-fx\\mercy-dev-studio\\node_modules\\@unrs\\.resolver-binding-linux-ppc64-gnu-vphg0Ich',
770 silly reify   'C:\\Users\\Hp 1030 X360\\Documents\\Mercy-fx\\mercy-dev-studio\\node_modules\\@unrs\\resolver-binding-linux-riscv64-gnu': 'C:\\Users\\Hp 1030 X360\\Documents\\Mercy-fx\\mercy-dev-studio\\node_modules\\@unrs\\.resolver-binding-linux-riscv64-gnu-zXoi7kEn',
770 silly reify   'C:\\Users\\Hp 1030 X360\\Documents\\Mercy-fx\\mercy-dev-studio\\node_modules\\@unrs\\resolver-binding-linux-riscv64-musl': 'C:\\Users\\Hp 1030 X360\\Documents\\Mercy-fx\\mercy-dev-studio\\node_modules\\@unrs\\.resolver-binding-linux-riscv64-musl-3jVVhkxw',
770 silly reify   'C:\\Users\\Hp 1030 X360\\Documents\\Mercy-fx\\mercy-dev-studio\\node_modules\\@unrs\\resolver-binding-linux-s390x-gnu': 'C:\\Users\\Hp 1030 X360\\Documents\\Mercy-fx\\mercy-dev-studio\\node_modules\\@unrs\\.resolver-binding-linux-s390x-gnu-sf3KmPcC',
770 silly reify   'C:\\Users\\Hp 1030 X360\\Documents\\Mercy-fx\\mercy-dev-studio\\node_modules\\@unrs\\resolver-binding-linux-x64-gnu': 'C:\\Users\\Hp 1030 X360\\Documents\\Mercy-fx\\mercy-dev-studio\\node_modules\\@unrs\\.resolver-binding-linux-x64-gnu-iyzMYP0f',
770 silly reify   'C:\\Users\\Hp 1030 X360\\Documents\\Mercy-fx\\mercy-dev-studio\\node_modules\\@unrs\\resolver-binding-linux-x64-musl': 'C:\\Users\\Hp 1030 X360\\Documents\\Mercy-fx\\mercy-dev-studio\\node_modules\\@unrs\\.resolver-binding-linux-x64-musl-TLdzqQDn',
770 silly reify   'C:\\Users\\Hp 1030 X360\\Documents\\Mercy-fx\\mercy-dev-studio\\node_modules\\@unrs\\resolver-binding-openharmony-arm64': 'C:\\Users\\Hp 1030 X360\\Documents\\Mercy-fx\\mercy-dev-studio\\node_modules\\@unrs\\.resolver-binding-openharmony-arm64-PQZ2hTiM',
770 silly reify   'C:\\Users\\Hp 1030 X360\\Documents\\Mercy-fx\\mercy-dev-studio\\node_modules\\@unrs\\resolver-binding-wasm32-wasi': 'C:\\Users\\Hp 1030 X360\\Documents\\Mercy-fx\\mercy-dev-studio\\node_modules\\@unrs\\.resolver-binding-wasm32-wasi-KifdBNzi',
770 silly reify   'C:\\Users\\Hp 1030 X360\\Documents\\Mercy-fx\\mercy-dev-studio\\node_modules\\@unrs\\resolver-binding-win32-arm64-msvc': 'C:\\Users\\Hp 1030 X360\\Documents\\Mercy-fx\\mercy-dev-studio\\node_modules\\@unrs\\.resolver-binding-win32-arm64-msvc-s4RFl9Eq',
770 silly reify   'C:\\Users\\Hp 1030 X360\\Documents\\Mercy-fx\\mercy-dev-studio\\node_modules\\@unrs\\resolver-binding-win32-ia32-msvc': 'C:\\Users\\Hp 1030 X360\\Documents\\Mercy-fx\\mercy-dev-studio\\node_modules\\@unrs\\.resolver-binding-win32-ia32-msvc-GIJRx9dG',
770 silly reify   'C:\\Users\\Hp 1030 X360\\Documents\\Mercy-fx\\mercy-dev-studio\\node_modules\\acorn': 'C:\\Users\\Hp 1030 X360\\Documents\\Mercy-fx\\mercy-dev-studio\\node_modules\\.acorn-0sWPXVKB',
770 silly reify   'C:\\Users\\Hp 1030 X360\\Documents\\Mercy-fx\\mercy-dev-studio\\node_modules\\.bin\\acorn': 'C:\\Users\\Hp 1030 X360\\Documents\\Mercy-fx\\mercy-dev-studio\\node_modules\\.bin\\.acorn-sdbXqQeE',
770 silly reify   'C:\\Users\\Hp 1030 X360\\Documents\\Mercy-fx\\mercy-dev-studio\\node_modules\\.bin\\acorn.cmd': 'C:\\Users\\Hp 1030 X360\\Documents\\Mercy-fx\\mercy-dev-studio\\node_modules\\.bin\\.acorn.cmd-rJVmJ0Rc',
770 silly reify   'C:\\Users\\Hp 1030 X360\\Documents\\Mercy-fx\\mercy-dev-studio\\node_modules\\.bin\\acorn.ps1': 'C:\\Users\\Hp 1030 X360\\Documents\\Mercy-fx\\mercy-dev-studio\\node_modules\\.bin\\.acorn.ps1-K6qiMEMX',
770 silly reify   'C:\\Users\\Hp 1030 X360\\Documents\\Mercy-fx\\mercy-dev-studio\\node_modules\\ansi-regex': 'C:\\Users\\Hp 1030 X360\\Documents\\Mercy-fx\\mercy-dev-studio\\node_modules\\.ansi-regex-qzoPI4Du',
770 silly reify   'C:\\Users\\Hp 1030 X360\\Documents\\Mercy-fx\\mercy-dev-studio\\node_modules\\eastasianwidth': 'C:\\Users\\Hp 1030 X360\\Documents\\Mercy-fx\\mercy-dev-studio\\node_modules\\.eastasianwidth-uOlbD1hT',
770 silly reify   'C:\\Users\\Hp 1030 X360\\Documents\\Mercy-fx\\mercy-dev-studio\\node_modules\\eslint': 'C:\\Users\\Hp 1030 X360\\Documents\\Mercy-fx\\mercy-dev-studio\\node_modules\\.eslint-yhGRD7ui',
770 silly reify   'C:\\Users\\Hp 1030 X360\\Documents\\Mercy-fx\\mercy-dev-studio\\node_modules\\.bin\\eslint': 'C:\\Users\\Hp 1030 X360\\Documents\\Mercy-fx\\mercy-dev-studio\\node_modules\\.bin\\.eslint-lhkDLkEI',
770 silly reify   'C:\\Users\\Hp 1030 X360\\Documents\\Mercy-fx\\mercy-dev-studio\\node_modules\\.bin\\eslint.cmd': 'C:\\Users\\Hp 1030 X360\\Documents\\Mercy-fx\\mercy-dev-studio\\node_modules\\.bin\\.eslint.cmd-0nGvEdE6',
770 silly reify   'C:\\Users\\Hp 1030 X360\\Documents\\Mercy-fx\\mercy-dev-studio\\node_modules\\.bin\\eslint.ps1': 'C:\\Users\\Hp 1030 X360\\Documents\\Mercy-fx\\mercy-dev-studio\\node_modules\\.bin\\.eslint.ps1-GainEj04',
770 silly reify   'C:\\Users\\Hp 1030 X360\\Documents\\Mercy-fx\\mercy-dev-studio\\node_modules\\eslint-config-next': 'C:\\Users\\Hp 1030 X360\\Documents\\Mercy-fx\\mercy-dev-studio\\node_modules\\.eslint-config-next-VHQ9p6TX',
770 silly reify   'C:\\Users\\Hp 1030 X360\\Documents\\Mercy-fx\\mercy-dev-studio\\node_modules\\eslint-plugin-react-hooks': 'C:\\Users\\Hp 1030 X360\\Documents\\Mercy-fx\\mercy-dev-studio\\node_modules\\.eslint-plugin-react-hooks-EHu9TmZo',
770 silly reify   'C:\\Users\\Hp 1030 X360\\Documents\\Mercy-fx\\mercy-dev-studio\\node_modules\\eslint-scope': 'C:\\Users\\Hp 1030 X360\\Documents\\Mercy-fx\\mercy-dev-studio\\node_modules\\.eslint-scope-FACQe0tj',
770 silly reify   'C:\\Users\\Hp 1030 X360\\Documents\\Mercy-fx\\mercy-dev-studio\\node_modules\\eslint-visitor-keys': 'C:\\Users\\Hp 1030 X360\\Documents\\Mercy-fx\\mercy-dev-studio\\node_modules\\.eslint-visitor-keys-VYmB3M3d',
770 silly reify   'C:\\Users\\Hp 1030 X360\\Documents\\Mercy-fx\\mercy-dev-studio\\node_modules\\espree': 'C:\\Users\\Hp 1030 X360\\Documents\\Mercy-fx\\mercy-dev-studio\\node_modules\\.espree-h7mHlMmE',
770 silly reify   'C:\\Users\\Hp 1030 X360\\Documents\\Mercy-fx\\mercy-dev-studio\\node_modules\\file-entry-cache': 'C:\\Users\\Hp 1030 X360\\Documents\\Mercy-fx\\mercy-dev-studio\\node_modules\\.file-entry-cache-877v8mlF',
770 silly reify   'C:\\Users\\Hp 1030 X360\\Documents\\Mercy-fx\\mercy-dev-studio\\node_modules\\flat-cache': 'C:\\Users\\Hp 1030 X360\\Documents\\Mercy-fx\\mercy-dev-studio\\node_modules\\.flat-cache-f8x5mxCD',
770 silly reify   'C:\\Users\\Hp 1030 X360\\Documents\\Mercy-fx\\mercy-dev-studio\\node_modules\\foreground-child': 'C:\\Users\\Hp 1030 X360\\Documents\\Mercy-fx\\mercy-dev-studio\\node_modules\\.foreground-child-jzsRmncQ',
770 silly reify   'C:\\Users\\Hp 1030 X360\\Documents\\Mercy-fx\\mercy-dev-studio\\node_modules\\fs.realpath': 'C:\\Users\\Hp 1030 X360\\Documents\\Mercy-fx\\mercy-dev-studio\\node_modules\\.fs.realpath-qLL7dtvO',
770 silly reify   'C:\\Users\\Hp 1030 X360\\Documents\\Mercy-fx\\mercy-dev-studio\\node_modules\\glob': 'C:\\Users\\Hp 1030 X360\\Documents\\Mercy-fx\\mercy-dev-studio\\node_modules\\.glob-afQiIvwv',
770 silly reify   'C:\\Users\\Hp 1030 X360\\Documents\\Mercy-fx\\mercy-dev-studio\\node_modules\\.bin\\glob': 'C:\\Users\\Hp 1030 X360\\Documents\\Mercy-fx\\mercy-dev-studio\\node_modules\\.bin\\.glob-JYCSBr4W',
770 silly reify   'C:\\Users\\Hp 1030 X360\\Documents\\Mercy-fx\\mercy-dev-studio\\node_modules\\.bin\\glob.cmd': 'C:\\Users\\Hp 1030 X360\\Documents\\Mercy-fx\\mercy-dev-studio\\node_modules\\.bin\\.glob.cmd-XAqJXRpp',
770 silly reify   'C:\\Users\\Hp 1030 X360\\Documents\\Mercy-fx\\mercy-dev-studio\\node_modules\\.bin\\glob.ps1': 'C:\\Users\\Hp 1030 X360\\Documents\\Mercy-fx\\mercy-dev-studio\\node_modules\\.bin\\.glob.ps1-JzTEnVap',
770 silly reify   'C:\\Users\\Hp 1030 X360\\Documents\\Mercy-fx\\mercy-dev-studio\\node_modules\\globals': 'C:\\Users\\Hp 1030 X360\\Documents\\Mercy-fx\\mercy-dev-studio\\node_modules\\.globals-8hQxiLy0',
770 silly reify   'C:\\Users\\Hp 1030 X360\\Documents\\Mercy-fx\\mercy-dev-studio\\node_modules\\graphemer': 'C:\\Users\\Hp 1030 X360\\Documents\\Mercy-fx\\mercy-dev-studio\\node_modules\\.graphemer-x0I1GkA3',
770 silly reify   'C:\\Users\\Hp 1030 X360\\Documents\\Mercy-fx\\mercy-dev-studio\\node_modules\\inflight': 'C:\\Users\\Hp 1030 X360\\Documents\\Mercy-fx\\mercy-dev-studio\\node_modules\\.inflight-dYdSUU4m',
770 silly reify   'C:\\Users\\Hp 1030 X360\\Documents\\Mercy-fx\\mercy-dev-studio\\node_modules\\inherits': 'C:\\Users\\Hp 1030 X360\\Documents\\Mercy-fx\\mercy-dev-studio\\node_modules\\.inherits-MhRT2rjQ',
770 silly reify   'C:\\Users\\Hp 1030 X360\\Documents\\Mercy-fx\\mercy-dev-studio\\node_modules\\is-fullwidth-code-point': 'C:\\Users\\Hp 1030 X360\\Documents\\Mercy-fx\\mercy-dev-studio\\node_modules\\.is-fullwidth-code-point-TgCstDTD',
770 silly reify   'C:\\Users\\Hp 1030 X360\\Documents\\Mercy-fx\\mercy-dev-studio\\node_modules\\is-path-inside': 'C:\\Users\\Hp 1030 X360\\Documents\\Mercy-fx\\mercy-dev-studio\\node_modules\\.is-path-inside-T86gXwlQ',
770 silly reify   'C:\\Users\\Hp 1030 X360\\Documents\\Mercy-fx\\mercy-dev-studio\\node_modules\\jackspeak': 'C:\\Users\\Hp 1030 X360\\Documents\\Mercy-fx\\mercy-dev-studio\\node_modules\\.jackspeak-C4lusjZY',
770 silly reify   'C:\\Users\\Hp 1030 X360\\Documents\\Mercy-fx\\mercy-dev-studio\\node_modules\\js-yaml': 'C:\\Users\\Hp 1030 X360\\Documents\\Mercy-fx\\mercy-dev-studio\\node_modules\\.js-yaml-Vi3yxkyH',
770 silly reify   'C:\\Users\\Hp 1030 X360\\Documents\\Mercy-fx\\mercy-dev-studio\\node_modules\\.bin\\js-yaml': 'C:\\Users\\Hp 1030 X360\\Documents\\Mercy-fx\\mercy-dev-studio\\node_modules\\.bin\\.js-yaml-KwsDA7kJ',
770 silly reify   'C:\\Users\\Hp 1030 X360\\Documents\\Mercy-fx\\mercy-dev-studio\\node_modules\\.bin\\js-yaml.cmd': 'C:\\Users\\Hp 1030 X360\\Documents\\Mercy-fx\\mercy-dev-studio\\node_modules\\.bin\\.js-yaml.cmd-78vsuGY3',
770 silly reify   'C:\\Users\\Hp 1030 X360\\Documents\\Mercy-fx\\mercy-dev-studio\\node_modules\\.bin\\js-yaml.ps1': 'C:\\Users\\Hp 1030 X360\\Documents\\Mercy-fx\\mercy-dev-studio\\node_modules\\.bin\\.js-yaml.ps1-YJwlJ2pX',
770 silly reify   'C:\\Users\\Hp 1030 X360\\Documents\\Mercy-fx\\mercy-dev-studio\\node_modules\\lru-cache': 'C:\\Users\\Hp 1030 X360\\Documents\\Mercy-fx\\mercy-dev-studio\\node_modules\\.lru-cache-28Oy7HVh',
770 silly reify   'C:\\Users\\Hp 1030 X360\\Documents\\Mercy-fx\\mercy-dev-studio\\node_modules\\minipass': 'C:\\Users\\Hp 1030 X360\\Documents\\Mercy-fx\\mercy-dev-studio\\node_modules\\.minipass-NWQvspp7',
770 silly reify   'C:\\Users\\Hp 1030 X360\\Documents\\Mercy-fx\\mercy-dev-studio\\node_modules\\once': 'C:\\Users\\Hp 1030 X360\\Documents\\Mercy-fx\\mercy-dev-studio\\node_modules\\.once-n32pgiW0',
770 silly reify   'C:\\Users\\Hp 1030 X360\\Documents\\Mercy-fx\\mercy-dev-studio\\node_modules\\path-is-absolute': 'C:\\Users\\Hp 1030 X360\\Documents\\Mercy-fx\\mercy-dev-studio\\node_modules\\.path-is-absolute-SlYSWRMN',
770 silly reify   'C:\\Users\\Hp 1030 X360\\Documents\\Mercy-fx\\mercy-dev-studio\\node_modules\\path-scurry': 'C:\\Users\\Hp 1030 X360\\Documents\\Mercy-fx\\mercy-dev-studio\\node_modules\\.path-scurry-zNRdC0f4',
770 silly reify   'C:\\Users\\Hp 1030 X360\\Documents\\Mercy-fx\\mercy-dev-studio\\node_modules\\react': 'C:\\Users\\Hp 1030 X360\\Documents\\Mercy-fx\\mercy-dev-studio\\node_modules\\.react-gHKGfcsf',
770 silly reify   'C:\\Users\\Hp 1030 X360\\Documents\\Mercy-fx\\mercy-dev-studio\\node_modules\\react-dom': 'C:\\Users\\Hp 1030 X360\\Documents\\Mercy-fx\\mercy-dev-studio\\node_modules\\.react-dom-WHr44e36',
770 silly reify   'C:\\Users\\Hp 1030 X360\\Documents\\Mercy-fx\\mercy-dev-studio\\node_modules\\rimraf': 'C:\\Users\\Hp 1030 X360\\Documents\\Mercy-fx\\mercy-dev-studio\\node_modules\\.rimraf-VRRV7Z3c',
770 silly reify   'C:\\Users\\Hp 1030 X360\\Documents\\Mercy-fx\\mercy-dev-studio\\node_modules\\.bin\\rimraf': 'C:\\Users\\Hp 1030 X360\\Documents\\Mercy-fx\\mercy-dev-studio\\node_modules\\.bin\\.rimraf-b5kPexEq',
770 silly reify   'C:\\Users\\Hp 1030 X360\\Documents\\Mercy-fx\\mercy-dev-studio\\node_modules\\.bin\\rimraf.cmd': 'C:\\Users\\Hp 1030 X360\\Documents\\Mercy-fx\\mercy-dev-studio\\node_modules\\.bin\\.rimraf.cmd-MCrh9pQd',
770 silly reify   'C:\\Users\\Hp 1030 X360\\Documents\\Mercy-fx\\mercy-dev-studio\\node_modules\\.bin\\rimraf.ps1': 'C:\\Users\\Hp 1030 X360\\Documents\\Mercy-fx\\mercy-dev-studio\\node_modules\\.bin\\.rimraf.ps1-YHqbtbno',
770 silly reify   'C:\\Users\\Hp 1030 X360\\Documents\\Mercy-fx\\mercy-dev-studio\\node_modules\\scheduler': 'C:\\Users\\Hp 1030 X360\\Documents\\Mercy-fx\\mercy-dev-studio\\node_modules\\.scheduler-8X5ay0tK',
770 silly reify   'C:\\Users\\Hp 1030 X360\\Documents\\Mercy-fx\\mercy-dev-studio\\node_modules\\signal-exit': 'C:\\Users\\Hp 1030 X360\\Documents\\Mercy-fx\\mercy-dev-studio\\node_modules\\.signal-exit-VqszPVva',
770 silly reify   'C:\\Users\\Hp 1030 X360\\Documents\\Mercy-fx\\mercy-dev-studio\\node_modules\\string-width': 'C:\\Users\\Hp 1030 X360\\Documents\\Mercy-fx\\mercy-dev-studio\\node_modules\\.string-width-B3nCnvCC',
770 silly reify   'C:\\Users\\Hp 1030 X360\\Documents\\Mercy-fx\\mercy-dev-studio\\node_modules\\string-width-cjs': 'C:\\Users\\Hp 1030 X360\\Documents\\Mercy-fx\\mercy-dev-studio\\node_modules\\.string-width-cjs-av7tJoqV',
770 silly reify   'C:\\Users\\Hp 1030 X360\\Documents\\Mercy-fx\\mercy-dev-studio\\node_modules\\strip-ansi': 'C:\\Users\\Hp 1030 X360\\Documents\\Mercy-fx\\mercy-dev-studio\\node_modules\\.strip-ansi-8lt6i3aU',
770 silly reify   'C:\\Users\\Hp 1030 X360\\Documents\\Mercy-fx\\mercy-dev-studio\\node_modules\\strip-ansi-cjs': 'C:\\Users\\Hp 1030 X360\\Documents\\Mercy-fx\\mercy-dev-studio\\node_modules\\.strip-ansi-cjs-37KVDtB6',
770 silly reify   'C:\\Users\\Hp 1030 X360\\Documents\\Mercy-fx\\mercy-dev-studio\\node_modules\\styled-jsx': 'C:\\Users\\Hp 1030 X360\\Documents\\Mercy-fx\\mercy-dev-studio\\node_modules\\.styled-jsx-PCqsHFzn',
770 silly reify   'C:\\Users\\Hp 1030 X360\\Documents\\Mercy-fx\\mercy-dev-studio\\node_modules\\text-table': 'C:\\Users\\Hp 1030 X360\\Documents\\Mercy-fx\\mercy-dev-studio\\node_modules\\.text-table-3jXahV66',
770 silly reify   'C:\\Users\\Hp 1030 X360\\Documents\\Mercy-fx\\mercy-dev-studio\\node_modules\\type-fest': 'C:\\Users\\Hp 1030 X360\\Documents\\Mercy-fx\\mercy-dev-studio\\node_modules\\.type-fest-BNbfodqQ',
770 silly reify   'C:\\Users\\Hp 1030 X360\\Documents\\Mercy-fx\\mercy-dev-studio\\node_modules\\wrap-ansi': 'C:\\Users\\Hp 1030 X360\\Documents\\Mercy-fx\\mercy-dev-studio\\node_modules\\.wrap-ansi-okZ4rB1W',
770 silly reify   'C:\\Users\\Hp 1030 X360\\Documents\\Mercy-fx\\mercy-dev-studio\\node_modules\\wrap-ansi-cjs': 'C:\\Users\\Hp 1030 X360\\Documents\\Mercy-fx\\mercy-dev-studio\\node_modules\\.wrap-ansi-cjs-cu3mOW8M',
770 silly reify   'C:\\Users\\Hp 1030 X360\\Documents\\Mercy-fx\\mercy-dev-studio\\node_modules\\wrappy': 'C:\\Users\\Hp 1030 X360\\Documents\\Mercy-fx\\mercy-dev-studio\\node_modules\\.wrappy-F2AXEQ41',
770 silly reify   'C:\\Users\\Hp 1030 X360\\Documents\\Mercy-fx\\mercy-dev-studio\\node_modules\\@eslint\\eslintrc': 'C:\\Users\\Hp 1030 X360\\Documents\\Mercy-fx\\mercy-dev-studio\\node_modules\\@eslint\\.eslintrc-cFP07Eg3',
770 silly reify   'C:\\Users\\Hp 1030 X360\\Documents\\Mercy-fx\\mercy-dev-studio\\node_modules\\@eslint\\js': 'C:\\Users\\Hp 1030 X360\\Documents\\Mercy-fx\\mercy-dev-studio\\node_modules\\@eslint\\.js-VQSFmrHs',
770 silly reify   'C:\\Users\\Hp 1030 X360\\Documents\\Mercy-fx\\mercy-dev-studio\\node_modules\\@humanwhocodes\\config-array': 'C:\\Users\\Hp 1030 X360\\Documents\\Mercy-fx\\mercy-dev-studio\\node_modules\\@humanwhocodes\\.config-array-8WNI5X5V',
770 silly reify   'C:\\Users\\Hp 1030 X360\\Documents\\Mercy-fx\\mercy-dev-studio\\node_modules\\@humanwhocodes\\object-schema': 'C:\\Users\\Hp 1030 X360\\Documents\\Mercy-fx\\mercy-dev-studio\\node_modules\\@humanwhocodes\\.object-schema-ddcJlC7V',
770 silly reify   'C:\\Users\\Hp 1030 X360\\Documents\\Mercy-fx\\mercy-dev-studio\\node_modules\\@isaacs\\cliui': 'C:\\Users\\Hp 1030 X360\\Documents\\Mercy-fx\\mercy-dev-studio\\node_modules\\@isaacs\\.cliui-4Srt3DUJ',
770 silly reify   'C:\\Users\\Hp 1030 X360\\Documents\\Mercy-fx\\mercy-dev-studio\\node_modules\\@next\\env': 'C:\\Users\\Hp 1030 X360\\Documents\\Mercy-fx\\mercy-dev-studio\\node_modules\\@next\\.env-N3UWPwYc',
770 silly reify   'C:\\Users\\Hp 1030 X360\\Documents\\Mercy-fx\\mercy-dev-studio\\node_modules\\@next\\eslint-plugin-next': 'C:\\Users\\Hp 1030 X360\\Documents\\Mercy-fx\\mercy-dev-studio\\node_modules\\@next\\.eslint-plugin-next-ogdun4gc',
770 silly reify   'C:\\Users\\Hp 1030 X360\\Documents\\Mercy-fx\\mercy-dev-studio\\node_modules\\@next\\swc-win32-x64-msvc': 'C:\\Users\\Hp 1030 X360\\Documents\\Mercy-fx\\mercy-dev-studio\\node_modules\\@next\\.swc-win32-x64-msvc-jCkBDchM',
770 silly reify   'C:\\Users\\Hp 1030 X360\\Documents\\Mercy-fx\\mercy-dev-studio\\node_modules\\@pkgjs\\parseargs': 'C:\\Users\\Hp 1030 X360\\Documents\\Mercy-fx\\mercy-dev-studio\\node_modules\\@pkgjs\\.parseargs-GimlKg4y',
770 silly reify   'C:\\Users\\Hp 1030 X360\\Documents\\Mercy-fx\\mercy-dev-studio\\node_modules\\@rushstack\\eslint-patch': 'C:\\Users\\Hp 1030 X360\\Documents\\Mercy-fx\\mercy-dev-studio\\node_modules\\@rushstack\\.eslint-patch-uSlJF7Dq',
770 silly reify   'C:\\Users\\Hp 1030 X360\\Documents\\Mercy-fx\\mercy-dev-studio\\node_modules\\@swc\\helpers': 'C:\\Users\\Hp 1030 X360\\Documents\\Mercy-fx\\mercy-dev-studio\\node_modules\\@swc\\.helpers-cTvvDssk',
770 silly reify   'C:\\Users\\Hp 1030 X360\\Documents\\Mercy-fx\\mercy-dev-studio\\node_modules\\@types\\prop-types': 'C:\\Users\\Hp 1030 X360\\Documents\\Mercy-fx\\mercy-dev-studio\\node_modules\\@types\\.prop-types-DpAdGhsF',
770 silly reify   'C:\\Users\\Hp 1030 X360\\Documents\\Mercy-fx\\mercy-dev-studio\\node_modules\\@types\\react': 'C:\\Users\\Hp 1030 X360\\Documents\\Mercy-fx\\mercy-dev-studio\\node_modules\\@types\\.react-Jh446BbL',
770 silly reify   'C:\\Users\\Hp 1030 X360\\Documents\\Mercy-fx\\mercy-dev-studio\\node_modules\\@types\\react-dom': 'C:\\Users\\Hp 1030 X360\\Documents\\Mercy-fx\\mercy-dev-studio\\node_modules\\@types\\.react-dom-MDepfp2u',
770 silly reify   'C:\\Users\\Hp 1030 X360\\Documents\\Mercy-fx\\mercy-dev-studio\\node_modules\\@typescript-eslint\\parser': 'C:\\Users\\Hp 1030 X360\\Documents\\Mercy-fx\\mercy-dev-studio\\node_modules\\@typescript-eslint\\.parser-RnyH41BU',
770 silly reify   'C:\\Users\\Hp 1030 X360\\Documents\\Mercy-fx\\mercy-dev-studio\\node_modules\\@typescript-eslint\\eslint-plugin': 'C:\\Users\\Hp 1030 X360\\Documents\\Mercy-fx\\mercy-dev-studio\\node_modules\\@typescript-eslint\\.eslint-plugin-ZptdQb02',
770 silly reify   'C:\\Users\\Hp 1030 X360\\Documents\\Mercy-fx\\mercy-dev-studio\\node_modules\\@typescript-eslint\\project-service': 'C:\\Users\\Hp 1030 X360\\Documents\\Mercy-fx\\mercy-dev-studio\\node_modules\\@typescript-eslint\\.project-service-GAW94Qsf',
770 silly reify   'C:\\Users\\Hp 1030 X360\\Documents\\Mercy-fx\\mercy-dev-studio\\node_modules\\@typescript-eslint\\scope-manager': 'C:\\Users\\Hp 1030 X360\\Documents\\Mercy-fx\\mercy-dev-studio\\node_modules\\@typescript-eslint\\.scope-manager-6CBRCIDN',
770 silly reify   'C:\\Users\\Hp 1030 X360\\Documents\\Mercy-fx\\mercy-dev-studio\\node_modules\\@typescript-eslint\\tsconfig-utils': 'C:\\Users\\Hp 1030 X360\\Documents\\Mercy-fx\\mercy-dev-studio\\node_modules\\@typescript-eslint\\.tsconfig-utils-VaxeB60S',
770 silly reify   'C:\\Users\\Hp 1030 X360\\Documents\\Mercy-fx\\mercy-dev-studio\\node_modules\\@typescript-eslint\\type-utils': 'C:\\Users\\Hp 1030 X360\\Documents\\Mercy-fx\\mercy-dev-studio\\node_modules\\@typescript-eslint\\.type-utils-S49MRbTB',
770 silly reify   'C:\\Users\\Hp 1030 X360\\Documents\\Mercy-fx\\mercy-dev-studio\\node_modules\\@typescript-eslint\\types': 'C:\\Users\\Hp 1030 X360\\Documents\\Mercy-fx\\mercy-dev-studio\\node_modules\\@typescript-eslint\\.types-aop7413R',
770 silly reify   'C:\\Users\\Hp 1030 X360\\Documents\\Mercy-fx\\mercy-dev-studio\\node_modules\\@typescript-eslint\\typescript-estree': 'C:\\Users\\Hp 1030 X360\\Documents\\Mercy-fx\\mercy-dev-studio\\node_modules\\@typescript-eslint\\.typescript-estree-P9OVAR7n',
770 silly reify   'C:\\Users\\Hp 1030 X360\\Documents\\Mercy-fx\\mercy-dev-studio\\node_modules\\@typescript-eslint\\utils': 'C:\\Users\\Hp 1030 X360\\Documents\\Mercy-fx\\mercy-dev-studio\\node_modules\\@typescript-eslint\\.utils-2iGMAXws',
770 silly reify   'C:\\Users\\Hp 1030 X360\\Documents\\Mercy-fx\\mercy-dev-studio\\node_modules\\@ungap\\structured-clone': 'C:\\Users\\Hp 1030 X360\\Documents\\Mercy-fx\\mercy-dev-studio\\node_modules\\@ungap\\.structured-clone-uXluRoA2',
770 silly reify   'C:\\Users\\Hp 1030 X360\\Documents\\Mercy-fx\\mercy-dev-studio\\node_modules\\@typescript-eslint\\visitor-keys': 'C:\\Users\\Hp 1030 X360\\Documents\\Mercy-fx\\mercy-dev-studio\\node_modules\\@typescript-eslint\\.visitor-keys-yh2wc6lM'
770 silly reify }
771 verbose reify failed optional dependency C:\Users\Hp 1030 X360\Documents\Mercy-fx\mercy-dev-studio\node_modules\@tailwindcss\oxide-wasm32-wasi
772 silly reify mark deleted [
772 silly reify   'C:\\Users\\Hp 1030 X360\\Documents\\Mercy-fx\\mercy-dev-studio\\node_modules\\@tailwindcss\\oxide-wasm32-wasi'
772 silly reify ]
773 silly audit bulk request {
773 silly audit   '@alloc/quick-lru': [ '5.2.0' ],
773 silly audit   '@babel/runtime': [ '7.29.7' ],
773 silly audit   '@emnapi/core': [ '1.10.0' ],
773 silly audit   '@emnapi/runtime': [ '1.10.0' ],
773 silly audit   '@emnapi/wasi-threads': [ '1.2.1' ],
773 silly audit   '@esbuild/aix-ppc64': [ '0.28.0' ],
773 silly audit   '@esbuild/android-arm': [ '0.28.0' ],
773 silly audit   '@esbuild/android-arm64': [ '0.28.0' ],
773 silly audit   '@esbuild/android-x64': [ '0.28.0' ],
773 silly audit   '@esbuild/darwin-arm64': [ '0.28.0' ],
773 silly audit   '@esbuild/darwin-x64': [ '0.28.0' ],
773 silly audit   '@esbuild/freebsd-arm64': [ '0.28.0' ],
773 silly audit   '@esbuild/freebsd-x64': [ '0.28.0' ],
773 silly audit   '@esbuild/linux-arm': [ '0.28.0' ],
773 silly audit   '@esbuild/linux-arm64': [ '0.28.0' ],
773 silly audit   '@esbuild/linux-ia32': [ '0.28.0' ],
773 silly audit   '@esbuild/linux-loong64': [ '0.28.0' ],
773 silly audit   '@esbuild/linux-mips64el': [ '0.28.0' ],
773 silly audit   '@esbuild/linux-ppc64': [ '0.28.0' ],
773 silly audit   '@esbuild/linux-riscv64': [ '0.28.0' ],
773 silly audit   '@esbuild/linux-s390x': [ '0.28.0' ],
773 silly audit   '@esbuild/linux-x64': [ '0.28.0' ],
773 silly audit   '@esbuild/netbsd-arm64': [ '0.28.0' ],
773 silly audit   '@esbuild/netbsd-x64': [ '0.28.0' ],
773 silly audit   '@esbuild/openbsd-arm64': [ '0.28.0' ],
773 silly audit   '@esbuild/openbsd-x64': [ '0.28.0' ],
773 silly audit   '@esbuild/openharmony-arm64': [ '0.28.0' ],
773 silly audit   '@esbuild/sunos-x64': [ '0.28.0' ],
773 silly audit   '@esbuild/win32-arm64': [ '0.28.0' ],
773 silly audit   '@esbuild/win32-ia32': [ '0.28.0' ],
773 silly audit   '@esbuild/win32-x64': [ '0.28.0' ],
773 silly audit   '@eslint-community/eslint-utils': [ '4.9.1' ],
773 silly audit   'eslint-visitor-keys': [ '3.4.3', '5.0.1' ],
773 silly audit   '@eslint-community/regexpp': [ '4.12.2' ],
773 silly audit   '@humanwhocodes/module-importer': [ '1.0.1' ],
773 silly audit   '@jridgewell/gen-mapping': [ '0.3.13' ],
773 silly audit   '@jridgewell/remapping': [ '2.3.5' ],
773 silly audit   '@jridgewell/resolve-uri': [ '3.1.2' ],
773 silly audit   '@jridgewell/sourcemap-codec': [ '1.5.5' ],
773 silly audit   '@jridgewell/trace-mapping': [ '0.3.31' ],
773 silly audit   '@napi-rs/wasm-runtime': [ '1.1.4' ],
773 silly audit   '@nodelib/fs.scandir': [ '2.1.5' ],
773 silly audit   '@nodelib/fs.stat': [ '2.0.5' ],
773 silly audit   '@nodelib/fs.walk': [ '1.2.8' ],
773 silly audit   '@nolyfill/is-core-module': [ '1.0.39' ],
773 silly audit   '@panva/hkdf': [ '1.2.1' ],
773 silly audit   '@prisma/client': [ '5.22.0' ],
773 silly audit   '@prisma/debug': [ '5.22.0' ],
773 silly audit   '@prisma/engines': [ '5.22.0' ],
773 silly audit   '@prisma/engines-version': [ '5.22.0-44.605197351a3c8bdd595af2d2a9bc3025bca48ea2' ],
773 silly audit   '@prisma/fetch-engine': [ '5.22.0' ],
773 silly audit   '@prisma/get-platform': [ '5.22.0' ],
773 silly audit   '@rtsao/scc': [ '1.1.0' ],
773 silly audit   '@stablelib/base64': [ '1.0.1' ],
773 silly audit   '@tailwindcss/node': [ '4.3.0' ],
773 silly audit   '@tailwindcss/oxide': [ '4.3.0' ],
773 silly audit   '@tailwindcss/oxide-android-arm64': [ '4.3.0' ],
773 silly audit   '@tailwindcss/oxide-darwin-arm64': [ '4.3.0' ],
773 silly audit   '@tailwindcss/oxide-darwin-x64': [ '4.3.0' ],
773 silly audit   '@tailwindcss/oxide-freebsd-x64': [ '4.3.0' ],
773 silly audit   '@tailwindcss/oxide-linux-arm-gnueabihf': [ '4.3.0' ],
773 silly audit   '@tailwindcss/oxide-linux-arm64-gnu': [ '4.3.0' ],
773 silly audit   '@tailwindcss/oxide-linux-arm64-musl': [ '4.3.0' ],
773 silly audit   '@tailwindcss/oxide-linux-x64-gnu': [ '4.3.0' ],
773 silly audit   '@tailwindcss/oxide-linux-x64-musl': [ '4.3.0' ],
773 silly audit   '@tailwindcss/oxide-win32-arm64-msvc': [ '4.3.0' ],
773 silly audit   '@tailwindcss/oxide-win32-x64-msvc': [ '4.3.0' ],
773 silly audit   '@tailwindcss/postcss': [ '4.3.0' ],
773 silly audit   '@tybys/wasm-util': [ '0.10.2' ],
773 silly audit   '@types/bcryptjs': [ '2.4.6' ],
773 silly audit   '@types/json5': [ '0.0.29' ],
773 silly audit   '@types/node': [ '20.19.42' ],
773 silly audit   'balanced-match': [ '1.0.2', '4.0.4' ],
773 silly audit   'brace-expansion': [ '1.1.14', '5.0.6', '2.1.1' ],
773 silly audit   minimatch: [ '3.1.5', '10.2.5', '9.0.9' ],
773 silly audit   semver: [ '7.8.0', '7.8.1', '6.3.1', '7.8.4' ],
773 silly audit   '@unrs/resolver-binding-android-arm-eabi': [ '1.12.2' ],
773 silly audit   '@unrs/resolver-binding-android-arm64': [ '1.12.2' ],
773 silly audit   '@unrs/resolver-binding-darwin-arm64': [ '1.12.2' ],
773 silly audit   '@unrs/resolver-binding-darwin-x64': [ '1.12.2' ],
773 silly audit   '@unrs/resolver-binding-freebsd-x64': [ '1.12.2' ],
773 silly audit   '@unrs/resolver-binding-linux-arm-gnueabihf': [ '1.12.2' ],
773 silly audit   '@unrs/resolver-binding-linux-arm-musleabihf': [ '1.12.2' ],
773 silly audit   '@unrs/resolver-binding-linux-arm64-gnu': [ '1.12.2' ],
773 silly audit   '@unrs/resolver-binding-linux-arm64-musl': [ '1.12.2' ],
773 silly audit   '@unrs/resolver-binding-linux-loong64-gnu': [ '1.12.2' ],
773 silly audit   '@unrs/resolver-binding-linux-loong64-musl': [ '1.12.2' ],
773 silly audit   '@unrs/resolver-binding-linux-ppc64-gnu': [ '1.12.2' ],
773 silly audit   '@unrs/resolver-binding-linux-riscv64-gnu': [ '1.12.2' ],
773 silly audit   '@unrs/resolver-binding-linux-riscv64-musl': [ '1.12.2' ],
773 silly audit   '@unrs/resolver-binding-linux-s390x-gnu': [ '1.12.2' ],
773 silly audit   '@unrs/resolver-binding-linux-x64-gnu': [ '1.12.2' ],
773 silly audit   '@unrs/resolver-binding-linux-x64-musl': [ '1.12.2' ],
773 silly audit   '@unrs/resolver-binding-openharmony-arm64': [ '1.12.2' ],
773 silly audit   '@unrs/resolver-binding-wasm32-wasi': [ '1.12.2' ],
773 silly audit   '@unrs/resolver-binding-win32-arm64-msvc': [ '1.12.2' ],
773 silly audit   '@unrs/resolver-binding-win32-ia32-msvc': [ '1.12.2' ],
773 silly audit   '@unrs/resolver-binding-win32-x64-msvc': [ '1.12.2' ],
773 silly audit   'ansi-styles': [ '4.3.0', '6.2.3' ],
773 silly audit   'aria-query': [ '5.3.2' ],
773 silly audit   'array-buffer-byte-length': [ '1.0.2' ],
773 silly audit   'array-includes': [ '3.1.9' ],
773 silly audit   'array.prototype.findlast': [ '1.2.5' ],
773 silly audit   'array.prototype.findlastindex': [ '1.2.6' ],
773 silly audit   'array.prototype.flat': [ '1.3.3' ],
773 silly audit   'array.prototype.flatmap': [ '1.3.3' ],
773 silly audit   'array.prototype.tosorted': [ '1.1.4' ],
773 silly audit   'arraybuffer.prototype.slice': [ '1.0.4' ],
773 silly audit   'ast-types-flow': [ '0.0.8' ],
773 silly audit   'async-function': [ '1.0.0' ],
773 silly audit   'available-typed-arrays': [ '1.0.7' ],
773 silly audit   'axe-core': [ '4.11.4' ],
773 silly audit   'axobject-query': [ '4.1.0' ],
773 silly audit   bcryptjs: [ '3.0.3' ],
773 silly audit   'buffer-equal-constant-time': [ '1.0.1' ],
773 silly audit   busboy: [ '1.6.0' ],
773 silly audit   'call-bind': [ '1.0.9' ],
773 silly audit   'call-bind-apply-helpers': [ '1.0.2' ],
773 silly audit   'call-bound': [ '1.0.4' ],
773 silly audit   'caniuse-lite': [ '1.0.30001793' ],
773 silly audit   chalk: [ '4.1.2' ],
773 silly audit   'color-convert': [ '2.0.1' ],
773 silly audit   'color-name': [ '1.1.4' ],
773 silly audit   'concat-map': [ '0.0.1' ],
773 silly audit   cookie: [ '0.7.2' ],
773 silly audit   'cross-spawn': [ '7.0.6' ],
773 silly audit   csstype: [ '3.2.3' ],
773 silly audit   'damerau-levenshtein': [ '1.0.8' ],
773 silly audit   'data-view-buffer': [ '1.0.2' ],
773 silly audit   'data-view-byte-length': [ '1.0.2' ],
773 silly audit   'data-view-byte-offset': [ '1.0.1' ],
773 silly audit   debug: [ '4.4.3', '3.2.7' ],
773 silly audit   'deep-is': [ '0.1.4' ],
773 silly audit   'define-data-property': [ '1.1.4' ],
773 silly audit   'define-properties': [ '1.2.1' ],
773 silly audit   'detect-libc': [ '2.1.2' ],
773 silly audit   doctrine: [ '2.1.0', '3.0.0' ],
773 silly audit   'dunder-proto': [ '1.0.1' ],
773 silly audit   'ecdsa-sig-formatter': [ '1.0.11' ],
773 silly audit   'emoji-regex': [ '9.2.2', '8.0.0' ],
773 silly audit   'enhanced-resolve': [ '5.21.6' ],
773 silly audit   'es-abstract': [ '1.24.2' ],
773 silly audit   'es-define-property': [ '1.0.1' ],
773 silly audit   'es-errors': [ '1.3.0' ],
773 silly audit   'es-iterator-helpers': [ '1.3.2' ],
773 silly audit   'es-object-atoms': [ '1.1.1' ],
773 silly audit   'es-set-tostringtag': [ '2.1.0' ],
773 silly audit   'es-shim-unscopables': [ '1.1.0' ],
773 silly audit   'es-to-primitive': [ '1.3.0' ],
773 silly audit   esbuild: [ '0.28.0' ],
773 silly audit   'escape-string-regexp': [ '4.0.0' ],
773 silly audit   'eslint-import-resolver-node': [ '0.3.10' ],
773 silly audit   'eslint-import-resolver-typescript': [ '3.10.1' ],
773 silly audit   'eslint-module-utils': [ '2.12.1' ],
773 silly audit   'eslint-plugin-import': [ '2.32.0' ],
773 silly audit   'eslint-plugin-jsx-a11y': [ '6.10.2' ],
773 silly audit   'eslint-plugin-react': [ '7.37.5' ],
773 silly audit   esquery: [ '1.7.0' ],
773 silly audit   estraverse: [ '5.3.0' ],
773 silly audit   esutils: [ '2.0.3' ],
773 silly audit   'glob-parent': [ '6.0.2' ],
773 silly audit   'fast-levenshtein': [ '2.0.6' ],
773 silly audit   'fast-sha256': [ '1.3.0' ],
773 silly audit   fastq: [ '1.20.1' ],
773 silly audit   'find-up': [ '5.0.0' ],
773 silly audit   'for-each': [ '0.3.5' ],
773 silly audit   fsevents: [ '2.3.3' ],
773 silly audit   'function-bind': [ '1.1.2' ],
773 silly audit   'function.prototype.name': [ '1.1.8' ],
773 silly audit   'functions-have-names': [ '1.2.3' ],
773 silly audit   'generator-function': [ '2.0.1' ],
773 silly audit   'get-intrinsic': [ '1.3.0' ],
773 silly audit   'get-proto': [ '1.0.1' ],
773 silly audit   'get-symbol-description': [ '1.1.0' ],
773 silly audit   'get-tsconfig': [ '4.14.0' ],
773 silly audit   globalthis: [ '1.0.4' ],
773 silly audit   gopd: [ '1.2.0' ],
773 silly audit   'graceful-fs': [ '4.2.11' ],
773 silly audit   'has-bigints': [ '1.1.0' ],
773 silly audit   'has-flag': [ '4.0.0' ],
773 silly audit   'has-property-descriptors': [ '1.0.2' ],
773 silly audit   'has-proto': [ '1.2.0' ],
773 silly audit   'has-symbols': [ '1.1.0' ],
773 silly audit   'has-tostringtag': [ '1.0.2' ],
773 silly audit   hasown: [ '2.0.3' ],
773 silly audit   imurmurhash: [ '0.1.4' ],
773 silly audit   'internal-slot': [ '1.1.0' ],
773 silly audit   'is-array-buffer': [ '3.0.5' ],
773 silly audit   'is-async-function': [ '2.1.1' ],
773 silly audit   'is-bigint': [ '1.1.0' ],
773 silly audit   'is-boolean-object': [ '1.2.2' ],
773 silly audit   'is-bun-module': [ '2.0.0' ],
773 silly audit   'is-callable': [ '1.2.7' ],
773 silly audit   'is-core-module': [ '2.16.2' ],
773 silly audit   'is-data-view': [ '1.0.2' ],
773 silly audit   'is-date-object': [ '1.1.0' ],
773 silly audit   'is-extglob': [ '2.1.1' ],
773 silly audit   'is-finalizationregistry': [ '1.1.1' ],
773 silly audit   'is-generator-function': [ '1.1.2' ],
773 silly audit   'is-glob': [ '4.0.3' ],
773 silly audit   'is-map': [ '2.0.3' ],
773 silly audit   'is-negative-zero': [ '2.0.3' ],
773 silly audit   'is-number-object': [ '1.1.1' ],
773 silly audit   'is-regex': [ '1.2.1' ],
773 silly audit   'is-set': [ '2.0.3' ],
773 silly audit   'is-shared-array-buffer': [ '1.0.4' ],
773 silly audit   'is-string': [ '1.1.1' ],
773 silly audit   'is-symbol': [ '1.1.1' ],
773 silly audit   'is-typed-array': [ '1.1.15' ],
773 silly audit   'is-weakmap': [ '2.0.2' ],
773 silly audit   'is-weakref': [ '1.1.1' ],
773 silly audit   'is-weakset': [ '2.0.4' ],
773 silly audit   isarray: [ '2.0.5' ],
773 silly audit   isexe: [ '2.0.0' ],
773 silly audit   'iterator.prototype': [ '1.1.5' ],
773 silly audit   jiti: [ '2.7.0' ],
773 silly audit   jose: [ '4.15.9' ],
773 silly audit   'js-tokens': [ '4.0.0' ],
773 silly audit   'json-stable-stringify-without-jsonify': [ '1.0.1' ],
773 silly audit   json5: [ '1.0.2' ],
773 silly audit   jsonwebtoken: [ '9.0.3' ],
773 silly audit   'jsx-ast-utils': [ '3.3.5' ],
773 silly audit   jwa: [ '2.0.1' ],
773 silly audit   jws: [ '4.0.1' ],
773 silly audit   'language-subtag-registry': [ '0.3.23' ],
773 silly audit   'language-tags': [ '1.0.9' ],
773 silly audit   levn: [ '0.4.1' ],
773 silly audit   lightningcss: [ '1.32.0' ],
773 silly audit   'lightningcss-android-arm64': [ '1.32.0' ],
773 silly audit   'lightningcss-darwin-arm64': [ '1.32.0' ],
773 silly audit   'lightningcss-darwin-x64': [ '1.32.0' ],
773 silly audit   'lightningcss-freebsd-x64': [ '1.32.0' ],
773 silly audit   'lightningcss-linux-arm-gnueabihf': [ '1.32.0' ],
773 silly audit   'lightningcss-linux-arm64-gnu': [ '1.32.0' ],
773 silly audit   'lightningcss-linux-arm64-musl': [ '1.32.0' ],
773 silly audit   'lightningcss-linux-x64-gnu': [ '1.32.0' ],
773 silly audit   'lightningcss-linux-x64-musl': [ '1.32.0' ],
773 silly audit   'lightningcss-win32-arm64-msvc': [ '1.32.0' ],
773 silly audit   'lightningcss-win32-x64-msvc': [ '1.32.0' ],
773 silly audit   'locate-path': [ '6.0.0' ],
773 silly audit   'lodash.includes': [ '4.3.0' ],
773 silly audit   'lodash.isboolean': [ '3.0.3' ],
773 silly audit   'lodash.isinteger': [ '4.0.4' ],
773 silly audit   'lodash.isnumber': [ '3.0.3' ],
773 silly audit   'lodash.isplainobject': [ '4.0.6' ],
773 silly audit   'lodash.isstring': [ '4.0.1' ],
773 silly audit   'lodash.merge': [ '4.6.2' ],
773 silly audit   'lodash.once': [ '4.1.1' ],
773 silly audit   'loose-envify': [ '1.4.0' ],
773 silly audit   'lru-cache': [ '6.0.0', '10.4.3' ],
773 silly audit   'magic-string': [ '0.30.21' ],
773 silly audit   'math-intrinsics': [ '1.1.0' ],
773 silly audit   minimist: [ '1.2.8' ],
773 silly audit   ms: [ '2.1.3' ],
773 silly audit   nanoid: [ '3.3.12' ],
773 silly audit   'napi-postinstall': [ '0.3.4' ],
773 silly audit   'natural-compare': [ '1.4.0' ],
773 silly audit   'next-auth': [ '4.24.14' ],
773 silly audit   postcss: [ '8.5.15', '8.4.31' ],
773 silly audit   'node-exports-info': [ '1.6.0' ],
773 silly audit   oauth: [ '0.9.15' ],
773 silly audit   'object-assign': [ '4.1.1' ],
773 silly audit   'object-hash': [ '2.2.0' ],
773 silly audit   'object-inspect': [ '1.13.4' ],
773 silly audit   'object-keys': [ '1.1.1' ],
773 silly audit   'object.assign': [ '4.1.7' ],
773 silly audit   'object.entries': [ '1.1.9' ],
773 silly audit   'object.fromentries': [ '2.0.8' ],
773 silly audit   'object.groupby': [ '1.0.3' ],
773 silly audit   'object.values': [ '1.2.1' ],
773 silly audit   'oidc-token-hash': [ '5.2.0' ],
773 silly audit   'openid-client': [ '5.7.1' ],
773 silly audit   yallist: [ '4.0.0' ],
773 silly audit   optionator: [ '0.9.4' ],
773 silly audit   'own-keys': [ '1.0.1' ],
773 silly audit   'p-limit': [ '3.1.0' ],
773 silly audit   'p-locate': [ '5.0.0' ],
773 silly audit   'path-exists': [ '4.0.0' ],
773 silly audit   'path-key': [ '3.1.1' ],
773 silly audit   'path-parse': [ '1.0.7' ],
773 silly audit   picocolors: [ '1.1.1' ],
773 silly audit   picomatch: [ '4.0.4' ],
773 silly audit   'possible-typed-array-names': [ '1.1.0' ],
773 silly audit   'postal-mime': [ '2.7.4' ],
773 silly audit   preact: [ '10.29.2' ],
773 silly audit   'preact-render-to-string': [ '5.2.6' ],
773 silly audit   'prelude-ls': [ '1.2.1' ],
773 silly audit   'pretty-format': [ '3.8.0' ],
773 silly audit   prisma: [ '5.22.0' ],
773 silly audit   'prop-types': [ '15.8.1' ],
773 silly audit   'queue-microtask': [ '1.2.3' ],
773 silly audit   'react-is': [ '16.13.1' ],
773 silly audit   'reflect.getprototypeof': [ '1.0.10' ],
773 silly audit   'regexp.prototype.flags': [ '1.5.4' ],
773 silly audit   resend: [ '6.12.4' ],
773 silly audit   resolve: [ '2.0.0-next.7' ],
773 silly audit   'resolve-pkg-maps': [ '1.0.0' ],
773 silly audit   reusify: [ '1.1.0' ],
773 silly audit   'run-parallel': [ '1.2.0' ],
773 silly audit   'safe-array-concat': [ '1.1.4' ],
773 silly audit   'safe-buffer': [ '5.2.1' ],
773 silly audit   'safe-push-apply': [ '1.0.0' ],
773 silly audit   'safe-regex-test': [ '1.1.0' ],
773 silly audit   'set-function-length': [ '1.2.2' ],
773 silly audit   'set-function-name': [ '2.0.2' ],
773 silly audit   'set-proto': [ '1.0.0' ],
773 silly audit   'shebang-command': [ '2.0.0' ],
773 silly audit   'shebang-regex': [ '3.0.0' ],
773 silly audit   'side-channel': [ '1.1.0' ],
773 silly audit   'side-channel-list': [ '1.0.1' ],
773 silly audit   'side-channel-map': [ '1.0.1' ],
773 silly audit   'side-channel-weakmap': [ '1.0.2' ],
773 silly audit   'source-map-js': [ '1.2.1' ],
773 silly audit   'stable-hash': [ '0.0.5' ],
773 silly audit   standardwebhooks: [ '1.0.0' ],
773 silly audit   'stop-iteration-iterator': [ '1.1.0' ],
773 silly audit   streamsearch: [ '1.1.0' ],
773 silly audit   'string.prototype.includes': [ '2.0.1' ],
773 silly audit   'string.prototype.matchall': [ '4.0.12' ],
773 silly audit   'string.prototype.repeat': [ '1.0.0' ],
773 silly audit   'string.prototype.trim': [ '1.2.10' ],
773 silly audit   'string.prototype.trimend': [ '1.0.9' ],
773 silly audit   'string.prototype.trimstart': [ '1.0.8' ],
773 silly audit   'strip-bom': [ '3.0.0' ],
773 silly audit   'supports-color': [ '7.2.0' ],
773 silly audit   'supports-preserve-symlinks-flag': [ '1.0.0' ],
773 silly audit   tailwindcss: [ '4.3.0' ],
773 silly audit   tapable: [ '2.3.3' ],
773 silly audit   tinyglobby: [ '0.2.16' ],
773 silly audit   fdir: [ '6.5.0' ],
773 silly audit   'tsconfig-paths': [ '3.15.0' ],
773 silly audit   tslib: [ '2.8.1' ],
773 silly audit   tsx: [ '4.22.4' ],
773 silly audit   'type-check': [ '0.4.0' ],
773 silly audit   'typed-array-buffer': [ '1.0.3' ],
773 silly audit   'typed-array-byte-length': [ '1.0.3' ],
773 silly audit   'typed-array-byte-offset': [ '1.0.4' ],
773 silly audit   'typed-array-length': [ '1.0.7' ],
773 silly audit   typescript: [ '5.9.3' ],
773 silly audit   'unbox-primitive': [ '1.1.0' ],
773 silly audit   'undici-types': [ '6.21.0' ],
773 silly audit   'unrs-resolver': [ '1.12.2' ],
773 silly audit   uuid: [ '8.3.2' ],
773 silly audit   which: [ '2.0.2' ],
773 silly audit   'which-boxed-primitive': [ '1.1.1' ],
773 silly audit   'which-builtin-type': [ '1.2.1' ],
773 silly audit   'which-collection': [ '1.0.2' ],
773 silly audit   'which-typed-array': [ '1.1.20' ],
773 silly audit   'word-wrap': [ '1.2.5' ],
773 silly audit   'yocto-queue': [ '0.1.0' ],
773 silly audit   zod: [ '4.4.3' ],
773 silly audit   '@types/react': [ '18.3.31' ],
773 silly audit   '@types/react-dom': [ '18.3.7' ],
773 silly audit   eslint: [ '8.57.1' ],
773 silly audit   'eslint-config-next': [ '14.2.35' ],
773 silly audit   next: [ '14.2.35' ],
773 silly audit   react: [ '18.2.0' ],
773 silly audit   'react-dom': [ '18.2.0' ],
773 silly audit   '@types/prop-types': [ '15.7.15' ],
773 silly audit   '@eslint/eslintrc': [ '2.1.4' ],
773 silly audit   '@eslint/js': [ '8.57.1' ],
773 silly audit   '@humanwhocodes/config-array': [ '0.13.0' ],
773 silly audit   '@ungap/structured-clone': [ '1.3.1' ],
773 silly audit   ajv: [ '6.15.0' ],
773 silly audit   'eslint-scope': [ '7.2.2' ],
773 silly audit   espree: [ '9.6.1' ],
773 silly audit   'fast-deep-equal': [ '3.1.3' ],
773 silly audit   'file-entry-cache': [ '6.0.1' ],
773 silly audit   globals: [ '13.24.0' ],
773 silly audit   graphemer: [ '1.4.0' ],
773 silly audit   ignore: [ '5.3.2', '7.0.5' ],
773 silly audit   'is-path-inside': [ '3.0.3' ],
773 silly audit   'js-yaml': [ '4.2.0' ],
773 silly audit   'strip-ansi': [ '6.0.1', '7.2.0' ],
773 silly audit   'text-table': [ '0.2.0' ],
773 silly audit   'import-fresh': [ '3.3.1' ],
773 silly audit   'strip-json-comments': [ '3.1.1' ],
773 silly audit   '@humanwhocodes/object-schema': [ '2.0.3' ],
773 silly audit   'fast-json-stable-stringify': [ '2.1.0' ],
773 silly audit   'json-schema-traverse': [ '0.4.1' ],
773 silly audit   'uri-js': [ '4.4.1' ],
773 silly audit   '@next/eslint-plugin-next': [ '14.2.35' ],
773 silly audit   '@rushstack/eslint-patch': [ '1.16.1' ],
773 silly audit   '@typescript-eslint/eslint-plugin': [ '8.61.1' ],
773 silly audit   '@typescript-eslint/parser': [ '8.61.1' ],
773 silly audit   'eslint-plugin-react-hooks': [ '5.0.0-canary-7118f5dd7-20230705' ],
773 silly audit   glob: [ '10.3.10', '7.2.3' ],
773 silly audit   '@typescript-eslint/scope-manager': [ '8.61.1' ],
773 silly audit   '@typescript-eslint/type-utils': [ '8.61.1' ],
773 silly audit   '@typescript-eslint/utils': [ '8.61.1' ],
773 silly audit   '@typescript-eslint/visitor-keys': [ '8.61.1' ],
773 silly audit   'ts-api-utils': [ '2.5.0' ],
773 silly audit   '@typescript-eslint/types': [ '8.61.1' ],
773 silly audit   '@typescript-eslint/typescript-estree': [ '8.61.1' ],
773 silly audit   '@typescript-eslint/project-service': [ '8.61.1' ],
773 silly audit   '@typescript-eslint/tsconfig-utils': [ '8.61.1' ],
773 silly audit   esrecurse: [ '4.3.0' ],
773 silly audit   acorn: [ '8.17.0' ],
773 silly audit   'acorn-jsx': [ '5.3.2' ],
773 silly audit   'flat-cache': [ '3.2.0' ],
773 silly audit   flatted: [ '3.4.2' ],
773 silly audit   keyv: [ '4.5.4' ],
773 silly audit   rimraf: [ '3.0.2' ],
773 silly audit   'foreground-child': [ '3.3.1' ],
773 silly audit   jackspeak: [ '2.3.6' ],
773 silly audit   minipass: [ '7.1.3' ],
773 silly audit   'path-scurry': [ '1.11.1' ],
773 silly audit   'signal-exit': [ '4.1.0' ],
773 silly audit   'type-fest': [ '0.20.2' ],
773 silly audit   'parent-module': [ '1.0.1' ],
773 silly audit   'resolve-from': [ '4.0.0' ],
773 silly audit   '@isaacs/cliui': [ '8.0.2' ],
773 silly audit   '@pkgjs/parseargs': [ '0.11.0' ],
773 silly audit   'string-width': [ '5.1.2', '4.2.3' ],
773 silly audit   'wrap-ansi': [ '8.1.0', '7.0.0' ],
773 silly audit   argparse: [ '2.0.1' ],
773 silly audit   'json-buffer': [ '3.0.1' ],
773 silly audit   '@next/env': [ '14.2.35' ],
773 silly audit   '@next/swc-darwin-arm64': [ '14.2.33' ],
773 silly audit   '@next/swc-darwin-x64': [ '14.2.33' ],
773 silly audit   '@next/swc-linux-arm64-gnu': [ '14.2.33' ],
773 silly audit   '@next/swc-linux-arm64-musl': [ '14.2.33' ],
773 silly audit   '@next/swc-linux-x64-gnu': [ '14.2.33' ],
773 silly audit   '@next/swc-linux-x64-musl': [ '14.2.33' ],
773 silly audit   '@next/swc-win32-arm64-msvc': [ '14.2.33' ],
773 silly audit   '@next/swc-win32-ia32-msvc': [ '14.2.33' ],
773 silly audit   '@next/swc-win32-x64-msvc': [ '14.2.33' ],
773 silly audit   '@swc/helpers': [ '0.5.5' ],
773 silly audit   'styled-jsx': [ '5.1.1' ],
773 silly audit   '@swc/counter': [ '0.1.3' ],
773 silly audit   callsites: [ '3.1.0' ],
773 silly audit   scheduler: [ '0.23.2' ],
773 silly audit   eastasianwidth: [ '0.2.0' ],
773 silly audit   'is-fullwidth-code-point': [ '3.0.0' ],
773 silly audit   'ansi-regex': [ '5.0.1', '6.2.2' ],
773 silly audit   'client-only': [ '0.0.1' ],
773 silly audit   punycode: [ '2.3.1' ],
773 silly audit   'fs.realpath': [ '1.0.0' ],
773 silly audit   inflight: [ '1.0.6' ],
773 silly audit   inherits: [ '2.0.4' ],
773 silly audit   once: [ '1.4.0' ],
773 silly audit   'path-is-absolute': [ '1.0.1' ],
773 silly audit   wrappy: [ '1.0.2' ],
773 silly audit   '@tailwindcss/oxide-wasm32-wasi': [ '4.3.0' ]
773 silly audit }
774 verbose reify failed optional dependency C:\Users\Hp 1030 X360\Documents\Mercy-fx\mercy-dev-studio\node_modules\@unrs\resolver-binding-win32-ia32-msvc
775 silly reify mark deleted [
775 silly reify   'C:\\Users\\Hp 1030 X360\\Documents\\Mercy-fx\\mercy-dev-studio\\node_modules\\@unrs\\resolver-binding-win32-ia32-msvc'
775 silly reify ]
776 verbose reify failed optional dependency C:\Users\Hp 1030 X360\Documents\Mercy-fx\mercy-dev-studio\node_modules\@unrs\resolver-binding-win32-arm64-msvc
777 silly reify mark deleted [
777 silly reify   'C:\\Users\\Hp 1030 X360\\Documents\\Mercy-fx\\mercy-dev-studio\\node_modules\\@unrs\\resolver-binding-win32-arm64-msvc'
777 silly reify ]
778 verbose reify failed optional dependency C:\Users\Hp 1030 X360\Documents\Mercy-fx\mercy-dev-studio\node_modules\@unrs\resolver-binding-wasm32-wasi
779 silly reify mark deleted [
779 silly reify   'C:\\Users\\Hp 1030 X360\\Documents\\Mercy-fx\\mercy-dev-studio\\node_modules\\@unrs\\resolver-binding-wasm32-wasi'
779 silly reify ]
780 verbose reify failed optional dependency C:\Users\Hp 1030 X360\Documents\Mercy-fx\mercy-dev-studio\node_modules\@unrs\resolver-binding-openharmony-arm64
781 silly reify mark deleted [
781 silly reify   'C:\\Users\\Hp 1030 X360\\Documents\\Mercy-fx\\mercy-dev-studio\\node_modules\\@unrs\\resolver-binding-openharmony-arm64'
781 silly reify ]
782 verbose reify failed optional dependency C:\Users\Hp 1030 X360\Documents\Mercy-fx\mercy-dev-studio\node_modules\@unrs\resolver-binding-linux-x64-musl
783 silly reify mark deleted [
783 silly reify   'C:\\Users\\Hp 1030 X360\\Documents\\Mercy-fx\\mercy-dev-studio\\node_modules\\@unrs\\resolver-binding-linux-x64-musl'
783 silly reify ]
784 verbose reify failed optional dependency C:\Users\Hp 1030 X360\Documents\Mercy-fx\mercy-dev-studio\node_modules\@unrs\resolver-binding-linux-x64-gnu
785 silly reify mark deleted [
785 silly reify   'C:\\Users\\Hp 1030 X360\\Documents\\Mercy-fx\\mercy-dev-studio\\node_modules\\@unrs\\resolver-binding-linux-x64-gnu'
785 silly reify ]
786 verbose reify failed optional dependency C:\Users\Hp 1030 X360\Documents\Mercy-fx\mercy-dev-studio\node_modules\@unrs\resolver-binding-linux-s390x-gnu
787 silly reify mark deleted [
787 silly reify   'C:\\Users\\Hp 1030 X360\\Documents\\Mercy-fx\\mercy-dev-studio\\node_modules\\@unrs\\resolver-binding-linux-s390x-gnu'
787 silly reify ]
788 verbose reify failed optional dependency C:\Users\Hp 1030 X360\Documents\Mercy-fx\mercy-dev-studio\node_modules\@unrs\resolver-binding-linux-riscv64-musl
789 silly reify mark deleted [
789 silly reify   'C:\\Users\\Hp 1030 X360\\Documents\\Mercy-fx\\mercy-dev-studio\\node_modules\\@unrs\\resolver-binding-linux-riscv64-musl'
789 silly reify ]
790 verbose reify failed optional dependency C:\Users\Hp 1030 X360\Documents\Mercy-fx\mercy-dev-studio\node_modules\@unrs\resolver-binding-linux-riscv64-gnu
791 silly reify mark deleted [
791 silly reify   'C:\\Users\\Hp 1030 X360\\Documents\\Mercy-fx\\mercy-dev-studio\\node_modules\\@unrs\\resolver-binding-linux-riscv64-gnu'
791 silly reify ]
792 verbose reify failed optional dependency C:\Users\Hp 1030 X360\Documents\Mercy-fx\mercy-dev-studio\node_modules\@unrs\resolver-binding-linux-ppc64-gnu
793 silly reify mark deleted [
793 silly reify   'C:\\Users\\Hp 1030 X360\\Documents\\Mercy-fx\\mercy-dev-studio\\node_modules\\@unrs\\resolver-binding-linux-ppc64-gnu'
793 silly reify ]
794 verbose reify failed optional dependency C:\Users\Hp 1030 X360\Documents\Mercy-fx\mercy-dev-studio\node_modules\@unrs\resolver-binding-linux-loong64-musl
795 silly reify mark deleted [
795 silly reify   'C:\\Users\\Hp 1030 X360\\Documents\\Mercy-fx\\mercy-dev-studio\\node_modules\\@unrs\\resolver-binding-linux-loong64-musl'
795 silly reify ]
796 verbose reify failed optional dependency C:\Users\Hp 1030 X360\Documents\Mercy-fx\mercy-dev-studio\node_modules\@unrs\resolver-binding-linux-loong64-gnu
797 silly reify mark deleted [
797 silly reify   'C:\\Users\\Hp 1030 X360\\Documents\\Mercy-fx\\mercy-dev-studio\\node_modules\\@unrs\\resolver-binding-linux-loong64-gnu'
797 silly reify ]
798 verbose reify failed optional dependency C:\Users\Hp 1030 X360\Documents\Mercy-fx\mercy-dev-studio\node_modules\@unrs\resolver-binding-linux-arm64-musl
799 silly reify mark deleted [
799 silly reify   'C:\\Users\\Hp 1030 X360\\Documents\\Mercy-fx\\mercy-dev-studio\\node_modules\\@unrs\\resolver-binding-linux-arm64-musl'
799 silly reify ]
800 verbose reify failed optional dependency C:\Users\Hp 1030 X360\Documents\Mercy-fx\mercy-dev-studio\node_modules\@unrs\resolver-binding-linux-arm64-gnu
801 silly reify mark deleted [
801 silly reify   'C:\\Users\\Hp 1030 X360\\Documents\\Mercy-fx\\mercy-dev-studio\\node_modules\\@unrs\\resolver-binding-linux-arm64-gnu'
801 silly reify ]
802 verbose reify failed optional dependency C:\Users\Hp 1030 X360\Documents\Mercy-fx\mercy-dev-studio\node_modules\@unrs\resolver-binding-linux-arm-musleabihf
803 silly reify mark deleted [
803 silly reify   'C:\\Users\\Hp 1030 X360\\Documents\\Mercy-fx\\mercy-dev-studio\\node_modules\\@unrs\\resolver-binding-linux-arm-musleabihf'
803 silly reify ]
804 verbose reify failed optional dependency C:\Users\Hp 1030 X360\Documents\Mercy-fx\mercy-dev-studio\node_modules\@unrs\resolver-binding-linux-arm-gnueabihf
805 silly reify mark deleted [
805 silly reify   'C:\\Users\\Hp 1030 X360\\Documents\\Mercy-fx\\mercy-dev-studio\\node_modules\\@unrs\\resolver-binding-linux-arm-gnueabihf'
805 silly reify ]
806 verbose reify failed optional dependency C:\Users\Hp 1030 X360\Documents\Mercy-fx\mercy-dev-studio\node_modules\@unrs\resolver-binding-freebsd-x64
807 silly reify mark deleted [
807 silly reify   'C:\\Users\\Hp 1030 X360\\Documents\\Mercy-fx\\mercy-dev-studio\\node_modules\\@unrs\\resolver-binding-freebsd-x64'
807 silly reify ]
808 verbose reify failed optional dependency C:\Users\Hp 1030 X360\Documents\Mercy-fx\mercy-dev-studio\node_modules\@unrs\resolver-binding-darwin-x64
809 silly reify mark deleted [
809 silly reify   'C:\\Users\\Hp 1030 X360\\Documents\\Mercy-fx\\mercy-dev-studio\\node_modules\\@unrs\\resolver-binding-darwin-x64'
809 silly reify ]
810 verbose reify failed optional dependency C:\Users\Hp 1030 X360\Documents\Mercy-fx\mercy-dev-studio\node_modules\@unrs\resolver-binding-darwin-arm64
811 silly reify mark deleted [
811 silly reify   'C:\\Users\\Hp 1030 X360\\Documents\\Mercy-fx\\mercy-dev-studio\\node_modules\\@unrs\\resolver-binding-darwin-arm64'
811 silly reify ]
812 verbose reify failed optional dependency C:\Users\Hp 1030 X360\Documents\Mercy-fx\mercy-dev-studio\node_modules\@unrs\resolver-binding-android-arm64
813 silly reify mark deleted [
813 silly reify   'C:\\Users\\Hp 1030 X360\\Documents\\Mercy-fx\\mercy-dev-studio\\node_modules\\@unrs\\resolver-binding-android-arm64'
813 silly reify ]
814 verbose reify failed optional dependency C:\Users\Hp 1030 X360\Documents\Mercy-fx\mercy-dev-studio\node_modules\@unrs\resolver-binding-android-arm-eabi
815 silly reify mark deleted [
815 silly reify   'C:\\Users\\Hp 1030 X360\\Documents\\Mercy-fx\\mercy-dev-studio\\node_modules\\@unrs\\resolver-binding-android-arm-eabi'
815 silly reify ]
816 verbose reify failed optional dependency C:\Users\Hp 1030 X360\Documents\Mercy-fx\mercy-dev-studio\node_modules\@tailwindcss\oxide-win32-arm64-msvc
817 silly reify mark deleted [
817 silly reify   'C:\\Users\\Hp 1030 X360\\Documents\\Mercy-fx\\mercy-dev-studio\\node_modules\\@tailwindcss\\oxide-win32-arm64-msvc'
817 silly reify ]
818 verbose reify failed optional dependency C:\Users\Hp 1030 X360\Documents\Mercy-fx\mercy-dev-studio\node_modules\@tailwindcss\oxide-linux-x64-musl
819 silly reify mark deleted [
819 silly reify   'C:\\Users\\Hp 1030 X360\\Documents\\Mercy-fx\\mercy-dev-studio\\node_modules\\@tailwindcss\\oxide-linux-x64-musl'
819 silly reify ]
820 verbose reify failed optional dependency C:\Users\Hp 1030 X360\Documents\Mercy-fx\mercy-dev-studio\node_modules\@tailwindcss\oxide-linux-x64-gnu
821 silly reify mark deleted [
821 silly reify   'C:\\Users\\Hp 1030 X360\\Documents\\Mercy-fx\\mercy-dev-studio\\node_modules\\@tailwindcss\\oxide-linux-x64-gnu'
821 silly reify ]
822 verbose reify failed optional dependency C:\Users\Hp 1030 X360\Documents\Mercy-fx\mercy-dev-studio\node_modules\@tailwindcss\oxide-linux-arm64-musl
823 silly reify mark deleted [
823 silly reify   'C:\\Users\\Hp 1030 X360\\Documents\\Mercy-fx\\mercy-dev-studio\\node_modules\\@tailwindcss\\oxide-linux-arm64-musl'
823 silly reify ]
824 verbose reify failed optional dependency C:\Users\Hp 1030 X360\Documents\Mercy-fx\mercy-dev-studio\node_modules\@tailwindcss\oxide-linux-arm64-gnu
825 silly reify mark deleted [
825 silly reify   'C:\\Users\\Hp 1030 X360\\Documents\\Mercy-fx\\mercy-dev-studio\\node_modules\\@tailwindcss\\oxide-linux-arm64-gnu'
825 silly reify ]
826 verbose reify failed optional dependency C:\Users\Hp 1030 X360\Documents\Mercy-fx\mercy-dev-studio\node_modules\@tailwindcss\oxide-linux-arm-gnueabihf
827 silly reify mark deleted [
827 silly reify   'C:\\Users\\Hp 1030 X360\\Documents\\Mercy-fx\\mercy-dev-studio\\node_modules\\@tailwindcss\\oxide-linux-arm-gnueabihf'
827 silly reify ]
828 verbose reify failed optional dependency C:\Users\Hp 1030 X360\Documents\Mercy-fx\mercy-dev-studio\node_modules\@tailwindcss\oxide-freebsd-x64
829 silly reify mark deleted [
829 silly reify   'C:\\Users\\Hp 1030 X360\\Documents\\Mercy-fx\\mercy-dev-studio\\node_modules\\@tailwindcss\\oxide-freebsd-x64'
829 silly reify ]
830 verbose reify failed optional dependency C:\Users\Hp 1030 X360\Documents\Mercy-fx\mercy-dev-studio\node_modules\@tailwindcss\oxide-darwin-x64
831 silly reify mark deleted [
831 silly reify   'C:\\Users\\Hp 1030 X360\\Documents\\Mercy-fx\\mercy-dev-studio\\node_modules\\@tailwindcss\\oxide-darwin-x64'
831 silly reify ]
832 verbose reify failed optional dependency C:\Users\Hp 1030 X360\Documents\Mercy-fx\mercy-dev-studio\node_modules\@tailwindcss\oxide-darwin-arm64
833 silly reify mark deleted [
833 silly reify   'C:\\Users\\Hp 1030 X360\\Documents\\Mercy-fx\\mercy-dev-studio\\node_modules\\@tailwindcss\\oxide-darwin-arm64'
833 silly reify ]
834 verbose reify failed optional dependency C:\Users\Hp 1030 X360\Documents\Mercy-fx\mercy-dev-studio\node_modules\@tailwindcss\oxide-android-arm64
835 silly reify mark deleted [
835 silly reify   'C:\\Users\\Hp 1030 X360\\Documents\\Mercy-fx\\mercy-dev-studio\\node_modules\\@tailwindcss\\oxide-android-arm64'
835 silly reify ]
836 verbose reify failed optional dependency C:\Users\Hp 1030 X360\Documents\Mercy-fx\mercy-dev-studio\node_modules\@next\swc-win32-ia32-msvc
837 silly reify mark deleted [
837 silly reify   'C:\\Users\\Hp 1030 X360\\Documents\\Mercy-fx\\mercy-dev-studio\\node_modules\\@next\\swc-win32-ia32-msvc'
837 silly reify ]
838 verbose reify failed optional dependency C:\Users\Hp 1030 X360\Documents\Mercy-fx\mercy-dev-studio\node_modules\@next\swc-win32-arm64-msvc
839 silly reify mark deleted [
839 silly reify   'C:\\Users\\Hp 1030 X360\\Documents\\Mercy-fx\\mercy-dev-studio\\node_modules\\@next\\swc-win32-arm64-msvc'
839 silly reify ]
840 verbose reify failed optional dependency C:\Users\Hp 1030 X360\Documents\Mercy-fx\mercy-dev-studio\node_modules\@next\swc-linux-x64-musl
841 silly reify mark deleted [
841 silly reify   'C:\\Users\\Hp 1030 X360\\Documents\\Mercy-fx\\mercy-dev-studio\\node_modules\\@next\\swc-linux-x64-musl'
841 silly reify ]
842 verbose reify failed optional dependency C:\Users\Hp 1030 X360\Documents\Mercy-fx\mercy-dev-studio\node_modules\@next\swc-linux-x64-gnu
843 silly reify mark deleted [
843 silly reify   'C:\\Users\\Hp 1030 X360\\Documents\\Mercy-fx\\mercy-dev-studio\\node_modules\\@next\\swc-linux-x64-gnu'
843 silly reify ]
844 verbose reify failed optional dependency C:\Users\Hp 1030 X360\Documents\Mercy-fx\mercy-dev-studio\node_modules\@next\swc-linux-arm64-musl
845 silly reify mark deleted [
845 silly reify   'C:\\Users\\Hp 1030 X360\\Documents\\Mercy-fx\\mercy-dev-studio\\node_modules\\@next\\swc-linux-arm64-musl'
845 silly reify ]
846 verbose reify failed optional dependency C:\Users\Hp 1030 X360\Documents\Mercy-fx\mercy-dev-studio\node_modules\@next\swc-linux-arm64-gnu
847 silly reify mark deleted [
847 silly reify   'C:\\Users\\Hp 1030 X360\\Documents\\Mercy-fx\\mercy-dev-studio\\node_modules\\@next\\swc-linux-arm64-gnu'
847 silly reify ]
848 verbose reify failed optional dependency C:\Users\Hp 1030 X360\Documents\Mercy-fx\mercy-dev-studio\node_modules\@next\swc-darwin-x64
849 silly reify mark deleted [
849 silly reify   'C:\\Users\\Hp 1030 X360\\Documents\\Mercy-fx\\mercy-dev-studio\\node_modules\\@next\\swc-darwin-x64'
849 silly reify ]
850 verbose reify failed optional dependency C:\Users\Hp 1030 X360\Documents\Mercy-fx\mercy-dev-studio\node_modules\@next\swc-darwin-arm64
851 silly reify mark deleted [
851 silly reify   'C:\\Users\\Hp 1030 X360\\Documents\\Mercy-fx\\mercy-dev-studio\\node_modules\\@next\\swc-darwin-arm64'
851 silly reify ]
852 verbose reify failed optional dependency C:\Users\Hp 1030 X360\Documents\Mercy-fx\mercy-dev-studio\node_modules\@esbuild\win32-ia32
853 silly reify mark deleted [
853 silly reify   'C:\\Users\\Hp 1030 X360\\Documents\\Mercy-fx\\mercy-dev-studio\\node_modules\\@esbuild\\win32-ia32'
853 silly reify ]
854 verbose reify failed optional dependency C:\Users\Hp 1030 X360\Documents\Mercy-fx\mercy-dev-studio\node_modules\@esbuild\win32-arm64
855 silly reify mark deleted [
855 silly reify   'C:\\Users\\Hp 1030 X360\\Documents\\Mercy-fx\\mercy-dev-studio\\node_modules\\@esbuild\\win32-arm64'
855 silly reify ]
856 verbose reify failed optional dependency C:\Users\Hp 1030 X360\Documents\Mercy-fx\mercy-dev-studio\node_modules\@esbuild\sunos-x64
857 silly reify mark deleted [
857 silly reify   'C:\\Users\\Hp 1030 X360\\Documents\\Mercy-fx\\mercy-dev-studio\\node_modules\\@esbuild\\sunos-x64'
857 silly reify ]
858 verbose reify failed optional dependency C:\Users\Hp 1030 X360\Documents\Mercy-fx\mercy-dev-studio\node_modules\@esbuild\openharmony-arm64
859 silly reify mark deleted [
859 silly reify   'C:\\Users\\Hp 1030 X360\\Documents\\Mercy-fx\\mercy-dev-studio\\node_modules\\@esbuild\\openharmony-arm64'
859 silly reify ]
860 verbose reify failed optional dependency C:\Users\Hp 1030 X360\Documents\Mercy-fx\mercy-dev-studio\node_modules\@esbuild\openbsd-arm64
861 silly reify mark deleted [
861 silly reify   'C:\\Users\\Hp 1030 X360\\Documents\\Mercy-fx\\mercy-dev-studio\\node_modules\\@esbuild\\openbsd-arm64'
861 silly reify ]
862 verbose reify failed optional dependency C:\Users\Hp 1030 X360\Documents\Mercy-fx\mercy-dev-studio\node_modules\@esbuild\openbsd-x64
863 silly reify mark deleted [
863 silly reify   'C:\\Users\\Hp 1030 X360\\Documents\\Mercy-fx\\mercy-dev-studio\\node_modules\\@esbuild\\openbsd-x64'
863 silly reify ]
864 verbose reify failed optional dependency C:\Users\Hp 1030 X360\Documents\Mercy-fx\mercy-dev-studio\node_modules\@esbuild\netbsd-x64
865 silly reify mark deleted [
865 silly reify   'C:\\Users\\Hp 1030 X360\\Documents\\Mercy-fx\\mercy-dev-studio\\node_modules\\@esbuild\\netbsd-x64'
865 silly reify ]
866 verbose reify failed optional dependency C:\Users\Hp 1030 X360\Documents\Mercy-fx\mercy-dev-studio\node_modules\@esbuild\netbsd-arm64
867 silly reify mark deleted [
867 silly reify   'C:\\Users\\Hp 1030 X360\\Documents\\Mercy-fx\\mercy-dev-studio\\node_modules\\@esbuild\\netbsd-arm64'
867 silly reify ]
868 verbose reify failed optional dependency C:\Users\Hp 1030 X360\Documents\Mercy-fx\mercy-dev-studio\node_modules\@esbuild\linux-s390x
869 silly reify mark deleted [
869 silly reify   'C:\\Users\\Hp 1030 X360\\Documents\\Mercy-fx\\mercy-dev-studio\\node_modules\\@esbuild\\linux-s390x'
869 silly reify ]
870 verbose reify failed optional dependency C:\Users\Hp 1030 X360\Documents\Mercy-fx\mercy-dev-studio\node_modules\@esbuild\linux-x64
871 silly reify mark deleted [
871 silly reify   'C:\\Users\\Hp 1030 X360\\Documents\\Mercy-fx\\mercy-dev-studio\\node_modules\\@esbuild\\linux-x64'
871 silly reify ]
872 verbose reify failed optional dependency C:\Users\Hp 1030 X360\Documents\Mercy-fx\mercy-dev-studio\node_modules\@esbuild\linux-riscv64
873 silly reify mark deleted [
873 silly reify   'C:\\Users\\Hp 1030 X360\\Documents\\Mercy-fx\\mercy-dev-studio\\node_modules\\@esbuild\\linux-riscv64'
873 silly reify ]
874 verbose reify failed optional dependency C:\Users\Hp 1030 X360\Documents\Mercy-fx\mercy-dev-studio\node_modules\@esbuild\linux-ppc64
875 silly reify mark deleted [
875 silly reify   'C:\\Users\\Hp 1030 X360\\Documents\\Mercy-fx\\mercy-dev-studio\\node_modules\\@esbuild\\linux-ppc64'
875 silly reify ]
876 verbose reify failed optional dependency C:\Users\Hp 1030 X360\Documents\Mercy-fx\mercy-dev-studio\node_modules\@esbuild\linux-mips64el
877 silly reify mark deleted [
877 silly reify   'C:\\Users\\Hp 1030 X360\\Documents\\Mercy-fx\\mercy-dev-studio\\node_modules\\@esbuild\\linux-mips64el'
877 silly reify ]
878 verbose reify failed optional dependency C:\Users\Hp 1030 X360\Documents\Mercy-fx\mercy-dev-studio\node_modules\@esbuild\linux-loong64
879 silly reify mark deleted [
879 silly reify   'C:\\Users\\Hp 1030 X360\\Documents\\Mercy-fx\\mercy-dev-studio\\node_modules\\@esbuild\\linux-loong64'
879 silly reify ]
880 verbose reify failed optional dependency C:\Users\Hp 1030 X360\Documents\Mercy-fx\mercy-dev-studio\node_modules\@esbuild\linux-ia32
881 silly reify mark deleted [
881 silly reify   'C:\\Users\\Hp 1030 X360\\Documents\\Mercy-fx\\mercy-dev-studio\\node_modules\\@esbuild\\linux-ia32'
881 silly reify ]
882 verbose reify failed optional dependency C:\Users\Hp 1030 X360\Documents\Mercy-fx\mercy-dev-studio\node_modules\@esbuild\linux-arm64
883 silly reify mark deleted [
883 silly reify   'C:\\Users\\Hp 1030 X360\\Documents\\Mercy-fx\\mercy-dev-studio\\node_modules\\@esbuild\\linux-arm64'
883 silly reify ]
884 verbose reify failed optional dependency C:\Users\Hp 1030 X360\Documents\Mercy-fx\mercy-dev-studio\node_modules\@esbuild\linux-arm
885 silly reify mark deleted [
885 silly reify   'C:\\Users\\Hp 1030 X360\\Documents\\Mercy-fx\\mercy-dev-studio\\node_modules\\@esbuild\\linux-arm'
885 silly reify ]
886 verbose reify failed optional dependency C:\Users\Hp 1030 X360\Documents\Mercy-fx\mercy-dev-studio\node_modules\@esbuild\freebsd-x64
887 silly reify mark deleted [
887 silly reify   'C:\\Users\\Hp 1030 X360\\Documents\\Mercy-fx\\mercy-dev-studio\\node_modules\\@esbuild\\freebsd-x64'
887 silly reify ]
888 verbose reify failed optional dependency C:\Users\Hp 1030 X360\Documents\Mercy-fx\mercy-dev-studio\node_modules\@esbuild\freebsd-arm64
889 silly reify mark deleted [
889 silly reify   'C:\\Users\\Hp 1030 X360\\Documents\\Mercy-fx\\mercy-dev-studio\\node_modules\\@esbuild\\freebsd-arm64'
889 silly reify ]
890 verbose reify failed optional dependency C:\Users\Hp 1030 X360\Documents\Mercy-fx\mercy-dev-studio\node_modules\@esbuild\darwin-x64
891 silly reify mark deleted [
891 silly reify   'C:\\Users\\Hp 1030 X360\\Documents\\Mercy-fx\\mercy-dev-studio\\node_modules\\@esbuild\\darwin-x64'
891 silly reify ]
892 verbose reify failed optional dependency C:\Users\Hp 1030 X360\Documents\Mercy-fx\mercy-dev-studio\node_modules\@esbuild\darwin-arm64
893 silly reify mark deleted [
893 silly reify   'C:\\Users\\Hp 1030 X360\\Documents\\Mercy-fx\\mercy-dev-studio\\node_modules\\@esbuild\\darwin-arm64'
893 silly reify ]
894 verbose reify failed optional dependency C:\Users\Hp 1030 X360\Documents\Mercy-fx\mercy-dev-studio\node_modules\@esbuild\android-x64
895 silly reify mark deleted [
895 silly reify   'C:\\Users\\Hp 1030 X360\\Documents\\Mercy-fx\\mercy-dev-studio\\node_modules\\@esbuild\\android-x64'
895 silly reify ]
896 verbose reify failed optional dependency C:\Users\Hp 1030 X360\Documents\Mercy-fx\mercy-dev-studio\node_modules\@esbuild\android-arm64
897 silly reify mark deleted [
897 silly reify   'C:\\Users\\Hp 1030 X360\\Documents\\Mercy-fx\\mercy-dev-studio\\node_modules\\@esbuild\\android-arm64'
897 silly reify ]
898 verbose reify failed optional dependency C:\Users\Hp 1030 X360\Documents\Mercy-fx\mercy-dev-studio\node_modules\@esbuild\android-arm
899 silly reify mark deleted [
899 silly reify   'C:\\Users\\Hp 1030 X360\\Documents\\Mercy-fx\\mercy-dev-studio\\node_modules\\@esbuild\\android-arm'
899 silly reify ]
900 verbose reify failed optional dependency C:\Users\Hp 1030 X360\Documents\Mercy-fx\mercy-dev-studio\node_modules\@esbuild\aix-ppc64
901 silly reify mark deleted [
901 silly reify   'C:\\Users\\Hp 1030 X360\\Documents\\Mercy-fx\\mercy-dev-studio\\node_modules\\@esbuild\\aix-ppc64'
901 silly reify ]
902 verbose reify failed optional dependency C:\Users\Hp 1030 X360\Documents\Mercy-fx\mercy-dev-studio\node_modules\lightningcss-win32-arm64-msvc
903 silly reify mark deleted [
903 silly reify   'C:\\Users\\Hp 1030 X360\\Documents\\Mercy-fx\\mercy-dev-studio\\node_modules\\lightningcss-win32-arm64-msvc'
903 silly reify ]
904 verbose reify failed optional dependency C:\Users\Hp 1030 X360\Documents\Mercy-fx\mercy-dev-studio\node_modules\lightningcss-linux-x64-musl
905 silly reify mark deleted [
905 silly reify   'C:\\Users\\Hp 1030 X360\\Documents\\Mercy-fx\\mercy-dev-studio\\node_modules\\lightningcss-linux-x64-musl'
905 silly reify ]
906 verbose reify failed optional dependency C:\Users\Hp 1030 X360\Documents\Mercy-fx\mercy-dev-studio\node_modules\lightningcss-linux-x64-gnu
907 silly reify mark deleted [
907 silly reify   'C:\\Users\\Hp 1030 X360\\Documents\\Mercy-fx\\mercy-dev-studio\\node_modules\\lightningcss-linux-x64-gnu'
907 silly reify ]
908 verbose reify failed optional dependency C:\Users\Hp 1030 X360\Documents\Mercy-fx\mercy-dev-studio\node_modules\lightningcss-linux-arm64-musl
909 silly reify mark deleted [
909 silly reify   'C:\\Users\\Hp 1030 X360\\Documents\\Mercy-fx\\mercy-dev-studio\\node_modules\\lightningcss-linux-arm64-musl'
909 silly reify ]
910 verbose reify failed optional dependency C:\Users\Hp 1030 X360\Documents\Mercy-fx\mercy-dev-studio\node_modules\lightningcss-linux-arm64-gnu
911 silly reify mark deleted [
911 silly reify   'C:\\Users\\Hp 1030 X360\\Documents\\Mercy-fx\\mercy-dev-studio\\node_modules\\lightningcss-linux-arm64-gnu'
911 silly reify ]
912 verbose reify failed optional dependency C:\Users\Hp 1030 X360\Documents\Mercy-fx\mercy-dev-studio\node_modules\lightningcss-linux-arm-gnueabihf
913 silly reify mark deleted [
913 silly reify   'C:\\Users\\Hp 1030 X360\\Documents\\Mercy-fx\\mercy-dev-studio\\node_modules\\lightningcss-linux-arm-gnueabihf'
913 silly reify ]
914 verbose reify failed optional dependency C:\Users\Hp 1030 X360\Documents\Mercy-fx\mercy-dev-studio\node_modules\lightningcss-freebsd-x64
915 silly reify mark deleted [
915 silly reify   'C:\\Users\\Hp 1030 X360\\Documents\\Mercy-fx\\mercy-dev-studio\\node_modules\\lightningcss-freebsd-x64'
915 silly reify ]
916 verbose reify failed optional dependency C:\Users\Hp 1030 X360\Documents\Mercy-fx\mercy-dev-studio\node_modules\lightningcss-darwin-x64
917 silly reify mark deleted [
917 silly reify   'C:\\Users\\Hp 1030 X360\\Documents\\Mercy-fx\\mercy-dev-studio\\node_modules\\lightningcss-darwin-x64'
917 silly reify ]
918 verbose reify failed optional dependency C:\Users\Hp 1030 X360\Documents\Mercy-fx\mercy-dev-studio\node_modules\lightningcss-darwin-arm64
919 silly reify mark deleted [
919 silly reify   'C:\\Users\\Hp 1030 X360\\Documents\\Mercy-fx\\mercy-dev-studio\\node_modules\\lightningcss-darwin-arm64'
919 silly reify ]
920 verbose reify failed optional dependency C:\Users\Hp 1030 X360\Documents\Mercy-fx\mercy-dev-studio\node_modules\lightningcss-android-arm64
921 silly reify mark deleted [
921 silly reify   'C:\\Users\\Hp 1030 X360\\Documents\\Mercy-fx\\mercy-dev-studio\\node_modules\\lightningcss-android-arm64'
921 silly reify ]
922 verbose reify failed optional dependency C:\Users\Hp 1030 X360\Documents\Mercy-fx\mercy-dev-studio\node_modules\fsevents
923 silly reify mark deleted [
923 silly reify   'C:\\Users\\Hp 1030 X360\\Documents\\Mercy-fx\\mercy-dev-studio\\node_modules\\fsevents'
923 silly reify ]
924 http cache @ungap/structured-clone@https://registry.npmjs.org/@ungap/structured-clone/-/structured-clone-1.3.1.tgz 0ms (cache hit)
925 http cache @typescript-eslint/visitor-keys@https://registry.npmjs.org/@typescript-eslint/visitor-keys/-/visitor-keys-8.61.1.tgz 0ms (cache hit)
926 http cache @typescript-eslint/utils@https://registry.npmjs.org/@typescript-eslint/utils/-/utils-8.61.1.tgz 0ms (cache hit)
927 http cache @typescript-eslint/types@https://registry.npmjs.org/@typescript-eslint/types/-/types-8.61.1.tgz 0ms (cache hit)
928 http cache @typescript-eslint/typescript-estree@https://registry.npmjs.org/@typescript-eslint/typescript-estree/-/typescript-estree-8.61.1.tgz 1ms (cache hit)
929 http cache @typescript-eslint/type-utils@https://registry.npmjs.org/@typescript-eslint/type-utils/-/type-utils-8.61.1.tgz 0ms (cache hit)
930 http cache @typescript-eslint/tsconfig-utils@https://registry.npmjs.org/@typescript-eslint/tsconfig-utils/-/tsconfig-utils-8.61.1.tgz 0ms (cache hit)
931 http cache @typescript-eslint/scope-manager@https://registry.npmjs.org/@typescript-eslint/scope-manager/-/scope-manager-8.61.1.tgz 0ms (cache hit)
932 http cache @typescript-eslint/project-service@https://registry.npmjs.org/@typescript-eslint/project-service/-/project-service-8.61.1.tgz 0ms (cache hit)
933 http cache @typescript-eslint/eslint-plugin@https://registry.npmjs.org/@typescript-eslint/eslint-plugin/-/eslint-plugin-8.61.1.tgz 0ms (cache hit)
934 http cache @typescript-eslint/parser@https://registry.npmjs.org/@typescript-eslint/parser/-/parser-8.61.1.tgz 0ms (cache hit)
935 http cache @types/prop-types@https://registry.npmjs.org/@types/prop-types/-/prop-types-15.7.15.tgz 0ms (cache hit)
936 http cache @types/react-dom@https://registry.npmjs.org/@types/react-dom/-/react-dom-18.3.7.tgz 0ms (cache hit)
937 http cache @rushstack/eslint-patch@https://registry.npmjs.org/@rushstack/eslint-patch/-/eslint-patch-1.16.1.tgz 0ms (cache hit)
938 http cache @types/react@https://registry.npmjs.org/@types/react/-/react-18.3.31.tgz 0ms (cache hit)
939 http cache @swc/helpers@https://registry.npmjs.org/@swc/helpers/-/helpers-0.5.5.tgz 0ms (cache hit)
940 http cache @pkgjs/parseargs@https://registry.npmjs.org/@pkgjs/parseargs/-/parseargs-0.11.0.tgz 0ms (cache hit)
941 http cache @next/swc-win32-x64-msvc@https://registry.npmjs.org/@next/swc-win32-x64-msvc/-/swc-win32-x64-msvc-14.2.33.tgz 0ms (cache hit)
942 http cache @next/eslint-plugin-next@https://registry.npmjs.org/@next/eslint-plugin-next/-/eslint-plugin-next-14.2.35.tgz 0ms (cache hit)
943 http cache @next/env@https://registry.npmjs.org/@next/env/-/env-14.2.35.tgz 0ms (cache hit)
944 http cache @isaacs/cliui@https://registry.npmjs.org/@isaacs/cliui/-/cliui-8.0.2.tgz 0ms (cache hit)
945 http cache @humanwhocodes/object-schema@https://registry.npmjs.org/@humanwhocodes/object-schema/-/object-schema-2.0.3.tgz 0ms (cache hit)
946 http cache @humanwhocodes/config-array@https://registry.npmjs.org/@humanwhocodes/config-array/-/config-array-0.13.0.tgz 1ms (cache hit)
947 http cache @eslint/js@https://registry.npmjs.org/@eslint/js/-/js-8.57.1.tgz 0ms (cache hit)
948 http cache @eslint/eslintrc@https://registry.npmjs.org/@eslint/eslintrc/-/eslintrc-2.1.4.tgz 0ms (cache hit)
949 http cache wrappy@https://registry.npmjs.org/wrappy/-/wrappy-1.0.2.tgz 0ms (cache hit)
950 http cache wrap-ansi-cjs@https://registry.npmjs.org/wrap-ansi/-/wrap-ansi-7.0.0.tgz 0ms (cache hit)
951 http cache wrap-ansi@https://registry.npmjs.org/wrap-ansi/-/wrap-ansi-8.1.0.tgz 0ms (cache hit)
952 http cache type-fest@https://registry.npmjs.org/type-fest/-/type-fest-0.20.2.tgz 0ms (cache hit)
953 http cache text-table@https://registry.npmjs.org/text-table/-/text-table-0.2.0.tgz 0ms (cache hit)
954 http cache styled-jsx@https://registry.npmjs.org/styled-jsx/-/styled-jsx-5.1.1.tgz 0ms (cache hit)
955 http cache strip-ansi-cjs@https://registry.npmjs.org/strip-ansi/-/strip-ansi-6.0.1.tgz 0ms (cache hit)
956 http cache strip-ansi@https://registry.npmjs.org/strip-ansi/-/strip-ansi-6.0.1.tgz 0ms (cache hit)
957 http cache string-width@https://registry.npmjs.org/string-width/-/string-width-5.1.2.tgz 0ms (cache hit)
958 http cache signal-exit@https://registry.npmjs.org/signal-exit/-/signal-exit-4.1.0.tgz 0ms (cache hit)
959 http cache scheduler@https://registry.npmjs.org/scheduler/-/scheduler-0.23.2.tgz 0ms (cache hit)
960 http cache rimraf@https://registry.npmjs.org/rimraf/-/rimraf-3.0.2.tgz 0ms (cache hit)
961 http cache string-width-cjs@https://registry.npmjs.org/string-width/-/string-width-4.2.3.tgz 0ms (cache hit)
962 http cache react@https://registry.npmjs.org/react/-/react-18.2.0.tgz 0ms (cache hit)
963 http cache react-dom@https://registry.npmjs.org/react-dom/-/react-dom-18.2.0.tgz 0ms (cache hit)
964 http cache path-scurry@https://registry.npmjs.org/path-scurry/-/path-scurry-1.11.1.tgz 0ms (cache hit)
965 http cache path-is-absolute@https://registry.npmjs.org/path-is-absolute/-/path-is-absolute-1.0.1.tgz 0ms (cache hit)
966 http cache once@https://registry.npmjs.org/once/-/once-1.4.0.tgz 0ms (cache hit)
967 http cache minipass@https://registry.npmjs.org/minipass/-/minipass-7.1.3.tgz 0ms (cache hit)
968 http cache lru-cache@https://registry.npmjs.org/lru-cache/-/lru-cache-10.4.3.tgz 0ms (cache hit)
969 http cache js-yaml@https://registry.npmjs.org/js-yaml/-/js-yaml-4.2.0.tgz 0ms (cache hit)
970 http cache jackspeak@https://registry.npmjs.org/jackspeak/-/jackspeak-2.3.6.tgz 0ms (cache hit)
971 http cache is-path-inside@https://registry.npmjs.org/is-path-inside/-/is-path-inside-3.0.3.tgz 0ms (cache hit)
972 http cache inherits@https://registry.npmjs.org/inherits/-/inherits-2.0.4.tgz 0ms (cache hit)
973 http cache is-fullwidth-code-point@https://registry.npmjs.org/is-fullwidth-code-point/-/is-fullwidth-code-point-3.0.0.tgz 0ms (cache hit)
974 http cache inflight@https://registry.npmjs.org/inflight/-/inflight-1.0.6.tgz 1ms (cache hit)
975 http cache graphemer@https://registry.npmjs.org/graphemer/-/graphemer-1.4.0.tgz 0ms (cache hit)
976 http cache globals@https://registry.npmjs.org/globals/-/globals-13.24.0.tgz 0ms (cache hit)
977 http cache glob@https://registry.npmjs.org/glob/-/glob-10.3.10.tgz 0ms (cache hit)
978 http cache foreground-child@https://registry.npmjs.org/foreground-child/-/foreground-child-3.3.1.tgz 0ms (cache hit)
979 http cache fs.realpath@https://registry.npmjs.org/fs.realpath/-/fs.realpath-1.0.0.tgz 0ms (cache hit)
980 http cache flat-cache@https://registry.npmjs.org/flat-cache/-/flat-cache-3.2.0.tgz 0ms (cache hit)
981 http cache espree@https://registry.npmjs.org/espree/-/espree-9.6.1.tgz 0ms (cache hit)
982 http cache eslint-visitor-keys@https://registry.npmjs.org/eslint-visitor-keys/-/eslint-visitor-keys-3.4.3.tgz 0ms (cache hit)
983 http cache eslint-scope@https://registry.npmjs.org/eslint-scope/-/eslint-scope-7.2.2.tgz 0ms (cache hit)
984 http cache eslint-plugin-react-hooks@https://registry.npmjs.org/eslint-plugin-react-hooks/-/eslint-plugin-react-hooks-5.0.0-canary-7118f5dd7-20230705.tgz 0ms (cache hit)
985 http cache eslint-config-next@https://registry.npmjs.org/eslint-config-next/-/eslint-config-next-14.2.35.tgz 0ms (cache hit)
986 http cache eslint@https://registry.npmjs.org/eslint/-/eslint-8.57.1.tgz 0ms (cache hit)
987 http cache eastasianwidth@https://registry.npmjs.org/eastasianwidth/-/eastasianwidth-0.2.0.tgz 0ms (cache hit)
988 http cache ansi-regex@https://registry.npmjs.org/ansi-regex/-/ansi-regex-5.0.1.tgz 0ms (cache hit)
989 http cache file-entry-cache@https://registry.npmjs.org/file-entry-cache/-/file-entry-cache-6.0.1.tgz 0ms (cache hit)
990 http cache acorn@https://registry.npmjs.org/acorn/-/acorn-8.17.0.tgz 0ms (cache hit)
991 http cache next@https://registry.npmjs.org/next/-/next-14.2.35.tgz 0ms (cache hit)
992 http cache eslint-visitor-keys@https://registry.npmjs.org/eslint-visitor-keys/-/eslint-visitor-keys-5.0.1.tgz 0ms (cache hit)
993 http cache balanced-match@https://registry.npmjs.org/balanced-match/-/balanced-match-4.0.4.tgz 1ms (cache hit)
994 http cache brace-expansion@https://registry.npmjs.org/brace-expansion/-/brace-expansion-5.0.6.tgz 0ms (cache hit)
995 http cache minimatch@https://registry.npmjs.org/minimatch/-/minimatch-10.2.5.tgz 0ms (cache hit)
996 http cache semver@https://registry.npmjs.org/semver/-/semver-7.8.4.tgz 0ms (cache hit)
997 http cache ignore@https://registry.npmjs.org/ignore/-/ignore-7.0.5.tgz 0ms (cache hit)
998 http cache strip-ansi@https://registry.npmjs.org/strip-ansi/-/strip-ansi-7.2.0.tgz 0ms (cache hit)
999 http cache ansi-regex@https://registry.npmjs.org/ansi-regex/-/ansi-regex-6.2.2.tgz 0ms (cache hit)
1000 http cache string-width@https://registry.npmjs.org/string-width/-/string-width-4.2.3.tgz 0ms (cache hit)
1001 http cache emoji-regex@https://registry.npmjs.org/emoji-regex/-/emoji-regex-8.0.0.tgz 0ms (cache hit)
1002 http cache strip-ansi@https://registry.npmjs.org/strip-ansi/-/strip-ansi-7.2.0.tgz 0ms (cache hit)
1003 http cache ansi-regex@https://registry.npmjs.org/ansi-regex/-/ansi-regex-6.2.2.tgz 0ms (cache hit)
1004 http cache ansi-styles@https://registry.npmjs.org/ansi-styles/-/ansi-styles-6.2.3.tgz 0ms (cache hit)
1005 http cache strip-ansi@https://registry.npmjs.org/strip-ansi/-/strip-ansi-7.2.0.tgz 0ms (cache hit)
1006 http cache emoji-regex@https://registry.npmjs.org/emoji-regex/-/emoji-regex-8.0.0.tgz 0ms (cache hit)
1007 http cache ansi-regex@https://registry.npmjs.org/ansi-regex/-/ansi-regex-6.2.2.tgz 0ms (cache hit)
1008 http cache glob@https://registry.npmjs.org/glob/-/glob-7.2.3.tgz 0ms (cache hit)
1009 http cache minimatch@https://registry.npmjs.org/minimatch/-/minimatch-9.0.9.tgz 0ms (cache hit)
1010 http cache brace-expansion@https://registry.npmjs.org/brace-expansion/-/brace-expansion-2.1.1.tgz 0ms (cache hit)
1011 http cache doctrine@https://registry.npmjs.org/doctrine/-/doctrine-3.0.0.tgz 0ms (cache hit)
1012 http cache postcss@https://registry.npmjs.org/postcss/-/postcss-8.4.31.tgz 0ms (cache hit)
1013 silly tarball no local data for @next/swc-win32-x64-msvc@https://registry.npmjs.org/@next/swc-win32-x64-msvc/-/swc-win32-x64-msvc-14.2.33.tgz. Extracting by manifest.
1014 silly tarball no local data for next@https://registry.npmjs.org/next/-/next-14.2.35.tgz. Extracting by manifest.
1015 silly tarball no local data for eslint-visitor-keys@https://registry.npmjs.org/eslint-visitor-keys/-/eslint-visitor-keys-5.0.1.tgz. Extracting by manifest.
1016 silly tarball no local data for balanced-match@https://registry.npmjs.org/balanced-match/-/balanced-match-4.0.4.tgz. Extracting by manifest.
1017 silly tarball no local data for brace-expansion@https://registry.npmjs.org/brace-expansion/-/brace-expansion-5.0.6.tgz. Extracting by manifest.
1018 silly tarball no local data for minimatch@https://registry.npmjs.org/minimatch/-/minimatch-10.2.5.tgz. Extracting by manifest.
1019 silly tarball no local data for ignore@https://registry.npmjs.org/ignore/-/ignore-7.0.5.tgz. Extracting by manifest.
1020 silly tarball no local data for postcss@https://registry.npmjs.org/postcss/-/postcss-8.4.31.tgz. Extracting by manifest.
1021 warn deprecated inflight@1.0.6: This module is not supported, and leaks memory. Do not use it. Check out lru-cache if you want a good and tested way to coalesce async requests by a key value, which is much more comprehensive and powerful.
1022 warn deprecated @humanwhocodes/config-array@0.13.0: Use @eslint/config-array instead
1023 warn deprecated rimraf@3.0.2: Rimraf versions prior to v4 are no longer supported
1024 http fetch POST 200 https://registry.npmjs.org/-/npm/v1/security/advisories/bulk 2539ms
1025 silly audit report {
1025 silly audit report   esbuild: [
1025 silly audit report     {
1025 silly audit report       id: 1120680,
1025 silly audit report       url: 'https://github.com/advisories/GHSA-g7r4-m6w7-qqqr',
1025 silly audit report       title: 'esbuild allows arbitrary file read when running the development server on Windows',
1025 silly audit report       severity: 'low',
1025 silly audit report       vulnerable_versions: '>=0.27.3 <0.28.1',
1025 silly audit report       cwe: [Array],
1025 silly audit report       cvss: [Object]
1025 silly audit report     }
1025 silly audit report   ],
1025 silly audit report   postcss: [
1025 silly audit report     {
1025 silly audit report       id: 1117015,
1025 silly audit report       url: 'https://github.com/advisories/GHSA-qx2v-qp2m-jg93',
1025 silly audit report       title: 'PostCSS has XSS via Unescaped </style> in its CSS Stringify Output',
1025 silly audit report       severity: 'moderate',
1025 silly audit report       vulnerable_versions: '<8.5.10',
1025 silly audit report       cwe: [Array],
1025 silly audit report       cvss: [Object]
1025 silly audit report     }
1025 silly audit report   ],
1025 silly audit report   uuid: [
1025 silly audit report     {
1025 silly audit report       id: 1119441,
1025 silly audit report       url: 'https://github.com/advisories/GHSA-w5hq-g745-h8pq',
1025 silly audit report       title: 'uuid: Missing buffer bounds check in v3/v5/v6 when buf is provided',
1025 silly audit report       severity: 'moderate',
1025 silly audit report       vulnerable_versions: '<11.1.1',
1025 silly audit report       cwe: [Array],
1025 silly audit report       cvss: [Object]
1025 silly audit report     }
1025 silly audit report   ],
1025 silly audit report   next: [
1025 silly audit report     {
1025 silly audit report       id: 1117931,
1025 silly audit report       url: 'https://github.com/advisories/GHSA-8h8q-6873-q5fj',
1025 silly audit report       title: 'Next.js Vulnerable to Denial of Service with Server Components',
1025 silly audit report       severity: 'high',
1025 silly audit report       vulnerable_versions: '>=13.0.0 <15.5.16',
1025 silly audit report       cwe: [Array],
1025 silly audit report       cvss: [Object]
1025 silly audit report     },
1025 silly audit report     {
1025 silly audit report       id: 1118942,
1025 silly audit report       url: 'https://github.com/advisories/GHSA-3g8h-86w9-wvmq',
1025 silly audit report       title: "Next.js's Middleware / Proxy redirects can be cache-poisoned",
1025 silly audit report       severity: 'low',
1025 silly audit report       vulnerable_versions: '>=12.2.0 <15.5.16',
1025 silly audit report       cwe: [Array],
1025 silly audit report       cvss: [Object]
1025 silly audit report     },
1025 silly audit report     {
1025 silly audit report       id: 1118944,
1025 silly audit report       url: 'https://github.com/advisories/GHSA-ffhc-5mcf-pf4q',
1025 silly audit report       title: 'Next.js vulnerable to cross-site scripting in App Router applications using CSP nonces',
1025 silly audit report       severity: 'moderate',
1025 silly audit report       vulnerable_versions: '>=13.4.0 <15.5.16',
1025 silly audit report       cwe: [Array],
1025 silly audit report       cvss: [Object]
1025 silly audit report     },
1025 silly audit report     {
1025 silly audit report       id: 1118946,
1025 silly audit report       url: 'https://github.com/advisories/GHSA-vfv6-92ff-j949',
1025 silly audit report       title: 'Next.js vulnerable to cache poisoning via collisions in React Server Component cache-busting',
1025 silly audit report       severity: 'low',
1025 silly audit report       vulnerable_versions: '>=13.4.6 <15.5.16',
1025 silly audit report       cwe: [Array],
1025 silly audit report       cvss: [Object]
1025 silly audit report     },
1025 silly audit report     {
1025 silly audit report       id: 1118948,
1025 silly audit report       url: 'https://github.com/advisories/GHSA-gx5p-jg67-6x7h',
1025 silly audit report       title: 'Next.js has cross-site scripting in beforeInteractive scripts with untrusted input',
1025 silly audit report       severity: 'moderate',
1025 silly audit report       vulnerable_versions: '>=13.0.0 <15.5.16',
1025 silly audit report       cwe: [Array],
1025 silly audit report       cvss: [Object]
1025 silly audit report     },
1025 silly audit report     {
1025 silly audit report       id: 1118952,
1025 silly audit report       url: 'https://github.com/advisories/GHSA-h64f-5h5j-jqjh',
1025 silly audit report       title: 'Next.js has a Denial of Service in the Image Optimization API',
1025 silly audit report       severity: 'moderate',
1025 silly audit report       vulnerable_versions: '>=10.0.0 <15.5.16',
1025 silly audit report       cwe: [Array],
1025 silly audit report       cvss: [Object]
1025 silly audit report     },
1025 silly audit report     {
1025 silly audit report       id: 1118954,
1025 silly audit report       url: 'https://github.com/advisories/GHSA-c4j6-fc7j-m34r',
1025 silly audit report       title: 'Next.js vulnerable to server-side request forgery in applications using WebSocket upgrades',
1025 silly audit report       severity: 'high',
1025 silly audit report       vulnerable_versions: '>=13.4.13 <15.5.16',
1025 silly audit report       cwe: [Array],
1025 silly audit report       cvss: [Object]
1025 silly audit report     },
1025 silly audit report     {
1025 silly audit report       id: 1118958,
1025 silly audit report       url: 'https://github.com/advisories/GHSA-wfc6-r584-vfw7',
1025 silly audit report       title: 'Next.js vulnerable to cache poisoning in React Server Component responses',
1025 silly audit report       severity: 'moderate',
1025 silly audit report       vulnerable_versions: '>=14.2.0 <15.5.16',
1025 silly audit report       cwe: [Array],
1025 silly audit report       cvss: [Object]
1025 silly audit report     },
1025 silly audit report     {
1025 silly audit report       id: 1118962,
1025 silly audit report       url: 'https://github.com/advisories/GHSA-36qx-fr4f-26g5',
1025 silly audit report       title: 'Next.js has a Middleware / Proxy bypass in Pages Router applications using i18n',
1025 silly audit report       severity: 'high',
1025 silly audit report       vulnerable_versions: '>=12.2.0 <15.5.16',
1025 silly audit report       cwe: [Array],
1025 silly audit report       cvss: [Object]
1025 silly audit report     },
1025 silly audit report     {
1025 silly audit report       id: 1112593,
1025 silly audit report       url: 'https://github.com/advisories/GHSA-9g9p-9gw9-jx7f',
1025 silly audit report       title: 'Next.js self-hosted applications vulnerable to DoS via Image Optimizer remotePatterns configuration',
1025 silly audit report       severity: 'moderate',
1025 silly audit report       vulnerable_versions: '>=10.0.0 <15.5.10',
1025 silly audit report       cwe: [Array],
1025 silly audit report       cvss: [Object]
1025 silly audit report     },
1025 silly audit report     {
1025 silly audit report       id: 1112653,
1025 silly audit report       url: 'https://github.com/advisories/GHSA-h25m-26qc-wcjf',
1025 silly audit report       title: 'Next.js HTTP request deserialization can lead to DoS when using insecure React Server Components',
1025 silly audit report       severity: 'high',
1025 silly audit report       vulnerable_versions: '>=13.0.0 <15.0.8',
1025 silly audit report       cwe: [Array],
1025 silly audit report       cvss: [Object]
1025 silly audit report     },
1025 silly audit report     {
1025 silly audit report       id: 1114897,
1025 silly audit report       url: 'https://github.com/advisories/GHSA-ggv3-7p47-pfv8',
1025 silly audit report       title: 'Next.js: HTTP request smuggling in rewrites',
1025 silly audit report       severity: 'moderate',
1025 silly audit report       vulnerable_versions: '>=9.5.0 <15.5.13',
1025 silly audit report       cwe: [Array],
1025 silly audit report       cvss: [Object]
1025 silly audit report     },
1025 silly audit report     {
1025 silly audit report       id: 1114940,
1025 silly audit report       url: 'https://github.com/advisories/GHSA-3x4c-7xq6-9pq8',
1025 silly audit report       title: 'Next.js: Unbounded next/image disk cache growth can exhaust storage',
1025 silly audit report       severity: 'moderate',
1025 silly audit report       vulnerable_versions: '>=10.0.0 <15.5.14',
1025 silly audit report       cwe: [Array],
1025 silly audit report       cvss: [Object]
1025 silly audit report     },
1025 silly audit report     {
1025 silly audit report       id: 1116376,
1025 silly audit report       url: 'https://github.com/advisories/GHSA-q4gf-8mx6-v5v3',
1025 silly audit report       title: 'Next.js has a Denial of Service with Server Components',
1025 silly audit report       severity: 'high',
1025 silly audit report       vulnerable_versions: '>=13.0.0 <15.5.15',
1025 silly audit report       cwe: [Array],
1025 silly audit report       cvss: [Object]
1025 silly audit report     }
1025 silly audit report   ],
1025 silly audit report   glob: [
1025 silly audit report     {
1025 silly audit report       id: 1109842,
1025 silly audit report       url: 'https://github.com/advisories/GHSA-5j98-mcp5-4vw2',
1025 silly audit report       title: 'glob CLI: Command injection via -c/--cmd executes matches with shell:true',
1025 silly audit report       severity: 'high',
1025 silly audit report       vulnerable_versions: '>=10.2.0 <10.5.0',
1025 silly audit report       cwe: [Array],
1025 silly audit report       cvss: [Object]
1025 silly audit report     }
1025 silly audit report   ]
1025 silly audit report }
1026 silly packumentCache corgi:https://registry.npmjs.org/esbuild cache-miss
1027 silly packumentCache corgi:https://registry.npmjs.org/postcss cache-miss
1028 silly packumentCache corgi:https://registry.npmjs.org/uuid cache-miss
1029 silly packumentCache corgi:https://registry.npmjs.org/next cache-miss
1030 silly packumentCache corgi:https://registry.npmjs.org/glob cache-miss
1031 warn deprecated glob@7.2.3: Old versions of glob are not supported, and contain widely publicized security vulnerabilities, which have been fixed in the current version. Please update. Support for old versions may be purchased (at exorbitant rates) by contacting i@izs.me
1032 warn deprecated @humanwhocodes/object-schema@2.0.3: Use @eslint/object-schema instead
1033 http cache https://registry.npmjs.org/esbuild 594ms (cache hit)
1034 silly packumentCache corgi:https://registry.npmjs.org/esbuild set size:887361 disposed:false
1035 http cache https://registry.npmjs.org/postcss 647ms (cache hit)
1036 silly packumentCache corgi:https://registry.npmjs.org/postcss set size:344717 disposed:false
1037 http cache https://registry.npmjs.org/uuid 694ms (cache hit)
1038 silly packumentCache corgi:https://registry.npmjs.org/uuid set size:81812 disposed:false
1039 http cache https://registry.npmjs.org/glob 745ms (cache hit)
1040 silly packumentCache corgi:https://registry.npmjs.org/glob set size:199194 disposed:false
1041 http cache https://registry.npmjs.org/next 968ms (cache hit)
1042 silly packumentCache corgi:https://registry.npmjs.org/next set size:25298034 disposed:false
1043 silly packumentCache corgi:https://registry.npmjs.org/tsx cache-miss
1044 http cache https://registry.npmjs.org/tsx 329ms (cache hit)
1045 silly packumentCache corgi:https://registry.npmjs.org/tsx set size:126984 disposed:false
1046 silly packumentCache corgi:https://registry.npmjs.org/next-auth cache-miss
1047 http fetch GET 200 https://registry.npmjs.org/ignore/-/ignore-7.0.5.tgz 9462ms (cache miss)
1048 http fetch GET 200 https://registry.npmjs.org/eslint-visitor-keys/-/eslint-visitor-keys-5.0.1.tgz 9485ms (cache miss)
1049 http fetch GET 200 https://registry.npmjs.org/balanced-match/-/balanced-match-4.0.4.tgz 9588ms (cache miss)
1050 http fetch GET 200 https://registry.npmjs.org/brace-expansion/-/brace-expansion-5.0.6.tgz 9625ms (cache miss)
1051 http cache https://registry.npmjs.org/next-auth 300ms (cache hit)
1052 silly packumentCache corgi:https://registry.npmjs.org/next-auth set size:1814253 disposed:false
1053 silly packumentCache corgi:https://registry.npmjs.org/@next%2feslint-plugin-next cache-miss
1054 http cache https://registry.npmjs.org/@next%2feslint-plugin-next 245ms (cache hit)
1055 silly packumentCache corgi:https://registry.npmjs.org/@next%2feslint-plugin-next set size:3255107 disposed:false
1056 silly packumentCache corgi:https://registry.npmjs.org/eslint-config-next cache-miss
1057 http cache https://registry.npmjs.org/eslint-config-next 383ms (cache hit)
1058 silly packumentCache corgi:https://registry.npmjs.org/eslint-config-next set size:3931849 disposed:false
1059 http fetch GET 200 https://registry.npmjs.org/postcss/-/postcss-8.4.31.tgz 12754ms (cache miss)
1060 http fetch GET 200 https://registry.npmjs.org/minimatch/-/minimatch-10.2.5.tgz 12914ms (cache miss)
1061 warn deprecated glob@10.3.10: Old versions of glob are not supported, and contain widely publicized security vulnerabilities, which have been fixed in the current version. Please update. Support for old versions may be purchased (at exorbitant rates) by contacting i@izs.me
1062 warn deprecated eslint@8.57.1: This version is no longer supported. Please see https://eslint.org/version-support for other options.
1063 http fetch GET 200 https://registry.npmjs.org/@next/swc-win32-x64-msvc/-/swc-win32-x64-msvc-14.2.33.tgz 137889ms (cache miss)
1064 http fetch GET 200 https://registry.npmjs.org/next/-/next-14.2.35.tgz 435791ms (cache miss)
1065 silly CHANGE node_modules/@typescript-eslint/visitor-keys
1066 silly ADD node_modules/@typescript-eslint/visitor-keys/node_modules/eslint-visitor-keys
1067 silly CHANGE node_modules/@ungap/structured-clone
1068 silly CHANGE node_modules/@typescript-eslint/utils
1069 silly CHANGE node_modules/@typescript-eslint/typescript-estree
1070 silly ADD node_modules/@typescript-eslint/typescript-estree/node_modules/balanced-match
1071 silly ADD node_modules/@typescript-eslint/typescript-estree/node_modules/brace-expansion
1072 silly ADD node_modules/@typescript-eslint/typescript-estree/node_modules/minimatch
1073 silly CHANGE node_modules/@typescript-eslint/typescript-estree/node_modules/semver
1074 silly CHANGE node_modules/@typescript-eslint/types
1075 silly CHANGE node_modules/@typescript-eslint/type-utils
1076 silly CHANGE node_modules/@typescript-eslint/tsconfig-utils
1077 silly CHANGE node_modules/@typescript-eslint/scope-manager
1078 silly CHANGE node_modules/@typescript-eslint/project-service
1079 silly CHANGE node_modules/@typescript-eslint/eslint-plugin
1080 silly ADD node_modules/@typescript-eslint/eslint-plugin/node_modules/ignore
1081 silly CHANGE node_modules/@typescript-eslint/parser
1082 silly CHANGE node_modules/@types/react-dom
1083 silly CHANGE node_modules/@types/react
1084 silly CHANGE node_modules/@types/prop-types
1085 silly CHANGE node_modules/@swc/helpers
1086 silly CHANGE node_modules/@rushstack/eslint-patch
1087 silly CHANGE node_modules/@pkgjs/parseargs
1088 silly CHANGE node_modules/@next/swc-win32-x64-msvc
1089 silly CHANGE node_modules/@next/eslint-plugin-next
1090 silly CHANGE node_modules/@next/env
1091 silly CHANGE node_modules/@isaacs/cliui
1092 silly CHANGE node_modules/@isaacs/cliui/node_modules/strip-ansi
1093 silly CHANGE node_modules/@isaacs/cliui/node_modules/ansi-regex
1094 silly CHANGE node_modules/@humanwhocodes/object-schema
1095 silly CHANGE node_modules/@humanwhocodes/config-array
1096 silly CHANGE node_modules/@eslint/js
1097 silly CHANGE node_modules/@eslint/eslintrc
1098 silly CHANGE node_modules/wrappy
1099 silly CHANGE node_modules/wrap-ansi-cjs
1100 silly CHANGE node_modules/wrap-ansi-cjs/node_modules/string-width
1101 silly CHANGE node_modules/wrap-ansi-cjs/node_modules/emoji-regex
1102 silly CHANGE node_modules/wrap-ansi
1103 silly CHANGE node_modules/wrap-ansi/node_modules/strip-ansi
1104 silly CHANGE node_modules/wrap-ansi/node_modules/ansi-styles
1105 silly CHANGE node_modules/wrap-ansi/node_modules/ansi-regex
1106 silly CHANGE node_modules/type-fest
1107 silly CHANGE node_modules/text-table
1108 silly CHANGE node_modules/styled-jsx
1109 silly CHANGE node_modules/strip-ansi-cjs
1110 silly CHANGE node_modules/strip-ansi
1111 silly CHANGE node_modules/string-width-cjs
1112 silly CHANGE node_modules/string-width-cjs/node_modules/emoji-regex
1113 silly CHANGE node_modules/string-width
1114 silly CHANGE node_modules/string-width/node_modules/strip-ansi
1115 silly CHANGE node_modules/string-width/node_modules/ansi-regex
1116 silly CHANGE node_modules/signal-exit
1117 silly CHANGE node_modules/scheduler
1118 silly CHANGE node_modules/rimraf
1119 silly CHANGE node_modules/rimraf/node_modules/glob
1120 silly CHANGE node_modules/react-dom
1121 silly CHANGE node_modules/react
1122 silly CHANGE node_modules/path-scurry
1123 silly CHANGE node_modules/path-is-absolute
1124 silly CHANGE node_modules/once
1125 silly CHANGE node_modules/minipass
1126 silly CHANGE node_modules/lru-cache
1127 silly CHANGE node_modules/js-yaml
1128 silly CHANGE node_modules/jackspeak
1129 silly CHANGE node_modules/is-path-inside
1130 silly CHANGE node_modules/is-fullwidth-code-point
1131 silly CHANGE node_modules/inherits
1132 silly CHANGE node_modules/inflight
1133 silly CHANGE node_modules/graphemer
1134 silly CHANGE node_modules/globals
1135 silly CHANGE node_modules/glob
1136 silly CHANGE node_modules/glob/node_modules/minimatch
1137 silly CHANGE node_modules/glob/node_modules/brace-expansion
1138 silly CHANGE node_modules/fs.realpath
1139 silly CHANGE node_modules/foreground-child
1140 silly CHANGE node_modules/flat-cache
1141 silly CHANGE node_modules/file-entry-cache
1142 silly CHANGE node_modules/espree
1143 silly CHANGE node_modules/eslint-visitor-keys
1144 silly CHANGE node_modules/eslint-scope
1145 silly CHANGE node_modules/eslint-plugin-react-hooks
1146 silly CHANGE node_modules/eslint-config-next
1147 silly CHANGE node_modules/eslint
1148 silly CHANGE node_modules/eslint/node_modules/doctrine
1149 silly CHANGE node_modules/eastasianwidth
1150 silly CHANGE node_modules/ansi-regex
1151 silly CHANGE node_modules/acorn
1152 silly CHANGE node_modules/@unrs/resolver-binding-win32-ia32-msvc
1153 silly CHANGE node_modules/@unrs/resolver-binding-win32-arm64-msvc
1154 silly CHANGE node_modules/@unrs/resolver-binding-wasm32-wasi
1155 silly CHANGE node_modules/@unrs/resolver-binding-openharmony-arm64
1156 silly CHANGE node_modules/@unrs/resolver-binding-linux-x64-musl
1157 silly CHANGE node_modules/@unrs/resolver-binding-linux-x64-gnu
1158 silly CHANGE node_modules/@unrs/resolver-binding-linux-s390x-gnu
1159 silly CHANGE node_modules/@unrs/resolver-binding-linux-riscv64-musl
1160 silly CHANGE node_modules/@unrs/resolver-binding-linux-riscv64-gnu
1161 silly CHANGE node_modules/@unrs/resolver-binding-linux-ppc64-gnu
1162 silly CHANGE node_modules/@unrs/resolver-binding-linux-loong64-musl
1163 silly CHANGE node_modules/@unrs/resolver-binding-linux-loong64-gnu
1164 silly CHANGE node_modules/@unrs/resolver-binding-linux-arm64-musl
1165 silly CHANGE node_modules/@unrs/resolver-binding-linux-arm64-gnu
1166 silly CHANGE node_modules/@unrs/resolver-binding-linux-arm-musleabihf
1167 silly CHANGE node_modules/@unrs/resolver-binding-linux-arm-gnueabihf
1168 silly CHANGE node_modules/@unrs/resolver-binding-freebsd-x64
1169 silly CHANGE node_modules/@unrs/resolver-binding-darwin-x64
1170 silly CHANGE node_modules/@unrs/resolver-binding-darwin-arm64
1171 silly CHANGE node_modules/@unrs/resolver-binding-android-arm64
1172 silly CHANGE node_modules/@unrs/resolver-binding-android-arm-eabi
1173 silly CHANGE node_modules/@tailwindcss/oxide-win32-arm64-msvc
1174 silly CHANGE node_modules/@tailwindcss/oxide-wasm32-wasi
1175 silly CHANGE node_modules/@tailwindcss/oxide-linux-x64-musl
1176 silly CHANGE node_modules/@tailwindcss/oxide-linux-x64-gnu
1177 silly CHANGE node_modules/@tailwindcss/oxide-linux-arm64-musl
1178 silly CHANGE node_modules/@tailwindcss/oxide-linux-arm64-gnu
1179 silly CHANGE node_modules/@tailwindcss/oxide-linux-arm-gnueabihf
1180 silly CHANGE node_modules/@tailwindcss/oxide-freebsd-x64
1181 silly CHANGE node_modules/@tailwindcss/oxide-darwin-x64
1182 silly CHANGE node_modules/@tailwindcss/oxide-darwin-arm64
1183 silly CHANGE node_modules/@tailwindcss/oxide-android-arm64
1184 silly CHANGE node_modules/@next/swc-win32-ia32-msvc
1185 silly CHANGE node_modules/@next/swc-win32-arm64-msvc
1186 silly CHANGE node_modules/@next/swc-linux-x64-musl
1187 silly CHANGE node_modules/@next/swc-linux-x64-gnu
1188 silly CHANGE node_modules/@next/swc-linux-arm64-musl
1189 silly CHANGE node_modules/@next/swc-linux-arm64-gnu
1190 silly CHANGE node_modules/@next/swc-darwin-x64
1191 silly CHANGE node_modules/@next/swc-darwin-arm64
1192 silly CHANGE node_modules/@esbuild/win32-ia32
1193 silly CHANGE node_modules/@esbuild/win32-arm64
1194 silly CHANGE node_modules/@esbuild/sunos-x64
1195 silly CHANGE node_modules/@esbuild/openharmony-arm64
1196 silly CHANGE node_modules/@esbuild/openbsd-arm64
1197 silly CHANGE node_modules/@esbuild/openbsd-x64
1198 silly CHANGE node_modules/@esbuild/netbsd-x64
1199 silly CHANGE node_modules/@esbuild/netbsd-arm64
1200 silly CHANGE node_modules/@esbuild/linux-s390x
1201 silly CHANGE node_modules/@esbuild/linux-x64
1202 silly CHANGE node_modules/@esbuild/linux-riscv64
1203 silly CHANGE node_modules/@esbuild/linux-ppc64
1204 silly CHANGE node_modules/@esbuild/linux-mips64el
1205 silly CHANGE node_modules/@esbuild/linux-loong64
1206 silly CHANGE node_modules/@esbuild/linux-ia32
1207 silly CHANGE node_modules/@esbuild/linux-arm64
1208 silly CHANGE node_modules/@esbuild/linux-arm
1209 silly CHANGE node_modules/@esbuild/freebsd-x64
1210 silly CHANGE node_modules/@esbuild/freebsd-arm64
1211 silly CHANGE node_modules/@esbuild/darwin-x64
1212 silly CHANGE node_modules/@esbuild/darwin-arm64
1213 silly CHANGE node_modules/@esbuild/android-x64
1214 silly CHANGE node_modules/@esbuild/android-arm64
1215 silly CHANGE node_modules/@esbuild/android-arm
1216 silly CHANGE node_modules/@esbuild/aix-ppc64
1217 silly CHANGE node_modules/next
1218 silly ADD node_modules/next/node_modules/postcss
1219 silly CHANGE node_modules/lightningcss-win32-arm64-msvc
1220 silly CHANGE node_modules/lightningcss-linux-x64-musl
1221 silly CHANGE node_modules/lightningcss-linux-x64-gnu
1222 silly CHANGE node_modules/lightningcss-linux-arm64-musl
1223 silly CHANGE node_modules/lightningcss-linux-arm64-gnu
1224 silly CHANGE node_modules/lightningcss-linux-arm-gnueabihf
1225 silly CHANGE node_modules/lightningcss-freebsd-x64
1226 silly CHANGE node_modules/lightningcss-darwin-x64
1227 silly CHANGE node_modules/lightningcss-darwin-arm64
1228 silly CHANGE node_modules/lightningcss-android-arm64
1229 silly CHANGE node_modules/fsevents
1230 verbose cwd C:\Users\Hp 1030 X360\Documents\Mercy-fx\mercy-dev-studio
1231 verbose os Windows_NT 10.0.22621
1232 verbose node v22.19.0
1233 verbose npm  v10.9.3
1234 verbose exit 0
1235 info ok
